{
"type": "FeatureCollection",
"name": "varanasi_district",
"crs": { "type": "name", "properties": { "name": "urn:ogc:def:crs:OGC:1.3:CRS84" } },
"features": [
{ "type": "Feature", "properties": { "district": "Varanasi" }, "geometry": { "type": "Polygon", "coordinates": [ [ [ 82.681649374315157, 25.257921361954715 ], [ 82.681411041126026, 25.257700348139377 ], [ 82.681376059611196, 25.257199317604417 ], [ 82.681614019869969, 25.256612464711711 ], [ 82.681723125419836, 25.256287446135598 ], [ 82.68164845258103, 25.255971531873573 ], [ 82.681236423548143, 25.255718926067402 ], [ 82.680645620508557, 25.255466414471343 ], [ 82.67995560730094, 25.255218374122538 ], [ 82.679503785037113, 25.254839452214515 ], [ 82.679161158048984, 25.254428827414248 ], [ 82.678540391082421, 25.253580466780001 ], [ 82.678366372456182, 25.252984721781168 ], [ 82.678278222276305, 25.252618978134446 ], [ 82.678192317306099, 25.252262410603695 ], [ 82.678122602068683, 25.251662361347773 ], [ 82.678087503334481, 25.250845388980494 ], [ 82.677635855120812, 25.249933935769015 ], [ 82.677358119135818, 25.24971177904191 ], [ 82.676846067168796, 25.249302193098096 ], [ 82.675704444075052, 25.249113034229921 ], [ 82.675218049327114, 25.248923598603376 ], [ 82.674597449398249, 25.248391171847928 ], [ 82.673907378712073, 25.247885897659287 ], [ 82.673008838136425, 25.247416806596391 ], [ 82.67194050610469, 25.247018146645594 ], [ 82.671276526313449, 25.246690608396875 ], [ 82.670894446685438, 25.24684420242086 ], [ 82.670452594080501, 25.247407197563266 ], [ 82.670274489479169, 25.248166925208576 ], [ 82.670240090556263, 25.248988412643772 ], [ 82.670135941665052, 25.249236650180496 ], [ 82.669585287296798, 25.249805588172023 ], [ 82.669270313445622, 25.250299659077843 ], [ 82.669064396239563, 25.250622664416689 ], [ 82.668786738865265, 25.251191496057448 ], [ 82.668340237942132, 25.251629474776497 ], [ 82.66795810757985, 25.251945560224673 ], [ 82.667094738596703, 25.252451292139352 ], [ 82.666712710246856, 25.252889259440767 ], [ 82.666648375391489, 25.253426335253756 ], [ 82.667060581635582, 25.254180014994471 ], [ 82.667340755315351, 25.254716729532966 ], [ 82.66831675516481, 25.254825193991934 ], [ 82.669123947238802, 25.254956011002388 ], [ 82.669529554064269, 25.255147232283893 ], [ 82.66985053908661, 25.255298557513697 ], [ 82.670376654677312, 25.255546693232905 ], [ 82.669634114828838, 25.255809082913565 ], [ 82.669915251593665, 25.256106525309093 ], [ 82.670446346328589, 25.256379294369729 ], [ 82.670942814870486, 25.256634263572618 ], [ 82.671852050274993, 25.257248128172055 ], [ 82.672127729283616, 25.257434249185323 ], [ 82.672526641677052, 25.257965286972116 ], [ 82.672641069128275, 25.258461812625786 ], [ 82.672664964451315, 25.258755993367313 ], [ 82.672690928716889, 25.259075631986018 ], [ 82.672779744039332, 25.259705989285784 ], [ 82.672869854613637, 25.260458793254912 ], [ 82.673045447515761, 25.260847969897767 ], [ 82.673153345907565, 25.261097551406841 ], [ 82.672974750950146, 25.261368432116495 ], [ 82.672806291953862, 25.262149329674763 ], [ 82.672677610032594, 25.262749216731059 ], [ 82.672426214366681, 25.262880772816903 ], [ 82.670668793373792, 25.263797102178181 ], [ 82.670382490556747, 25.264015984130904 ], [ 82.670528854273044, 25.264424903046454 ], [ 82.670712733810532, 25.265110977485847 ], [ 82.670822085452514, 25.265485519835195 ], [ 82.67109050550873, 25.266297912039843 ], [ 82.671229645689323, 25.266658960199273 ], [ 82.671637112169819, 25.267832399596415 ], [ 82.672034664282236, 25.269005823285241 ], [ 82.672138917605125, 25.269445255859516 ], [ 82.672313061536428, 25.270179279963394 ], [ 82.672411652412961, 25.270615028985638 ], [ 82.672599040628299, 25.271492623092019 ], [ 82.672621511550503, 25.271948475507696 ], [ 82.672641921204459, 25.27243236905591 ], [ 82.672795924838837, 25.273523715122629 ], [ 82.673004706684239, 25.274421823487764 ], [ 82.673138993309067, 25.274918278346888 ], [ 82.673452247660222, 25.276218072428225 ], [ 82.673660563676719, 25.277012959487951 ], [ 82.673795261653837, 25.277526927324608 ], [ 82.673866603953925, 25.277872535110355 ], [ 82.674073825396079, 25.278876386399723 ], [ 82.674110046906421, 25.279634986898611 ], [ 82.675841605880052, 25.279369937914375 ], [ 82.676322813478549, 25.279299865746744 ], [ 82.67744189732089, 25.279176020425695 ], [ 82.678695672874198, 25.279037268977916 ], [ 82.679788727600084, 25.27887010738328 ], [ 82.680509114038756, 25.278759937876291 ], [ 82.680944310708981, 25.278693382250911 ], [ 82.682193304370386, 25.278369438420082 ], [ 82.682702028443487, 25.278237493576498 ], [ 82.683297008469324, 25.278083176540367 ], [ 82.684279842545521, 25.277861595957912 ], [ 82.685490914906069, 25.27754960880759 ], [ 82.686151406761624, 25.277392162241398 ], [ 82.686867504670971, 25.277301361864591 ], [ 82.688131168989742, 25.277966879125678 ], [ 82.688489720581401, 25.278351804795747 ], [ 82.688420580529723, 25.279046939272479 ], [ 82.688178388211981, 25.280879475029135 ], [ 82.689007340228272, 25.280847614118908 ], [ 82.689653713366852, 25.281062295199707 ], [ 82.690418562906686, 25.281316326527957 ], [ 82.690463541600977, 25.283762776990248 ], [ 82.690465693863715, 25.287909730538171 ], [ 82.690222871023025, 25.288660110029824 ], [ 82.689936531380283, 25.28901645427521 ], [ 82.689399303460362, 25.289685020530065 ], [ 82.688600552086001, 25.290696419570253 ], [ 82.6880798300474, 25.291928902493108 ], [ 82.688219086896396, 25.292402791163578 ], [ 82.689124358618898, 25.295498717184625 ], [ 82.690019990383405, 25.299136282354141 ], [ 82.690430245799305, 25.300249546500041 ], [ 82.691020304632346, 25.301777572138693 ], [ 82.691235680876588, 25.302335298078027 ], [ 82.691434196766465, 25.302849357773955 ], [ 82.691586208089404, 25.303242913303151 ], [ 82.691873654207726, 25.304007924536034 ], [ 82.69221166266459, 25.304907498635711 ], [ 82.692689632127056, 25.306179542412085 ], [ 82.693217164068656, 25.307331544411003 ], [ 82.69332210711319, 25.308468925877914 ], [ 82.693501639454482, 25.309858993135535 ], [ 82.693834697251347, 25.310459121933846 ], [ 82.693967022755956, 25.310935547619188 ], [ 82.69464928860765, 25.310932674237712 ], [ 82.695100993547257, 25.310697805888225 ], [ 82.695378757990653, 25.310205626674854 ], [ 82.695720937524342, 25.309781407833757 ], [ 82.696456071599528, 25.309713160371121 ], [ 82.697133741839863, 25.309826811115283 ], [ 82.69765289445769, 25.310078125052776 ], [ 82.698189330710136, 25.310380304654789 ], [ 82.698641415819708, 25.310677969388578 ], [ 82.699174632474822, 25.311117227588149 ], [ 82.699627458853556, 25.311519858747381 ], [ 82.700056103604197, 25.312131176753176 ], [ 82.700704014696171, 25.313133295381363 ], [ 82.701415275384917, 25.315555696298567 ], [ 82.701554650428918, 25.316074768296374 ], [ 82.701579324594917, 25.316385968380327 ], [ 82.701604746786046, 25.316706599349317 ], [ 82.701709436283352, 25.317338493015246 ], [ 82.702105442522267, 25.317997016469167 ], [ 82.702385478171138, 25.31839879289674 ], [ 82.702402562975834, 25.318883573852947 ], [ 82.702455783692827, 25.319603876215712 ], [ 82.702704499124991, 25.320389104992561 ], [ 82.703145083260083, 25.321345811151055 ], [ 82.703916342276997, 25.323030589094692 ], [ 82.703198003086982, 25.323485241472248 ], [ 82.702532813751645, 25.323675103979117 ], [ 82.701942161143066, 25.324104168572589 ], [ 82.701545155505968, 25.324614452608447 ], [ 82.701348286639757, 25.325186318621842 ], [ 82.701148621597909, 25.325752089148931 ], [ 82.700898429044088, 25.326394766994198 ], [ 82.700816721327001, 25.327025118037479 ], [ 82.700765248247279, 25.32785197004516 ], [ 82.700698707355798, 25.328920857236959 ], [ 82.700018344991122, 25.329079174594053 ], [ 82.699447348103348, 25.329255465465373 ], [ 82.698161320284768, 25.329680419442241 ], [ 82.697555596296525, 25.329915397952004 ], [ 82.696915011521767, 25.330015011911506 ], [ 82.696165174959546, 25.330232053215809 ], [ 82.695445096874138, 25.330169184328248 ], [ 82.694714955563981, 25.33013346094096 ], [ 82.691973781536831, 25.330486815668841 ], [ 82.691055009419429, 25.330613607281304 ], [ 82.689961969508161, 25.330670690767516 ], [ 82.689174824235309, 25.330706404788923 ], [ 82.688591813685662, 25.330713985571677 ], [ 82.688110644485917, 25.331072496344536 ], [ 82.687526133663013, 25.331577310118327 ], [ 82.687293931716127, 25.332447123071365 ], [ 82.68710459708349, 25.333156366124555 ], [ 82.687023823630781, 25.333458935565467 ], [ 82.686557953507887, 25.33535930497165 ], [ 82.685860218639263, 25.335863769861316 ], [ 82.685705896798808, 25.336489106721807 ], [ 82.685704451308993, 25.336889789088488 ], [ 82.68572502049166, 25.338203246428943 ], [ 82.685796909324651, 25.338686082049087 ], [ 82.685934211342968, 25.339372129797709 ], [ 82.685969335021227, 25.340085315896932 ], [ 82.685900100007018, 25.340744342775512 ], [ 82.685810984178218, 25.341349124805834 ], [ 82.685844192109727, 25.341672847789486 ], [ 82.685880899617985, 25.342030686076807 ], [ 82.685906234155979, 25.342406369937503 ], [ 82.686051049240902, 25.344553727870537 ], [ 82.686051366795766, 25.345166476638997 ], [ 82.68605155324849, 25.345523560661626 ], [ 82.686051820446494, 25.346038651862354 ], [ 82.685883214914327, 25.346620967400654 ], [ 82.685103481786243, 25.346697994115317 ], [ 82.684604593224904, 25.346687640506605 ], [ 82.683721117631308, 25.34720091011479 ], [ 82.683613046483771, 25.348146665202993 ], [ 82.683435398823349, 25.348440942034529 ], [ 82.683216864548982, 25.348662251060038 ], [ 82.682834594459848, 25.348901581189359 ], [ 82.682635936266863, 25.349106989203761 ], [ 82.682521867774994, 25.349380154910982 ], [ 82.682522020172996, 25.349687061929878 ], [ 82.682586854829538, 25.350300866666895 ], [ 82.682646749363229, 25.350829972542314 ], [ 82.682583897377327, 25.351376181123886 ], [ 82.682413683275129, 25.351691124260725 ], [ 82.682279742737933, 25.352007119559914 ], [ 82.682327100118329, 25.352316293228562 ], [ 82.682548254260269, 25.352607298605278 ], [ 82.682872329894877, 25.352834834855997 ], [ 82.683199161882982, 25.353076466736137 ], [ 82.683412947693, 25.35334719652359 ], [ 82.683504948999655, 25.353715019310897 ], [ 82.683425724323314, 25.354128059088236 ], [ 82.683204805243378, 25.354344804001226 ], [ 82.682914255530974, 25.354581856426826 ], [ 82.682782741599425, 25.354832450808129 ], [ 82.682787898476846, 25.35511229776251 ], [ 82.682873553573558, 25.355551867215254 ], [ 82.683101278736956, 25.356030663421031 ], [ 82.683227903514336, 25.356535209962495 ], [ 82.683504025913535, 25.356894853531472 ], [ 82.683802097761202, 25.35696694441787 ], [ 82.684090176523384, 25.35693075053452 ], [ 82.684413073883206, 25.356847095374619 ], [ 82.684737140924938, 25.356976650652822 ], [ 82.685036038770676, 25.357181580809183 ], [ 82.685380827281918, 25.357104542428537 ], [ 82.685895964660943, 25.356981853403202 ], [ 82.686216364249674, 25.357232250461404 ], [ 82.68645493281997, 25.357417149361421 ], [ 82.686760499120624, 25.35745996894093 ], [ 82.687055953896234, 25.357331171424882 ], [ 82.687353915863198, 25.357046714629636 ], [ 82.68762692621506, 25.356780269152985 ], [ 82.688019339909857, 25.356780130048257 ], [ 82.688466550012592, 25.356996569240234 ], [ 82.688764683191607, 25.357100220190162 ], [ 82.689092551491285, 25.357082105848995 ], [ 82.689455108810591, 25.357077372913583 ], [ 82.68986253064611, 25.35726227316189 ], [ 82.690149010930028, 25.357308753216689 ], [ 82.690478459910807, 25.357198809227633 ], [ 82.690821164265571, 25.357040694913934 ], [ 82.691143956471635, 25.356920897461261 ], [ 82.691530239818931, 25.356958548068398 ], [ 82.691818207107005, 25.35721208069717 ], [ 82.69194898909717, 25.35751406488319 ], [ 82.692113139225441, 25.357852554152906 ], [ 82.69244575988192, 25.358154560587241 ], [ 82.692893177727257, 25.358181628804452 ], [ 82.6932299468982, 25.358218905368034 ], [ 82.693454727647023, 25.358411584243171 ], [ 82.693581577258499, 25.358804200080129 ], [ 82.693693786668376, 25.359542174228331 ], [ 82.693776700404115, 25.361234679177148 ], [ 82.693828121093219, 25.361817326629584 ], [ 82.693903966156768, 25.362311111308095 ], [ 82.694008517633378, 25.362604419908209 ], [ 82.694202345494418, 25.362798397388847 ], [ 82.694490512680488, 25.362920153479987 ], [ 82.694823357937963, 25.362919998897933 ], [ 82.695310141113964, 25.362836278790517 ], [ 82.695637990707098, 25.362928652747346 ], [ 82.695841870229586, 25.363127067145935 ], [ 82.696063240390117, 25.363621250348771 ], [ 82.696390135553614, 25.363900588129294 ], [ 82.696734110120289, 25.364174932524715 ], [ 82.697029793464665, 25.364247403269758 ], [ 82.697334400810433, 25.364111877043918 ], [ 82.697774866783234, 25.364188339476971 ], [ 82.698135121614243, 25.364231835804226 ], [ 82.698647278334136, 25.364316595066235 ], [ 82.698882991815978, 25.364673794365316 ], [ 82.699201211420672, 25.365085846541724 ], [ 82.699525168010709, 25.365248451222509 ], [ 82.699900188759159, 25.365374341783298 ], [ 82.700221562901646, 25.365582499173136 ], [ 82.700606242436081, 25.36579561960658 ], [ 82.700930465377454, 25.365900381617159 ], [ 82.701511787631574, 25.366003940846408 ], [ 82.701635322092713, 25.36492061114005 ], [ 82.701759198135818, 25.364415008601913 ], [ 82.701915385060701, 25.364071022036914 ], [ 82.702409017513219, 25.362983838467404 ], [ 82.703024481767528, 25.362085337617771 ], [ 82.702994114876361, 25.361299998803183 ], [ 82.702885018925215, 25.360856938798722 ], [ 82.703147289461512, 25.360009027026837 ], [ 82.703608959645734, 25.359557457708259 ], [ 82.703982168555854, 25.359441435373316 ], [ 82.704427560704829, 25.359444527661747 ], [ 82.705725176756815, 25.359276455894634 ], [ 82.706254354914279, 25.359276113569297 ], [ 82.706231978650067, 25.35975461961841 ], [ 82.706314597672858, 25.360106567894849 ], [ 82.706600641475021, 25.361325074864414 ], [ 82.706745922648523, 25.361696448388365 ], [ 82.707218944128215, 25.3629057718972 ], [ 82.707325116877811, 25.363177211379458 ], [ 82.707426762313375, 25.363437012349511 ], [ 82.707375485332904, 25.36423060120044 ], [ 82.707089754976593, 25.364714536455523 ], [ 82.706672874784132, 25.365233820434497 ], [ 82.706538680454614, 25.365934557223259 ], [ 82.706321899400237, 25.366706642948301 ], [ 82.706162522327617, 25.367274273268809 ], [ 82.705408167940462, 25.368466190500303 ], [ 82.705175039614616, 25.368926753136044 ], [ 82.705147981900126, 25.369399512938216 ], [ 82.705130866127007, 25.369698568379921 ], [ 82.705190284523837, 25.370038598845639 ], [ 82.705270452802679, 25.370497371679118 ], [ 82.70532144204401, 25.370800780340797 ], [ 82.705494957350098, 25.371833285719543 ], [ 82.706021598560071, 25.371990991572591 ], [ 82.706344709532928, 25.372311212166615 ], [ 82.707370998953934, 25.372722996519169 ], [ 82.707964853580478, 25.373095668640804 ], [ 82.707518136261243, 25.373574433242403 ], [ 82.707706175848799, 25.374220111509217 ], [ 82.707891633782523, 25.374892091540236 ], [ 82.708458034259365, 25.374964043653847 ], [ 82.708954698463401, 25.375685835382079 ], [ 82.708993892176025, 25.37664335140477 ], [ 82.708985999523307, 25.376904516407485 ], [ 82.709140590437698, 25.377644688302084 ], [ 82.709164856503449, 25.37831068703348 ], [ 82.709022080081013, 25.378800190671015 ], [ 82.709241247239049, 25.37951778538477 ], [ 82.709347355407942, 25.379834425699677 ], [ 82.709480181279631, 25.380230797001481 ], [ 82.709416117038344, 25.380885220596706 ], [ 82.709371751398479, 25.3815081851366 ], [ 82.709342394051191, 25.382040767074045 ], [ 82.709361855960069, 25.382398475628147 ], [ 82.709688956052787, 25.3827341723869 ], [ 82.710134360459563, 25.382805816452152 ], [ 82.710470898727905, 25.383064633895607 ], [ 82.710618026816178, 25.383352190871044 ], [ 82.709262221635484, 25.38340838682106 ], [ 82.709740000172062, 25.384579922424834 ], [ 82.709781636285385, 25.384924668659576 ], [ 82.710000754585352, 25.385380612799398 ], [ 82.710348585560169, 25.38571573286081 ], [ 82.710393596641936, 25.386169642389039 ], [ 82.710463412977901, 25.386513004596257 ], [ 82.710494670472713, 25.386776150772942 ], [ 82.710344582867009, 25.387045721302322 ], [ 82.710208234480831, 25.387488118630575 ], [ 82.710044513850519, 25.387858318948378 ], [ 82.710068777525578, 25.388222423773236 ], [ 82.709919787215966, 25.388780189278169 ], [ 82.709530887394337, 25.388702674839902 ], [ 82.708894728144983, 25.388585635112747 ], [ 82.707428644474405, 25.388090038197898 ], [ 82.706887000554545, 25.387959405679265 ], [ 82.705903030578256, 25.38773429809514 ], [ 82.705401193076668, 25.387680458920688 ], [ 82.705078240615563, 25.38775734158596 ], [ 82.704690825070784, 25.387920303521529 ], [ 82.704154267109615, 25.388145998942761 ], [ 82.703162878923919, 25.388780904708582 ], [ 82.702475542241359, 25.389221076783024 ], [ 82.70189943727506, 25.389609546399804 ], [ 82.701218043569895, 25.390109400345608 ], [ 82.699477815197113, 25.391386681995225 ], [ 82.698387661947891, 25.39228273117266 ], [ 82.697474304593186, 25.393010525183946 ], [ 82.696631282559224, 25.39345492469711 ], [ 82.696252236568185, 25.3935437767514 ], [ 82.695755352620424, 25.393557570059215 ], [ 82.695019881046974, 25.393449580428054 ], [ 82.69438882911237, 25.393386628450124 ], [ 82.693914996892261, 25.393481372398693 ], [ 82.693466244606242, 25.393821863792621 ], [ 82.693852547971588, 25.394036909304873 ], [ 82.694528594716971, 25.394447301625377 ], [ 82.695045589868442, 25.394839665064687 ], [ 82.695294142793713, 25.395087842097329 ], [ 82.695516610924827, 25.395620022813553 ], [ 82.695418956885035, 25.396008563462075 ], [ 82.695165671816767, 25.396252440629528 ], [ 82.694867615468041, 25.396406007633185 ], [ 82.694271413745909, 25.39663195482504 ], [ 82.69313381096535, 25.397097435606998 ], [ 82.692014904798157, 25.397466475241206 ], [ 82.691464560121801, 25.397702939540181 ], [ 82.691059662595578, 25.397906268447603 ], [ 82.690719448280518, 25.398231363470302 ], [ 82.69045638023303, 25.398719019433226 ], [ 82.690252871611634, 25.399152342216265 ], [ 82.690019619302419, 25.399833985019168 ], [ 82.689818585657477, 25.400201997870283 ], [ 82.68944859550308, 25.400506757245715 ], [ 82.688728358593892, 25.401057749949143 ], [ 82.68831104581453, 25.401391955524311 ], [ 82.687898791563242, 25.401730672003303 ], [ 82.68746677964829, 25.402272429660286 ], [ 82.68721861107818, 25.402814223552351 ], [ 82.687064696586447, 25.403071505859248 ], [ 82.686667414982708, 25.403631346321241 ], [ 82.686295000511237, 25.404164150300179 ], [ 82.686116232701551, 25.40443502512257 ], [ 82.685412471616303, 25.405319283564882 ], [ 82.685003842582191, 25.405884315468462 ], [ 82.684437694833818, 25.406651885024328 ], [ 82.6842117448506, 25.407024326915561 ], [ 82.684204431003522, 25.407378624151146 ], [ 82.684408281213905, 25.407613216793532 ], [ 82.684845643917399, 25.408077949862147 ], [ 82.685149169941539, 25.40844792468663 ], [ 82.68533326349592, 25.408836048735612 ], [ 82.685427844583913, 25.409237689744185 ], [ 82.685502706393365, 25.409747647381167 ], [ 82.685564334658608, 25.410402680145324 ], [ 82.685602673681345, 25.410903098165694 ], [ 82.68558298646667, 25.411336451171763 ], [ 82.685528830120234, 25.412329425264211 ], [ 82.685434581892281, 25.41266796716107 ], [ 82.685097061023455, 25.413575361122327 ], [ 82.684868713444772, 25.413986182812742 ], [ 82.684173474742551, 25.415047143148382 ], [ 82.683850611029442, 25.415557261872017 ], [ 82.683303471845633, 25.416410176449354 ], [ 82.682961729752989, 25.417051628882223 ], [ 82.682882416112889, 25.417348825082755 ], [ 82.683074729556651, 25.417642842986258 ], [ 82.683349729175944, 25.41778710990889 ], [ 82.68373246571646, 25.417917925187705 ], [ 82.684030837482666, 25.418143437791194 ], [ 82.684339088953138, 25.4184051450944 ], [ 82.684905987177828, 25.419002921159024 ], [ 82.685025446670949, 25.419420384726493 ], [ 82.685000804779222, 25.419704787592952 ], [ 82.684826921025902, 25.420016262467279 ], [ 82.684563728349403, 25.420264569634391 ], [ 82.684245727159578, 25.420494954441022 ], [ 82.683967530715677, 25.420743245801191 ], [ 82.683746500770326, 25.421061560507354 ], [ 82.683724281910699, 25.421418182920359 ], [ 82.683953145010477, 25.421835592223161 ], [ 82.684176896912561, 25.422065598560785 ], [ 82.684475189235954, 25.422282188011131 ], [ 82.685041984454273, 25.422710722296419 ], [ 82.685424783646013, 25.42294977740848 ], [ 82.685971723149606, 25.423233862068727 ], [ 82.686349569930456, 25.42353614777916 ], [ 82.686770184029271, 25.423943578665732 ], [ 82.687030772524125, 25.424203866924568 ], [ 82.687364129286138, 25.424659557752474 ], [ 82.68754323407245, 25.425083754019777 ], [ 82.687812071995722, 25.425981838945436 ], [ 82.687924894971346, 25.426345075060702 ], [ 82.68811577203688, 25.426888983237497 ], [ 82.688279984637433, 25.427238694645162 ], [ 82.688498746530769, 25.427493545861545 ], [ 82.688772264151879, 25.427755291300691 ], [ 82.689304326467095, 25.428183768811067 ], [ 82.689806564182916, 25.428562684702715 ], [ 82.690268898735198, 25.428846834496241 ], [ 82.690711464333589, 25.42906330108276 ], [ 82.691288455980143, 25.429275928545799 ], [ 82.691683345875802, 25.429412673217069 ], [ 82.692317125849144, 25.429437259314639 ], [ 82.692913514794995, 25.429405364010371 ], [ 82.693355826140618, 25.429373569564252 ], [ 82.69367650866829, 25.429364453335012 ], [ 82.694001967054561, 25.429355166981811 ], [ 82.694323660114478, 25.429375311949133 ], [ 82.694765814227438, 25.42947418073614 ], [ 82.695160303243171, 25.429693109216455 ], [ 82.695627797260741, 25.430144224560607 ], [ 82.695891369170923, 25.430428495518349 ], [ 82.696189818268479, 25.430708205419197 ], [ 82.6965129880479, 25.430924704444475 ], [ 82.697052399468788, 25.431113964563625 ], [ 82.697472390309741, 25.431163358741564 ], [ 82.69780541863112, 25.431140628019431 ], [ 82.698163195657386, 25.431032137061067 ], [ 82.698530878808285, 25.430869437963114 ], [ 82.699082490606372, 25.430598416473607 ], [ 82.699559477931658, 25.430336332536687 ], [ 82.700220394708325, 25.430038088358433 ], [ 82.700712320734198, 25.429897984597666 ], [ 82.701281435200428, 25.429836942550587 ], [ 82.701711486796896, 25.429929020395516 ], [ 82.701975026906482, 25.430091412584726 ], [ 82.702164005115662, 25.430298907665023 ], [ 82.702363099120973, 25.430619297410679 ], [ 82.702457689969208, 25.430989349198377 ], [ 82.702468089797719, 25.43163030052278 ], [ 82.702518137278162, 25.432144755809709 ], [ 82.704106031331094, 25.432004002171972 ], [ 82.704081403749655, 25.431561231558426 ], [ 82.703923725383916, 25.430656512312691 ], [ 82.703988163003075, 25.430329519311755 ], [ 82.704559822581885, 25.430392381552291 ], [ 82.704928282923959, 25.430616098657584 ], [ 82.705763100796659, 25.431122975172407 ], [ 82.707640060627071, 25.431605674524889 ], [ 82.708477468920819, 25.431821026834044 ], [ 82.711787682304944, 25.431602392074275 ], [ 82.713597322291079, 25.43215194576749 ], [ 82.715138184968126, 25.432119452632232 ], [ 82.71654511616984, 25.432515767202382 ], [ 82.717220747175745, 25.432515313645744 ], [ 82.717648629004216, 25.432515032884979 ], [ 82.719522030230436, 25.431936152214639 ], [ 82.720461155007015, 25.431668758201624 ], [ 82.720394152570165, 25.434670819503197 ], [ 82.720026698950022, 25.43524871234218 ], [ 82.7197247753178, 25.436891865050594 ], [ 82.719491507918704, 25.437320767501458 ], [ 82.718959992413474, 25.437754438113856 ], [ 82.718423421644147, 25.438088781825645 ], [ 82.718342664637319, 25.438641058781155 ], [ 82.718097055163895, 25.440320693081855 ], [ 82.717902740057099, 25.441649528841399 ], [ 82.715975114128469, 25.442157763164133 ], [ 82.715762229428123, 25.442723340758988 ], [ 82.713938807522524, 25.443476203344176 ], [ 82.713202784176076, 25.443020833645274 ], [ 82.711631837152211, 25.442931491033651 ], [ 82.711298600473398, 25.442984398689379 ], [ 82.710091084676549, 25.443176115472124 ], [ 82.709788179843272, 25.443722385178063 ], [ 82.709893422337203, 25.444909373936106 ], [ 82.709759807076054, 25.445703888856219 ], [ 82.709557138025986, 25.445966003990126 ], [ 82.709054552876268, 25.446615994825059 ], [ 82.708449210593159, 25.448072515774729 ], [ 82.708021343037657, 25.447884887220894 ], [ 82.707384257489423, 25.446770398793419 ], [ 82.70699629126517, 25.446396031031224 ], [ 82.705912664968693, 25.446527510398127 ], [ 82.704858968366338, 25.446957905564375 ], [ 82.704584112942456, 25.447104572626984 ], [ 82.703685812533166, 25.447451027793182 ], [ 82.703447773365284, 25.447612119626118 ], [ 82.703309007007462, 25.447938946848019 ], [ 82.70316989793784, 25.448368273407549 ], [ 82.702719574143529, 25.449480322017585 ], [ 82.702867628057831, 25.449927784872763 ], [ 82.703310102446608, 25.449904993518565 ], [ 82.703752406159964, 25.449778451163688 ], [ 82.704110144217353, 25.449502877945676 ], [ 82.704515343786738, 25.449525226320922 ], [ 82.704697135515261, 25.450129948296304 ], [ 82.705050967261798, 25.450379444577091 ], [ 82.706129418917925, 25.450869386521145 ], [ 82.706547413198876, 25.451446901548653 ], [ 82.706687235217217, 25.452453325804623 ], [ 82.706434314600301, 25.453360653065406 ], [ 82.70668845759235, 25.45416846383727 ], [ 82.706629030457478, 25.454570191279192 ], [ 82.706301194200776, 25.454999155646309 ], [ 82.706078028832863, 25.455707870922744 ], [ 82.706273185718473, 25.457671173125341 ], [ 82.706770972511933, 25.458555470830234 ], [ 82.70715878014181, 25.458704264561227 ], [ 82.707515439423432, 25.458691704441545 ], [ 82.707939349170474, 25.458676750302921 ], [ 82.708734963450766, 25.458969655630312 ], [ 82.708904484838556, 25.459624017725233 ], [ 82.709346960497214, 25.459623763496719 ], [ 82.710206983092107, 25.459447195116628 ], [ 82.711121871217756, 25.459649823725936 ], [ 82.711383265261418, 25.459988877474366 ], [ 82.712092240201187, 25.460908479411319 ], [ 82.712594390693255, 25.461133797619009 ], [ 82.713315269472716, 25.460803982636509 ], [ 82.714812910221326, 25.460068439102777 ], [ 82.715670915961169, 25.459647038172374 ], [ 82.717281274561387, 25.459014170936097 ], [ 82.718529044884249, 25.458887005532304 ], [ 82.719250245366425, 25.459215964502206 ], [ 82.721027615177121, 25.462464501045584 ], [ 82.722026498876474, 25.461832019260989 ], [ 82.722646401305113, 25.461801233272386 ], [ 82.723607305016955, 25.461582714406983 ], [ 82.724492066957367, 25.46140158537634 ], [ 82.724904419077177, 25.460972480068438 ], [ 82.725346362216726, 25.460290638377558 ], [ 82.725902914324351, 25.460014930245002 ], [ 82.728119926727416, 25.459584563710447 ], [ 82.72853933758465, 25.45975734232286 ], [ 82.728831417559192, 25.460188880640136 ], [ 82.729408456725693, 25.460603705283173 ], [ 82.729910794383585, 25.460654479501724 ], [ 82.730770686657863, 25.460602765131746 ], [ 82.732592646032018, 25.459762939696155 ], [ 82.733305292426209, 25.459535749852332 ], [ 82.734862570362182, 25.460861497444984 ], [ 82.73523292479679, 25.461446692659937 ], [ 82.738511305225998, 25.466626537370168 ], [ 82.738363608182425, 25.467105515390852 ], [ 82.737677669344507, 25.468582072916842 ], [ 82.737127973276799, 25.469697240131268 ], [ 82.736639353656173, 25.46999417389296 ], [ 82.736049701814935, 25.470352499422322 ], [ 82.734050729253312, 25.470786652907666 ], [ 82.731128295031297, 25.471421365024032 ], [ 82.730100896724906, 25.471943613213288 ], [ 82.729388849064577, 25.472433673584771 ], [ 82.729389276373837, 25.472866939732665 ], [ 82.72908602789316, 25.473007034302707 ], [ 82.728215937550232, 25.473061823629777 ], [ 82.726858656551187, 25.473591611795293 ], [ 82.72528392368973, 25.474242366528408 ], [ 82.724413503089622, 25.474603621991726 ], [ 82.722793420421894, 25.475696968651629 ], [ 82.722145379042885, 25.476286113439755 ], [ 82.72144964860729, 25.477194778230448 ], [ 82.721177600870746, 25.47729815883039 ], [ 82.720597254097797, 25.477621103941971 ], [ 82.719437516100797, 25.4781745264631 ], [ 82.718171366172101, 25.478511843835363 ], [ 82.716341836772727, 25.478892190421689 ], [ 82.713766514643524, 25.479462478640428 ], [ 82.712861854465928, 25.479955013251928 ], [ 82.712537903450567, 25.480162399577132 ], [ 82.711365899535764, 25.480912686435289 ], [ 82.710479259587373, 25.481786604437644 ], [ 82.710429538732868, 25.482068495216787 ], [ 82.709892270733931, 25.4833060427665 ], [ 82.70971710549621, 25.48385646570253 ], [ 82.71025080297251, 25.484851637962098 ], [ 82.711549396690728, 25.487154753648557 ], [ 82.712390706245216, 25.488381960931111 ], [ 82.713378503462209, 25.490987825886076 ], [ 82.713538530123699, 25.491421137825075 ], [ 82.713801085303658, 25.492538014453125 ], [ 82.71434390609798, 25.493657026203596 ], [ 82.714688156405984, 25.495024351876133 ], [ 82.714992189245663, 25.496030726361997 ], [ 82.715216451569617, 25.496653399993818 ], [ 82.715216744632784, 25.497009956542115 ], [ 82.715272979665556, 25.497426965242223 ], [ 82.715444244648964, 25.498696939595767 ], [ 82.715875370063785, 25.499825939458983 ], [ 82.715939573307864, 25.50033504730569 ], [ 82.715952451930946, 25.500760203948673 ], [ 82.716224329702356, 25.500932485607574 ], [ 82.717003652880734, 25.500789830634965 ], [ 82.717328402515122, 25.500958904976734 ], [ 82.717624514511456, 25.501292727999655 ], [ 82.718005140250909, 25.50136920091153 ], [ 82.719501084748785, 25.500827349878872 ], [ 82.720378461444895, 25.500621985890586 ], [ 82.720551392876772, 25.501290806593211 ], [ 82.720606617659698, 25.501931681893513 ], [ 82.720902755472693, 25.502685019403767 ], [ 82.721288835348176, 25.503086674896633 ], [ 82.721711766352286, 25.503266950413913 ], [ 82.722248869236623, 25.503244013668017 ], [ 82.722910358994326, 25.503166871599618 ], [ 82.725456297813508, 25.502754459689161 ], [ 82.725174415822124, 25.504551011655348 ], [ 82.725204828364852, 25.505268627126014 ], [ 82.725429228912489, 25.505936447337326 ], [ 82.725598912883058, 25.506735196525252 ], [ 82.725291232167336, 25.507480105088007 ], [ 82.724755016814171, 25.508586348602339 ], [ 82.724701603983277, 25.510129990398624 ], [ 82.724804376977275, 25.510952532120267 ], [ 82.724986930585501, 25.512413538194824 ], [ 82.725146691049403, 25.514666762422731 ], [ 82.72470662184449, 25.516227619473817 ], [ 82.724623803455756, 25.516680393439906 ], [ 82.724677389178837, 25.51694526615492 ], [ 82.72501596783269, 25.517382875411986 ], [ 82.725638172443027, 25.517919534336311 ], [ 82.725867266266107, 25.518253432509169 ], [ 82.726066824214413, 25.518934750900168 ], [ 82.726067007156217, 25.519219170223135 ], [ 82.725456582156767, 25.520008004234782 ], [ 82.72484948540513, 25.520583041693449 ], [ 82.724088829878013, 25.521070983617779 ], [ 82.723760271988823, 25.521352717614469 ], [ 82.723522646177571, 25.522068847367645 ], [ 82.723523066304679, 25.522578866989299 ], [ 82.723668309264653, 25.523815442370772 ], [ 82.723524769093544, 25.524686691321822 ], [ 82.723146402576901, 25.525245967219565 ], [ 82.721077208311641, 25.526398241178029 ], [ 82.720099228345532, 25.526909553891517 ], [ 82.716141104344473, 25.528861928107155 ], [ 82.715435149894091, 25.529431060774481 ], [ 82.715228775870202, 25.529982157021156 ], [ 82.715216746692079, 25.530764481210536 ], [ 82.715481464535358, 25.531448536577642 ], [ 82.716387416831722, 25.532246805286487 ], [ 82.717541775412371, 25.532861737252222 ], [ 82.717970014920041, 25.533089858718675 ], [ 82.720318455463556, 25.533630008587785 ], [ 82.720940776704282, 25.534193723617772 ], [ 82.721762915075203, 25.53586320619905 ], [ 82.721932599071465, 25.536503996520619 ], [ 82.722332404141213, 25.538764978633647 ], [ 82.722727504753763, 25.540029464247652 ], [ 82.723458341776308, 25.54074553808621 ], [ 82.724279854019713, 25.541512310486702 ], [ 82.724673102568616, 25.541769304605896 ], [ 82.72501167213187, 25.542026334980807 ], [ 82.725295306666183, 25.542080282052162 ], [ 82.726086313311257, 25.542129436674248 ], [ 82.727275704988628, 25.542539314804038 ], [ 82.727982570509667, 25.542976622437404 ], [ 82.728495224913956, 25.543256083040838 ], [ 82.730914193297878, 25.544432323784878 ], [ 82.732188056571431, 25.544688730938255 ], [ 82.733009051521833, 25.544791910476697 ], [ 82.733740659685836, 25.545152446508904 ], [ 82.734875482101472, 25.545715747616072 ], [ 82.73721513001415, 25.54707550914241 ], [ 82.737252764209885, 25.547386180279471 ], [ 82.737648512872042, 25.547616075117173 ], [ 82.738101243027231, 25.547617993473459 ], [ 82.738364846392159, 25.547513937170301 ], [ 82.739683048582734, 25.547201475861058 ], [ 82.741553537464583, 25.54704659336673 ], [ 82.743190081104501, 25.546661563772506 ], [ 82.743477156144195, 25.546544676475534 ], [ 82.744633095300955, 25.5460618713314 ], [ 82.744942390889662, 25.545901866289196 ], [ 82.746611401552116, 25.54503842912554 ], [ 82.747306565358457, 25.544863902571461 ], [ 82.748130511551025, 25.544657031321574 ], [ 82.748800339742914, 25.544028171977708 ], [ 82.750087333742613, 25.54354951509978 ], [ 82.751406445871908, 25.543045066336383 ], [ 82.752959083080782, 25.542640156795446 ], [ 82.753871203704307, 25.542423816781856 ], [ 82.754257790027111, 25.542415542963219 ], [ 82.754859764229792, 25.542406981697066 ], [ 82.755232941766522, 25.542402753043664 ], [ 82.75614336205561, 25.54238999955593 ], [ 82.75830741233608, 25.542513567293316 ], [ 82.759451717992675, 25.542478322932954 ], [ 82.760138547464749, 25.542203599263615 ], [ 82.760321313646742, 25.541964118606959 ], [ 82.760796055774918, 25.541342053711578 ], [ 82.761746383747351, 25.539106025130621 ], [ 82.761868032617826, 25.538819810061231 ], [ 82.762361640996033, 25.537624098585319 ], [ 82.762600782108677, 25.537263259373479 ], [ 82.763267956542435, 25.536677019788524 ], [ 82.763890510849706, 25.536276420156671 ], [ 82.764540406094184, 25.535900173053722 ], [ 82.76514124798291, 25.535543935504659 ], [ 82.76549787148582, 25.535275000705688 ], [ 82.766203348609238, 25.534863917841786 ], [ 82.766881492082305, 25.534567367809906 ], [ 82.7678172283305, 25.534049035853805 ], [ 82.768603702020499, 25.533422170980259 ], [ 82.76925108675502, 25.532659896231394 ], [ 82.770481353182717, 25.530950189677164 ], [ 82.770971236411029, 25.530371514355473 ], [ 82.771312780864207, 25.530142830389931 ], [ 82.771880206583504, 25.529746105282396 ], [ 82.772255791640958, 25.529759897339723 ], [ 82.772656045843817, 25.530154372265333 ], [ 82.773228144474814, 25.529927572714694 ], [ 82.773692379241382, 25.529661398114971 ], [ 82.77416555029788, 25.52961288383332 ], [ 82.774487019763953, 25.52956736060198 ], [ 82.775059177971372, 25.529463890977997 ], [ 82.775621377692232, 25.52938305629721 ], [ 82.776033146990997, 25.529305822283799 ], [ 82.776731540905658, 25.529207186101029 ], [ 82.777576488689576, 25.529167677405908 ], [ 82.778024200708899, 25.529154510321707 ], [ 82.778312724893112, 25.529154687350452 ], [ 82.779019061023618, 25.529276998082974 ], [ 82.779431829401332, 25.529457850689298 ], [ 82.779665417530467, 25.529670064889988 ], [ 82.779894135869199, 25.5298823705165 ], [ 82.780381199002974, 25.530487521715081 ], [ 82.780702280158977, 25.530931494956882 ], [ 82.780977406489512, 25.531368034082433 ], [ 82.781504088754573, 25.532153699640347 ], [ 82.781797360094757, 25.5324517144557 ], [ 82.782274620409154, 25.53284926943078 ], [ 82.78261767233397, 25.533079586071874 ], [ 82.78295091940052, 25.533260379728699 ], [ 82.783308790457326, 25.533639724633414 ], [ 82.783497616703741, 25.533933208376602 ], [ 82.783934985233799, 25.534520257740578 ], [ 82.784143686006331, 25.534800202476863 ], [ 82.784486493236557, 25.535402986135018 ], [ 82.784704929141199, 25.535987562629533 ], [ 82.784809101097053, 25.536466082926072 ], [ 82.784873289511125, 25.537107045017631 ], [ 82.78498200755665, 25.53805942739174 ], [ 82.785051088517548, 25.538817751275232 ], [ 82.785030214896707, 25.540113120353119 ], [ 82.785029840946066, 25.54065923531531 ], [ 82.785208693653118, 25.540984261880119 ], [ 82.785352806986225, 25.541223571502247 ], [ 82.785476724830858, 25.541769849784192 ], [ 82.785516271400809, 25.542099308491181 ], [ 82.78550257411753, 25.542616987147508 ], [ 82.785357714811809, 25.542955671048539 ], [ 82.785315818933896, 25.543298847969627 ], [ 82.785803814052386, 25.54343995111747 ], [ 82.786535255160373, 25.543435934323412 ], [ 82.78709239780045, 25.543413690923018 ], [ 82.787430622956649, 25.543594366673215 ], [ 82.788007904384017, 25.543382621435772 ], [ 82.788495453931418, 25.543342294915714 ], [ 82.788823783526652, 25.543342469943916 ], [ 82.789356084398477, 25.543446583524666 ], [ 82.789863520023701, 25.543406264597113 ], [ 82.790192113760227, 25.54315367722436 ], [ 82.790657177790834, 25.542850412537433 ], [ 82.791025843938968, 25.542562899272131 ], [ 82.791558194687298, 25.542509054697408 ], [ 82.79195377138366, 25.542373862567885 ], [ 82.79221647627817, 25.54259903279948 ], [ 82.792522946918481, 25.543035413012003 ], [ 82.793236563414979, 25.543606734693373 ], [ 82.79392271052285, 25.54415779760734 ], [ 82.794439721564785, 25.544735744415163 ], [ 82.794742842724062, 25.545354285930287 ], [ 82.794941303440652, 25.546193943200603 ], [ 82.794950759303333, 25.546997332343409 ], [ 82.794870766398802, 25.547561444951796 ], [ 82.794542069645615, 25.547981015774287 ], [ 82.793880149953964, 25.548409433635506 ], [ 82.793208202057457, 25.54880627260853 ], [ 82.793042432888626, 25.549169270286587 ], [ 82.792978791999474, 25.549614049575496 ], [ 82.792968438715988, 25.550110543645637 ], [ 82.793041831199062, 25.552015205380854 ], [ 82.793033944476292, 25.55252924125649 ], [ 82.79302859829275, 25.553145825575601 ], [ 82.793463955436792, 25.55305804457802 ], [ 82.794504581253761, 25.551961790030887 ], [ 82.794804439752411, 25.551729666729646 ], [ 82.795169567416011, 25.551605187413951 ], [ 82.79617284084901, 25.551608298313869 ], [ 82.796624463023718, 25.551443882098432 ], [ 82.796957864207798, 25.551313247851482 ], [ 82.797438772972868, 25.55123057834075 ], [ 82.79868930162516, 25.551332213655392 ], [ 82.799470419348424, 25.551477003217745 ], [ 82.80088327041706, 25.551640215973794 ], [ 82.801306188555884, 25.551640410595549 ], [ 82.802525384721335, 25.551352120592888 ], [ 82.803072360013246, 25.551217328767155 ], [ 82.803879433798897, 25.551018437277673 ], [ 82.807113329032163, 25.55022148945919 ], [ 82.808173209530025, 25.550104570479871 ], [ 82.80881002199024, 25.550150055078422 ], [ 82.80946036627256, 25.552777132111085 ], [ 82.812953422230748, 25.55238604263608 ], [ 82.814321737944368, 25.552138312570968 ], [ 82.815179240589814, 25.552059793451782 ], [ 82.815695070311563, 25.552012534117424 ], [ 82.816047101785045, 25.551793671652575 ], [ 82.816951970339829, 25.551552504349406 ], [ 82.817526331903977, 25.55139942577112 ], [ 82.818148277644511, 25.551282285567414 ], [ 82.818777922490142, 25.551171859502062 ], [ 82.820870042337759, 25.550804941192588 ], [ 82.822367869685735, 25.550376679367918 ], [ 82.822960453995165, 25.550178943444276 ], [ 82.825626374650653, 25.549527726556697 ], [ 82.826064970206346, 25.549416586247105 ], [ 82.826394965470854, 25.549355673955514 ], [ 82.826846109387731, 25.549272397868258 ], [ 82.827249123217683, 25.549272505726741 ], [ 82.827507778722335, 25.5495388804882 ], [ 82.827905330714259, 25.550680925968599 ], [ 82.828735756359379, 25.551823089722667 ], [ 82.829680645908539, 25.552978811414988 ], [ 82.829884568924669, 25.553216577550987 ], [ 82.830242735495133, 25.553353579441371 ], [ 82.831053807242441, 25.553353811102269 ], [ 82.831834925772867, 25.553340578283965 ], [ 82.832566364531573, 25.553191838356994 ], [ 82.833262416371682, 25.553021288999332 ], [ 82.833525898414223, 25.552913678863664 ], [ 82.833964617170039, 25.552849220578249 ], [ 82.83426307278269, 25.55296664532144 ], [ 82.834704741713523, 25.553425291270734 ], [ 82.83599437255566, 25.553662110925544 ], [ 82.836531660529573, 25.553901455030633 ], [ 82.837029086835798, 25.554195013584302 ], [ 82.837432049462265, 25.554461395370534 ], [ 82.837660805667952, 25.554718716463931 ], [ 82.83770053008206, 25.554980519514533 ], [ 82.837735333091445, 25.555364175551535 ], [ 82.837869449458239, 25.555838151566704 ], [ 82.83847622994216, 25.556668725729999 ], [ 82.838625400259673, 25.557029856986428 ], [ 82.838873894213108, 25.558230464037756 ], [ 82.83886360272021, 25.558673694502069 ], [ 82.838709448720167, 25.559031597708529 ], [ 82.838345987761542, 25.559530225590755 ], [ 82.838186669823315, 25.559918348551442 ], [ 82.838146755241141, 25.560432874320423 ], [ 82.837979917666104, 25.560848058129569 ], [ 82.837629023494458, 25.56119324255377 ], [ 82.837549226890047, 25.561696437671152 ], [ 82.837882387455679, 25.562396154113209 ], [ 82.837922004208636, 25.562996486444707 ], [ 82.837939290580351, 25.563617061188751 ], [ 82.837613272531598, 25.563876466277602 ], [ 82.837175300244013, 25.564223932885003 ], [ 82.837070693484904, 25.564526278566674 ], [ 82.83714984630943, 25.565993134590226 ], [ 82.837070046248812, 25.566498631811694 ], [ 82.83696540624959, 25.566909316103917 ], [ 82.836671754713862, 25.56716200361333 ], [ 82.836407894505214, 25.567559119352431 ], [ 82.836273446484711, 25.567870571600253 ], [ 82.836461248998063, 25.568259596982166 ], [ 82.83697987264911, 25.568353660408832 ], [ 82.837293371268231, 25.568267947664296 ], [ 82.837810949102348, 25.568177765629855 ], [ 82.839536329970358, 25.568129499731953 ], [ 82.840741929184887, 25.568182993615874 ], [ 82.841592750162008, 25.568183257694766 ], [ 82.842116908227027, 25.567902383102421 ], [ 82.842677812118552, 25.567199502555368 ], [ 82.84310091097565, 25.566644458644216 ], [ 82.843683289279198, 25.566260920723558 ], [ 82.844454565591022, 25.566116641448335 ], [ 82.845805370895064, 25.565751349865277 ], [ 82.846892990798239, 25.565250546567363 ], [ 82.850466201668198, 25.562769451338298 ], [ 82.850740002714048, 25.562579321848705 ], [ 82.851242682286525, 25.562191232929056 ], [ 82.852177400847808, 25.562119125063326 ], [ 82.852481063078983, 25.562060005886519 ], [ 82.852894618486602, 25.562182429944023 ], [ 82.853352393718296, 25.562263782094718 ], [ 82.853810106976837, 25.562561700850182 ], [ 82.854234270540047, 25.56293189969146 ], [ 82.854830127967233, 25.562936472301708 ], [ 82.855156877195469, 25.562956079028449 ], [ 82.855631206537595, 25.563392432891156 ], [ 82.856009256879531, 25.564015366187942 ], [ 82.856312705806474, 25.564566016483244 ], [ 82.85679033428525, 25.565640328696563 ], [ 82.857665749370184, 25.567806890132658 ], [ 82.858267563724553, 25.570244215354439 ], [ 82.858432327022271, 25.571205504820636 ], [ 82.858536018366195, 25.571810392043197 ], [ 82.858535953343392, 25.572388066755757 ], [ 82.858603420617456, 25.573467835014181 ], [ 82.858665123131331, 25.574455226670985 ], [ 82.858874011509158, 25.575136841650114 ], [ 82.858983482204891, 25.575443728488814 ], [ 82.859485885590601, 25.577023447254614 ], [ 82.85964344706791, 25.577560409545086 ], [ 82.860072988546207, 25.577899096982783 ], [ 82.860933884068757, 25.578269278727699 ], [ 82.86453179625677, 25.579605535189955 ], [ 82.866930519756181, 25.580219595431025 ], [ 82.867273866496816, 25.580147352911524 ], [ 82.867826287756188, 25.579939809548705 ], [ 82.868179746543063, 25.579729945138453 ], [ 82.86952970785444, 25.578578569408606 ], [ 82.869941384263711, 25.578179593555003 ], [ 82.870877026223155, 25.577227309379687 ], [ 82.871822596447785, 25.576207273112157 ], [ 82.872917148865653, 25.574998936966139 ], [ 82.873091591680833, 25.574600535021794 ], [ 82.873191145933049, 25.574126595012913 ], [ 82.873277902798975, 25.57365461918976 ], [ 82.87357931978525, 25.573102037875298 ], [ 82.873579315800143, 25.57242504594948 ], [ 82.873285715503016, 25.57160814654458 ], [ 82.872997090687377, 25.570646734945697 ], [ 82.873126476959783, 25.569874935222323 ], [ 82.873395194463967, 25.568624773690097 ], [ 82.87368377421474, 25.56775814574759 ], [ 82.873917455758161, 25.567310255199644 ], [ 82.874216259366648, 25.566963805190063 ], [ 82.874639226526924, 25.566841932343841 ], [ 82.875057223584136, 25.566878007556209 ], [ 82.8755395065713, 25.566853508026547 ], [ 82.876833734277255, 25.566787762876029 ], [ 82.879809424711539, 25.56662519067746 ], [ 82.881640521810709, 25.566530287161896 ], [ 82.883178165468252, 25.566769413692505 ], [ 82.883894726139403, 25.567202698641406 ], [ 82.884397417315682, 25.567757781232068 ], [ 82.884621367583605, 25.568430271000896 ], [ 82.885288211076272, 25.568998923963061 ], [ 82.885857100885971, 25.569260836941549 ], [ 82.886442690596994, 25.569229033669441 ], [ 82.88870692223486, 25.568776624974571 ], [ 82.889154646716349, 25.568687197653645 ], [ 82.88929907690499, 25.569382224358662 ], [ 82.889493141227334, 25.569652989715312 ], [ 82.889816532092141, 25.569774806398524 ], [ 82.89040382696983, 25.569869538903976 ], [ 82.891746789212959, 25.569747864063764 ], [ 82.893304835412835, 25.569413367005684 ], [ 82.895046436659882, 25.569237056753945 ], [ 82.895305346938272, 25.569647838717085 ], [ 82.895529324449114, 25.570248034597498 ], [ 82.895803232413698, 25.571389905249696 ], [ 82.895873017228411, 25.57178703260125 ], [ 82.896221260047923, 25.571768942732831 ], [ 82.896619373879616, 25.571723778632116 ], [ 82.898158113753169, 25.571379776092996 ], [ 82.898619734466664, 25.571276575099279 ], [ 82.899590072194755, 25.571037272937641 ], [ 82.901943801719412, 25.570707321724917 ], [ 82.903670427667222, 25.570246668164305 ], [ 82.90514180228493, 25.569950741484583 ], [ 82.905849858208427, 25.569808355490625 ], [ 82.906511684337687, 25.569641240142101 ], [ 82.908814816559087, 25.569095619986957 ], [ 82.910955480734501, 25.568593451965018 ], [ 82.911621787391539, 25.568434906653827 ], [ 82.91199756423751, 25.568361852658207 ], [ 82.912945489386871, 25.568285652690289 ], [ 82.913403299136561, 25.568357785537941 ], [ 82.913771596915822, 25.56852464914726 ], [ 82.914415696968959, 25.569055459969661 ], [ 82.915404104074398, 25.569614213807345 ], [ 82.916021155145188, 25.569688515425373 ], [ 82.916590851062395, 25.569549265027213 ], [ 82.917941877712977, 25.569308828150668 ], [ 82.91892219944728, 25.569322068492106 ], [ 82.919618945536598, 25.569543041249467 ], [ 82.920153498191013, 25.569992020045252 ], [ 82.921381190367072, 25.571383958799185 ], [ 82.921669983722978, 25.571839676901686 ], [ 82.921998549473969, 25.572065247452922 ], [ 82.922526042663904, 25.572200495203205 ], [ 82.923272337015888, 25.571762440070302 ], [ 82.923462616307333, 25.571210030076369 ], [ 82.923510745194079, 25.570674615686247 ], [ 82.923575248556915, 25.570318105325462 ], [ 82.923664696277754, 25.569920808691336 ], [ 82.923898551429545, 25.56976277973763 ], [ 82.924361262087757, 25.569640758255272 ], [ 82.92502306993353, 25.569496114924078 ], [ 82.925507840994015, 25.569444754443818 ], [ 82.92596346472213, 25.569396479221098 ], [ 82.926431180248215, 25.569360236145645 ], [ 82.9267596312188, 25.56925178243727 ], [ 82.927815978013342, 25.568955637745162 ], [ 82.928371677589297, 25.568799821349838 ], [ 82.928691719602654, 25.568711191124358 ], [ 82.929073236925817, 25.56860553599369 ], [ 82.931690312408065, 25.567882372782506 ], [ 82.932177935290412, 25.567679037988281 ], [ 82.932953970824826, 25.567277055306754 ], [ 82.933416547211536, 25.566911270232907 ], [ 82.933655285809479, 25.566604295574194 ], [ 82.933814353280439, 25.566283730938338 ], [ 82.93431143638972, 25.565308677897914 ], [ 82.934385962503882, 25.564974614136876 ], [ 82.934653906840836, 25.563593457401222 ], [ 82.93467369967243, 25.563191669329854 ], [ 82.934886836479464, 25.561598365827663 ], [ 82.934932342170455, 25.560715622299131 ], [ 82.935069957724437, 25.559648482955033 ], [ 82.935398157970297, 25.558173072352645 ], [ 82.935869214844246, 25.556055421311161 ], [ 82.936102875387959, 25.555793547733938 ], [ 82.93904264962805, 25.554546013398603 ], [ 82.939445816348709, 25.554374904451926 ], [ 82.940196908693096, 25.554106037828266 ], [ 82.940455498530071, 25.553905033904488 ], [ 82.940803691867032, 25.553460175943115 ], [ 82.941226184467681, 25.552812472332231 ], [ 82.941439730336867, 25.552162439204974 ], [ 82.941543942193945, 25.551607260050915 ], [ 82.941588141257753, 25.5505916954368 ], [ 82.941726512266442, 25.548849468995421 ], [ 82.94185552543405, 25.548379976837158 ], [ 82.94209424464006, 25.548140638273594 ], [ 82.942835185129553, 25.547476836164929 ], [ 82.943029060262475, 25.547251050971482 ], [ 82.943282680692704, 25.546993709887523 ], [ 82.943382076618335, 25.546740857352354 ], [ 82.943318021809091, 25.546440815044726 ], [ 82.942839526804832, 25.546334903759305 ], [ 82.942385384324737, 25.54621662703514 ], [ 82.94215873694651, 25.545814420720134 ], [ 82.942015512347595, 25.545450625000782 ], [ 82.941639749595922, 25.545098795042016 ], [ 82.941102445375023, 25.544972652391035 ], [ 82.940614729326995, 25.544864513888765 ], [ 82.940311184158148, 25.544724729646493 ], [ 82.940042437189859, 25.544443942477731 ], [ 82.939919308123777, 25.543924030451063 ], [ 82.940011868145021, 25.543136154244472 ], [ 82.940160560090192, 25.542084453490126 ], [ 82.9405221050866, 25.539109981849339 ], [ 82.94045592626594, 25.538465354480095 ], [ 82.940357043217873, 25.537602508051577 ], [ 82.940386504163058, 25.536907446965834 ], [ 82.940649448507102, 25.535521653231203 ], [ 82.940942372701954, 25.534424781190026 ], [ 82.941454081288711, 25.533246531900023 ], [ 82.941891297173484, 25.532221760004315 ], [ 82.942328785377569, 25.531711528618835 ], [ 82.943651366734315, 25.530523883539054 ], [ 82.944591146620908, 25.529868992844651 ], [ 82.945073537639729, 25.529674731433328 ], [ 82.945998756907755, 25.529607350990265 ], [ 82.946570884367546, 25.529565686071312 ], [ 82.94870496680079, 25.529686433262757 ], [ 82.949441173774346, 25.529649986602976 ], [ 82.949759469320099, 25.529559531314302 ], [ 82.950221962505054, 25.529360662074584 ], [ 82.950813358725455, 25.52908606528451 ], [ 82.95104252853163, 25.528922470054194 ], [ 82.951380590732697, 25.528642474015665 ], [ 82.951593543312526, 25.528456077598818 ], [ 82.951818021674754, 25.528118682996531 ], [ 82.951817438832308, 25.527179890063714 ], [ 82.951817170060451, 25.526746529674075 ], [ 82.9523486683144, 25.526530972348723 ], [ 82.95535814525806, 25.525530571235997 ], [ 82.956079395130743, 25.525464253629927 ], [ 82.956388333248796, 25.526292725571722 ], [ 82.956677101534638, 25.526671715254746 ], [ 82.956985576751023, 25.526865551270685 ], [ 82.957298918343568, 25.526815765754169 ], [ 82.958134456420538, 25.526526460174892 ], [ 82.958830528505899, 25.526357908093008 ], [ 82.959197998849874, 25.526321047125215 ], [ 82.959616669191803, 25.526308956025019 ], [ 82.960054507978057, 25.526407954566469 ], [ 82.960915510957975, 25.5270078015234 ], [ 82.961794686532969, 25.527589913741867 ], [ 82.962080069298409, 25.527778863546892 ], [ 82.963100317679576, 25.528464304950187 ], [ 82.963593219976943, 25.528969538718268 ], [ 82.963976631775836, 25.529402598714665 ], [ 82.9641512525981, 25.530147161643747 ], [ 82.96444050621011, 25.53115804143409 ], [ 82.964919264238716, 25.532710410502844 ], [ 82.965223400749551, 25.53366255216778 ], [ 82.96536793741258, 25.534037006485704 ], [ 82.965607543992263, 25.535111146382935 ], [ 82.966360321422826, 25.537159756652869 ], [ 82.966997331875803, 25.538433849484285 ], [ 82.967157765758387, 25.539072929908773 ], [ 82.967175270116527, 25.539874320809997 ], [ 82.967224394023944, 25.540273113855477 ], [ 82.968771237956517, 25.54111195975219 ], [ 82.969736935142706, 25.541783852379556 ], [ 82.970249669621822, 25.542252875865216 ], [ 82.971528960566204, 25.543136728826543 ], [ 82.971922517986016, 25.543741240529542 ], [ 82.972082083540613, 25.544219598410383 ], [ 82.972270033649764, 25.54474442390417 ], [ 82.974152475734655, 25.545057723597633 ], [ 82.975112864596525, 25.54523759396228 ], [ 82.975834378448994, 25.545413096713382 ], [ 82.976631770499424, 25.546987771630405 ], [ 82.97687617665477, 25.547709711793818 ], [ 82.976906227654922, 25.547976029520559 ], [ 82.976753432180615, 25.54868896890564 ], [ 82.976171590969884, 25.54994433690652 ], [ 82.976147130624426, 25.550436340233752 ], [ 82.976068288496208, 25.551433901196656 ], [ 82.976257811799925, 25.551912138220072 ], [ 82.976342369836587, 25.552265600650951 ], [ 82.97661732037156, 25.553414918991628 ], [ 82.97672217352347, 25.553830068158014 ], [ 82.97702095704328, 25.555941195202568 ], [ 82.977102283467275, 25.556194851641692 ], [ 82.977575241334009, 25.556618729476032 ], [ 82.977868974373166, 25.556713339716609 ], [ 82.978441157217972, 25.556694817435837 ], [ 82.979056470135703, 25.556687538519217 ], [ 82.979520779328922, 25.556644468114214 ], [ 82.979993411318006, 25.556616988528294 ], [ 82.980923848109441, 25.556544084422413 ], [ 82.981883956191368, 25.556403502165175 ], [ 82.982620188339581, 25.556231408569058 ], [ 82.983136352814014, 25.556061392331948 ], [ 82.983828994260705, 25.555851408067511 ], [ 82.984264837059754, 25.555750016628078 ], [ 82.984877767800768, 25.555730254875979 ], [ 82.98548077305982, 25.555768937817614 ], [ 82.985978486050456, 25.555876914302786 ], [ 82.986481101922323, 25.555993830213698 ], [ 82.986954064215311, 25.556223690888764 ], [ 82.987521505330889, 25.5564624984201 ], [ 82.987894696854241, 25.556558586841923 ], [ 82.988417247907776, 25.556601667146371 ], [ 82.988988811140828, 25.55664112475316 ], [ 82.989546762151832, 25.556632390797294 ], [ 82.99006903553439, 25.556519150861519 ], [ 82.990869349318103, 25.556208324432113 ], [ 82.991302681220546, 25.556139071103388 ], [ 82.99199593349428, 25.555925703561783 ], [ 82.992347669766843, 25.555818254181744 ], [ 82.992831309459703, 25.555662087748175 ], [ 82.993715000885075, 25.55537880719875 ], [ 82.996167082715701, 25.554474083970856 ], [ 82.996758975252007, 25.554279578481353 ], [ 82.997511358004076, 25.553971291219021 ], [ 82.99811047943966, 25.553659331716833 ], [ 82.998906789984829, 25.553617655677527 ], [ 82.9994428364367, 25.553528412513057 ], [ 82.999418362689596, 25.553116626240172 ], [ 82.999380581059683, 25.552618579168016 ], [ 82.999063406555948, 25.551417772312316 ], [ 82.999183245588227, 25.55059213359306 ], [ 82.999597303384562, 25.549942330294897 ], [ 83.00053763134062, 25.549943122101638 ], [ 83.001329887039915, 25.549694977815761 ], [ 83.002157526826323, 25.549435750438786 ], [ 83.003484497428701, 25.54851481088097 ], [ 83.004394479776934, 25.548277260974512 ], [ 83.006598506101824, 25.547996225869188 ], [ 83.007294332652876, 25.548120139245217 ], [ 83.007882888287483, 25.548224947261371 ], [ 83.009996795308709, 25.548867548464994 ], [ 83.010358170433463, 25.549281889243971 ], [ 83.010492806154488, 25.550551457553887 ], [ 83.010611279205193, 25.551540060320878 ], [ 83.010491190217877, 25.552248583621086 ], [ 83.010152472890567, 25.552622882528084 ], [ 83.01003227682466, 25.553516515557831 ], [ 83.010136297300235, 25.553994981391192 ], [ 83.00976813230892, 25.553981138734667 ], [ 83.008180391314511, 25.554571191127739 ], [ 83.00763527778517, 25.554893824492911 ], [ 83.00714478112485, 25.555184132660887 ], [ 83.005557205081146, 25.555571005646769 ], [ 83.005054744786619, 25.555448709068362 ], [ 83.004731761493176, 25.554992595823879 ], [ 83.003936118666786, 25.55465795846078 ], [ 83.003531836762164, 25.554529434426811 ], [ 83.003168131626794, 25.554423349030824 ], [ 83.002409360905204, 25.554095100535189 ], [ 83.001389816382272, 25.553701118214704 ], [ 83.00144867896519, 25.554258711957942 ], [ 83.00173593875175, 25.555649159495132 ], [ 83.001765228209806, 25.55611407791411 ], [ 83.002060474633538, 25.556501059131659 ], [ 83.003416887176542, 25.556453916864012 ], [ 83.004093203812204, 25.556761331759063 ], [ 83.004430997748941, 25.557312329301663 ], [ 83.005003158217477, 25.557339842526325 ], [ 83.005510610422959, 25.557403469601248 ], [ 83.005948338853784, 25.557588839052926 ], [ 83.006286117790523, 25.558108180643845 ], [ 83.006997260783223, 25.558510449585739 ], [ 83.008738391680495, 25.559150382919597 ], [ 83.009663060259044, 25.559731181533877 ], [ 83.009796467896336, 25.560805481832251 ], [ 83.009860379611141, 25.561541267220168 ], [ 83.010366942403891, 25.562647433238627 ], [ 83.010605065818268, 25.563351675374012 ], [ 83.010266272651094, 25.563870487751323 ], [ 83.010096480869819, 25.5645158111681 ], [ 83.010041534230638, 25.56604150085327 ], [ 83.009835775356848, 25.566985755745627 ], [ 83.010340122732131, 25.567753778861839 ], [ 83.011102383963006, 25.568926183149017 ], [ 83.011269722540462, 25.569174888720482 ], [ 83.011743491564005, 25.569878955720238 ], [ 83.012623169645579, 25.57107572108881 ], [ 83.012960814989952, 25.571811713139766 ], [ 83.0133980476906, 25.572446482028703 ], [ 83.014715121594847, 25.574358579970944 ], [ 83.015012888255285, 25.574672983964664 ], [ 83.016400524132834, 25.576138138903705 ], [ 83.017632617528164, 25.57673203177708 ], [ 83.018116665956072, 25.576965344657221 ], [ 83.018526731361703, 25.577077773117637 ], [ 83.019805487537241, 25.577428361265877 ], [ 83.02024606359538, 25.577549151778204 ], [ 83.020831750468716, 25.577502528053994 ], [ 83.021306049678643, 25.577464773411901 ], [ 83.021662038448639, 25.577436431313089 ], [ 83.022887802483879, 25.57694700802125 ], [ 83.024268110347307, 25.576355822490491 ], [ 83.027350900907123, 25.574054597379725 ], [ 83.029636471632827, 25.571566149152904 ], [ 83.030053367082758, 25.570327287472178 ], [ 83.030215035284826, 25.569846902122485 ], [ 83.030780130921784, 25.565902416048761 ], [ 83.031832150452544, 25.563605802383698 ], [ 83.032159805613986, 25.563023746619692 ], [ 83.032579512576277, 25.562351602015692 ], [ 83.034740509143091, 25.560330902896553 ], [ 83.036524188055381, 25.5584488338081 ], [ 83.037006248250989, 25.557940150006111 ], [ 83.038481767948255, 25.555493478833007 ], [ 83.039298376136841, 25.553328778607444 ], [ 83.039503315460649, 25.551979383996287 ], [ 83.039585398509303, 25.550638784479379 ], [ 83.039677211286076, 25.549139265280999 ], [ 83.039739864509627, 25.548115980820981 ], [ 83.040016879470429, 25.54324162373188 ], [ 83.040127606239849, 25.542962264146961 ], [ 83.040624972834607, 25.541707407087554 ], [ 83.042014005791728, 25.541049484160116 ], [ 83.04304154920689, 25.540596529395625 ], [ 83.043586418002803, 25.540602761541638 ], [ 83.044779840792273, 25.540667102466369 ], [ 83.046525650390862, 25.541155497213222 ], [ 83.048549981929057, 25.541919348826411 ], [ 83.050778165447142, 25.542963053454251 ], [ 83.052055908727993, 25.544224161290728 ], [ 83.052468888285716, 25.544408219159916 ], [ 83.053174766636872, 25.545451174503601 ], [ 83.054089364029664, 25.54685985585273 ], [ 83.055267119325379, 25.549284085772115 ], [ 83.056548839453541, 25.552561482381165 ], [ 83.057160204151828, 25.55382100974666 ], [ 83.057537565879471, 25.554414008708683 ], [ 83.058810799806253, 25.555997214609278 ], [ 83.060163608351658, 25.557008843886845 ], [ 83.061004298767159, 25.557469543542993 ], [ 83.061750685173905, 25.55753309094781 ], [ 83.062830343319945, 25.557565187390523 ], [ 83.063740954556451, 25.55747072850134 ], [ 83.064855685029059, 25.55707400166331 ], [ 83.065119336933705, 25.556901385602661 ], [ 83.066075133389589, 25.556275609930108 ], [ 83.066269302506925, 25.556083892148369 ], [ 83.067966726647001, 25.554407857853636 ], [ 83.0703744932935, 25.55119377925265 ], [ 83.073138967343539, 25.547485103348272 ], [ 83.073445915502148, 25.547005619304624 ], [ 83.074342625581082, 25.545569892664254 ], [ 83.075767715114083, 25.543573833792571 ], [ 83.076748706143221, 25.541367019780409 ], [ 83.077560674338656, 25.538681759567222 ], [ 83.077222884356587, 25.537758616791269 ], [ 83.076989188657819, 25.537119946538436 ], [ 83.076113327544817, 25.53615320704678 ], [ 83.075241702137234, 25.535656398221651 ], [ 83.074691507718796, 25.535368032750046 ], [ 83.074160792730638, 25.535293661829662 ], [ 83.072333661233628, 25.535037657880999 ], [ 83.068816565520009, 25.534819750260478 ], [ 83.067060530161442, 25.534760380655655 ], [ 83.065981307796491, 25.534267977109188 ], [ 83.065142289956512, 25.533295524876415 ], [ 83.064564541711874, 25.53211904661325 ], [ 83.06434709066022, 25.531188811048047 ], [ 83.064127766343532, 25.530250341069905 ], [ 83.064193248879363, 25.528657041306282 ], [ 83.064905270696855, 25.527186011908988 ], [ 83.06534873448949, 25.526756369708004 ], [ 83.065746415396831, 25.526247516756371 ], [ 83.066036378956767, 25.526034317926914 ], [ 83.067537868603225, 25.524930323286753 ], [ 83.069224623047702, 25.523766417426305 ], [ 83.070777246839441, 25.522480692774987 ], [ 83.072230148005488, 25.521465690374743 ], [ 83.073071207383464, 25.520283425420835 ], [ 83.073777336955487, 25.519351803207268 ], [ 83.074186125100496, 25.518812467858616 ], [ 83.075639128470698, 25.517341520755188 ], [ 83.077669236058171, 25.515378885272479 ], [ 83.078609957778284, 25.513641447963188 ], [ 83.079217402459378, 25.512016842525654 ], [ 83.079656011484943, 25.509624838016013 ], [ 83.079915074036961, 25.508582419431892 ], [ 83.080333451592068, 25.50689890806002 ], [ 83.080641013537601, 25.50620349226535 ], [ 83.081080052972752, 25.505211012109122 ], [ 83.08147943130308, 25.503908796662 ], [ 83.081822083723551, 25.502791782238486 ], [ 83.083483830422381, 25.500408422102709 ], [ 83.083384900186132, 25.498968681804275 ], [ 83.083414938753123, 25.498183234686341 ], [ 83.083549350422615, 25.497763567086889 ], [ 83.083683782064526, 25.497357337413629 ], [ 83.083803346108127, 25.496915044477216 ], [ 83.083833317263327, 25.496576525088837 ], [ 83.084012465796434, 25.496224546956142 ], [ 83.084281079565727, 25.49610277766827 ], [ 83.084683839666809, 25.49623827475089 ], [ 83.085101448261852, 25.496725871102687 ], [ 83.085349088510227, 25.496950775203537 ], [ 83.085593589614433, 25.497172827875886 ], [ 83.08610061631417, 25.497940239698604 ], [ 83.086548183406961, 25.498157055745104 ], [ 83.087249238562549, 25.498522810491682 ], [ 83.087577326378707, 25.498861385710516 ], [ 83.087875473915474, 25.499904073575006 ], [ 83.088203569847096, 25.50013434894862 ], [ 83.088785491482923, 25.500080326586961 ], [ 83.089317680607635, 25.500053366249766 ], [ 83.089799957744347, 25.500410020297249 ], [ 83.089187782462659, 25.502112470175895 ], [ 83.089297083392623, 25.50260895389113 ], [ 83.090018070652803, 25.502866422677403 ], [ 83.091191814864985, 25.503060764129412 ], [ 83.091778609801196, 25.503318131810111 ], [ 83.092713595742012, 25.503241596982956 ], [ 83.093409930389299, 25.503002561287385 ], [ 83.094518951010357, 25.503201392975527 ], [ 83.094777537353409, 25.503576029455655 ], [ 83.094717919610318, 25.503954068607545 ], [ 83.09456064965164, 25.505679296683915 ], [ 83.096510962548237, 25.505203888730556 ], [ 83.097627068608062, 25.504899081281227 ], [ 83.0988267820685, 25.504279517112717 ], [ 83.099512827769914, 25.504381679336877 ], [ 83.100566384196554, 25.504822882868709 ], [ 83.101953861302974, 25.505531667583487 ], [ 83.102540701610948, 25.505495635507099 ], [ 83.103471881859988, 25.505130802684207 ], [ 83.10389391366941, 25.503360935255401 ], [ 83.103959016177086, 25.501721991039947 ], [ 83.104421578166111, 25.500412715338481 ], [ 83.10466099002123, 25.499812511885665 ], [ 83.104978041801033, 25.499017664867569 ], [ 83.105484227663396, 25.49774862750818 ], [ 83.105600145397403, 25.497458013911036 ], [ 83.106441336332892, 25.496562983386113 ], [ 83.107403127986373, 25.495465787547548 ], [ 83.108316453718416, 25.49442387594214 ], [ 83.109002814533824, 25.494098989035422 ], [ 83.109919430452507, 25.494066452219624 ], [ 83.110166455628274, 25.49418035345245 ], [ 83.111628561758963, 25.494640865351229 ], [ 83.112488817586893, 25.495263742822658 ], [ 83.113533120887638, 25.496076239795642 ], [ 83.114212048675824, 25.496757380164258 ], [ 83.114666908532811, 25.497213726804784 ], [ 83.116069210013649, 25.499240456533467 ], [ 83.116785241065628, 25.500413917124 ], [ 83.11739692186562, 25.501647103921016 ], [ 83.117461452238601, 25.503195146237893 ], [ 83.117470197077964, 25.50349872920237 ], [ 83.117491228748705, 25.504228844952234 ], [ 83.116585973184769, 25.50595294032329 ], [ 83.11609806081394, 25.506364225114012 ], [ 83.115745404440375, 25.506661496220261 ], [ 83.11381562013797, 25.50705858316179 ], [ 83.112343452354636, 25.50714762571976 ], [ 83.110314119221457, 25.507270367696027 ], [ 83.109524280208504, 25.507390404991614 ], [ 83.106663432898486, 25.507825189947621 ], [ 83.102813510513428, 25.509706787738363 ], [ 83.099952989444546, 25.512585884803698 ], [ 83.09860979949363, 25.514070619094262 ], [ 83.097690534714729, 25.515958506239226 ], [ 83.09697264089543, 25.51743279500861 ], [ 83.0965073669513, 25.520168730462363 ], [ 83.096737790935521, 25.521883094223231 ], [ 83.098259311037296, 25.524853248273018 ], [ 83.100223576822401, 25.526209182093965 ], [ 83.100523455954885, 25.526400663793705 ], [ 83.101198786617218, 25.526862197499412 ], [ 83.102601460575841, 25.527367979169671 ], [ 83.105461954768685, 25.527341242592826 ], [ 83.106392923312342, 25.527301192340516 ], [ 83.108480034272276, 25.527211427813608 ], [ 83.109056397246761, 25.526507720154143 ], [ 83.109517536022366, 25.526088790742094 ], [ 83.110424197682917, 25.52534436171528 ], [ 83.111053276033331, 25.524827845677077 ], [ 83.112720866752511, 25.52343883395498 ], [ 83.113849020629317, 25.522499136544301 ], [ 83.114121082484615, 25.522249169200148 ], [ 83.11541600600232, 25.521059394163185 ], [ 83.116999642442323, 25.519294667012112 ], [ 83.118265762661579, 25.518189559095845 ], [ 83.118800605159748, 25.517758004196761 ], [ 83.119114364571701, 25.517504895409509 ], [ 83.120106881802343, 25.516704148748641 ], [ 83.120596115337818, 25.516369861460667 ], [ 83.121737662764716, 25.515589849441632 ], [ 83.122364902883533, 25.514999122055816 ], [ 83.124598423674641, 25.512894903282277 ], [ 83.125837357553081, 25.511803443727185 ], [ 83.128241225885574, 25.509685689563771 ], [ 83.130345263074162, 25.507832049636178 ], [ 83.130551767600778, 25.507650118444939 ], [ 83.131780308152756, 25.507067773428176 ], [ 83.132929716257891, 25.506836169252082 ], [ 83.136495280377105, 25.507067469591835 ], [ 83.138220920529463, 25.507067353671957 ], [ 83.138628897001368, 25.507067325574692 ], [ 83.140488906362521, 25.506277262936173 ], [ 83.140782404057234, 25.506253129066174 ], [ 83.141720813309178, 25.506071200777381 ], [ 83.143731654154976, 25.506010574066039 ], [ 83.14474891119454, 25.506029666560867 ], [ 83.146058762107884, 25.506054292326127 ], [ 83.147785087660623, 25.506086746253878 ], [ 83.148342416946477, 25.506129775369317 ], [ 83.151226875330238, 25.506352438340137 ], [ 83.155136081731541, 25.506428404700539 ], [ 83.157323637195447, 25.506407226540137 ], [ 83.157995908933557, 25.506400713059485 ], [ 83.162644491109305, 25.506361682070843 ], [ 83.164702140886988, 25.506369205831447 ], [ 83.166053292070401, 25.507007930452282 ], [ 83.166528054351033, 25.508122758035054 ], [ 83.166556679506286, 25.510298030995802 ], [ 83.165668926732181, 25.511659739175858 ], [ 83.16436725482292, 25.513037155228186 ], [ 83.163036134753497, 25.51352640987793 ], [ 83.160198703385603, 25.514569309158016 ], [ 83.159088440209942, 25.514977384417794 ], [ 83.158386021592534, 25.515138692751137 ], [ 83.15588028971051, 25.515707716814916 ], [ 83.155115812376408, 25.516263727256845 ], [ 83.153651686774111, 25.517369399416985 ], [ 83.153447942726771, 25.518578988989734 ], [ 83.153681983890223, 25.519400422673659 ], [ 83.154264104017003, 25.519959958241216 ], [ 83.155259129213036, 25.520618710694226 ], [ 83.157309483963445, 25.52126105091612 ], [ 83.160279674872029, 25.522190095717118 ], [ 83.162258428663719, 25.522787987092002 ], [ 83.16394985664661, 25.523396870465376 ], [ 83.16593482959604, 25.524109480120451 ], [ 83.168506688666341, 25.524402123862739 ], [ 83.170133552037498, 25.524106375779404 ], [ 83.170545990380617, 25.524031398920158 ], [ 83.17167351049072, 25.523531619025533 ], [ 83.172175549373065, 25.523397623297704 ], [ 83.172560289952315, 25.523317625852332 ], [ 83.172824176285346, 25.52398094661779 ], [ 83.172675346548061, 25.525145503738752 ], [ 83.173083907933545, 25.526707007057961 ], [ 83.173233517940972, 25.527555523289834 ], [ 83.172871655038719, 25.527949205603512 ], [ 83.172766121765292, 25.528246167956649 ], [ 83.173492989661028, 25.529464640629033 ], [ 83.173935865368605, 25.529861620952182 ], [ 83.174811062118792, 25.529012885965056 ], [ 83.177173254388663, 25.527369113159871 ], [ 83.176969134664802, 25.526944882166145 ], [ 83.176118037146765, 25.525930347751398 ], [ 83.175236233113267, 25.524879182347661 ], [ 83.174454449315377, 25.523944914933253 ], [ 83.174327721229545, 25.523571079635264 ], [ 83.174974695451468, 25.523243054628225 ], [ 83.175368685675011, 25.523068255434421 ], [ 83.177230625745494, 25.522070246577655 ], [ 83.177982819172087, 25.521661878686462 ], [ 83.177815225936513, 25.520842563928646 ], [ 83.177373435725286, 25.518951444273302 ], [ 83.177114496992786, 25.518292584255942 ], [ 83.17654716900887, 25.516774202151744 ], [ 83.176372574623755, 25.51630691618632 ], [ 83.175356590846022, 25.513256181825742 ], [ 83.174046904605731, 25.509523993745209 ], [ 83.173685422628296, 25.508533606149843 ], [ 83.172518341812108, 25.505335991660477 ], [ 83.171509050354672, 25.502403876099187 ], [ 83.171093618029175, 25.501196947638515 ], [ 83.17082047748454, 25.500403406480999 ], [ 83.169646369010181, 25.499351014254483 ], [ 83.169203520067342, 25.498647097021266 ], [ 83.168842084748377, 25.497402513200154 ], [ 83.16875527452973, 25.49710358493676 ], [ 83.16819210076747, 25.495587740831638 ], [ 83.16779955667063, 25.494531143305128 ], [ 83.167232208545002, 25.493312700035116 ], [ 83.166416517391937, 25.491911133464985 ], [ 83.166097650016425, 25.491363233012876 ], [ 83.165683627319808, 25.490722641409629 ], [ 83.165082655269003, 25.489792785936835 ], [ 83.164838342795875, 25.489546933975195 ], [ 83.163924413106415, 25.488678714144871 ], [ 83.16303327990768, 25.488186512267131 ], [ 83.162218566123215, 25.487730564558696 ], [ 83.160582543773742, 25.486814937259695 ], [ 83.158293398911397, 25.485533769193321 ], [ 83.157802256221572, 25.485280375341791 ], [ 83.156857466649768, 25.484792918244789 ], [ 83.154831549254666, 25.483747656202418 ], [ 83.154568386171661, 25.483611872447174 ], [ 83.150630328429827, 25.481110226723999 ], [ 83.149383332233114, 25.480304528098237 ], [ 83.14723144469086, 25.478914110052674 ], [ 83.145966615270027, 25.47819218246212 ], [ 83.141320055215033, 25.474537320430578 ], [ 83.140837805245425, 25.474036159541164 ], [ 83.136968805776164, 25.470015265564619 ], [ 83.136502549378633, 25.46936360494951 ], [ 83.135994927856103, 25.468654108375876 ], [ 83.134104617898359, 25.466011991673557 ], [ 83.132962564919268, 25.464365498208736 ], [ 83.130263313176357, 25.460473905514846 ], [ 83.12961390182906, 25.459537611956012 ], [ 83.129346257305201, 25.459151730756069 ], [ 83.12767822734169, 25.456010368889952 ], [ 83.127347495687161, 25.455387488861966 ], [ 83.126737218787028, 25.454042578772608 ], [ 83.126343734584083, 25.453175424339701 ], [ 83.126010131774237, 25.452440228824024 ], [ 83.125713733800282, 25.451405758966295 ], [ 83.125532925102931, 25.450774710460969 ], [ 83.125234665729494, 25.450124826263433 ], [ 83.125322589797463, 25.448673341472084 ], [ 83.125174918700793, 25.44695624779385 ], [ 83.125503026679624, 25.445886578260936 ], [ 83.125711722785738, 25.445290824408378 ], [ 83.127232857686636, 25.443313830144159 ], [ 83.129817688103415, 25.440587570313316 ], [ 83.130711458830845, 25.439850567521987 ], [ 83.132204171804972, 25.438619671111613 ], [ 83.133331831144204, 25.437689766097222 ], [ 83.136284291855517, 25.436227160584046 ], [ 83.137186581279266, 25.435841792537413 ], [ 83.138725582720198, 25.434900447708596 ], [ 83.138953407347856, 25.434609023032383 ], [ 83.139167055173033, 25.434335729763117 ], [ 83.141667119789943, 25.433062694267807 ], [ 83.14503693470769, 25.431545708184132 ], [ 83.146821130487396, 25.430678801265344 ], [ 83.148163140464732, 25.430299453403819 ], [ 83.149030594200539, 25.430111898555399 ], [ 83.150096637149289, 25.430407509026114 ], [ 83.151195303737552, 25.431084358663423 ], [ 83.153253238036086, 25.432113048245181 ], [ 83.154088071871499, 25.432188649424376 ], [ 83.154446178150963, 25.432221077421715 ], [ 83.157339974942445, 25.431643945788942 ], [ 83.158808202553288, 25.430863389943585 ], [ 83.160619533550914, 25.429900422407183 ], [ 83.161153589322836, 25.429616504475121 ], [ 83.162412950999681, 25.428946994216926 ], [ 83.165121449250137, 25.427781722308669 ], [ 83.166552555374636, 25.426860568282404 ], [ 83.169969757791506, 25.424523409496089 ], [ 83.170309137031595, 25.424291285490682 ], [ 83.171039738877653, 25.424024734398959 ], [ 83.171795083477861, 25.423749157708265 ], [ 83.17255389410424, 25.423619683774589 ], [ 83.173703428098491, 25.423423543201427 ], [ 83.177683639821382, 25.422337950474759 ], [ 83.178340245247924, 25.422158842483999 ], [ 83.179632360242763, 25.421806386024119 ], [ 83.181142864242304, 25.42139435335444 ], [ 83.181940963547405, 25.421183178286118 ], [ 83.18266347497962, 25.420992041370251 ], [ 83.183093138853096, 25.420828464797349 ], [ 83.183731878107039, 25.420585344139635 ], [ 83.185013690516712, 25.419718262160711 ], [ 83.186712859488253, 25.418498939204259 ], [ 83.187775757153915, 25.417293321586644 ], [ 83.188222504012387, 25.416236976669175 ], [ 83.187953262797834, 25.414585096958739 ], [ 83.187534551484333, 25.412120925510067 ], [ 83.187452856406097, 25.411631402105815 ], [ 83.187134165363105, 25.409910143386277 ], [ 83.186907296916104, 25.409472062101724 ], [ 83.186523917728422, 25.408731631393461 ], [ 83.186025795227934, 25.407567415843086 ], [ 83.185747736521691, 25.406917547814928 ], [ 83.185497711840497, 25.40657402516381 ], [ 83.184700147059488, 25.405478205295079 ], [ 83.183659086648035, 25.404047796958704 ], [ 83.182798487965059, 25.40212541718957 ], [ 83.182563669289848, 25.401167533257006 ], [ 83.182465736738621, 25.400768038157128 ], [ 83.182141315796287, 25.399444616142002 ], [ 83.182036202895134, 25.398106285974251 ], [ 83.181901391648353, 25.396389073220284 ], [ 83.182081528094656, 25.395069920594146 ], [ 83.18237565179497, 25.393496176249077 ], [ 83.182499522180862, 25.392833389962661 ], [ 83.183031212042792, 25.389988386104495 ], [ 83.182923822633612, 25.388904540179638 ], [ 83.182671674705631, 25.386359693420438 ], [ 83.181626761909286, 25.383006503411693 ], [ 83.180583791952799, 25.379975665386635 ], [ 83.179696392805567, 25.377396849711708 ], [ 83.179104280905392, 25.376119800390619 ], [ 83.177637552577082, 25.372956284297146 ], [ 83.176517826632605, 25.370356918643537 ], [ 83.175846133208182, 25.36879756875766 ], [ 83.175668325022912, 25.368384781800806 ], [ 83.175462825318817, 25.367708200171069 ], [ 83.175057988639054, 25.366418987278344 ], [ 83.174514170553564, 25.364584777279404 ], [ 83.174443534953582, 25.363818251308412 ], [ 83.174394381854043, 25.363284849695305 ], [ 83.174247982275404, 25.362138812556598 ], [ 83.173975807741016, 25.36000813911334 ], [ 83.173200411138367, 25.358843978137074 ], [ 83.17236493708306, 25.356465561113264 ], [ 83.172138630945611, 25.355187494083413 ], [ 83.171976568689786, 25.354272021279918 ], [ 83.171696550920174, 25.353624223081439 ], [ 83.171469440600262, 25.353098707049789 ], [ 83.171286974726442, 25.352611045703931 ], [ 83.17093247585251, 25.351663596231802 ], [ 83.169501925715963, 25.349201863074047 ], [ 83.168963416562377, 25.348275166880246 ], [ 83.168462158201024, 25.347412548031862 ], [ 83.167312286195838, 25.346008093245324 ], [ 83.165934951878938, 25.344325700834307 ], [ 83.16491923703056, 25.343085003439395 ], [ 83.164287753034529, 25.342364115243843 ], [ 83.163193072845871, 25.341114444565072 ], [ 83.161381579650254, 25.339046315481923 ], [ 83.15885267130011, 25.336067942074983 ], [ 83.15841466835721, 25.335295058411905 ], [ 83.157777734270809, 25.334192515516552 ], [ 83.156587110098059, 25.332899930039421 ], [ 83.15276481830422, 25.329755187263707 ], [ 83.152479059940248, 25.329520082151035 ], [ 83.15190049123207, 25.32907591785419 ], [ 83.151638993937908, 25.328875167531585 ], [ 83.150363010491944, 25.327895593196168 ], [ 83.150098407343393, 25.327763677597854 ], [ 83.149086713667813, 25.327259320545096 ], [ 83.147919401062325, 25.326677364295801 ], [ 83.14560987331096, 25.325093471856739 ], [ 83.144711613912079, 25.32433851175367 ], [ 83.144120946023705, 25.323842067634761 ], [ 83.143628312688449, 25.323428018942757 ], [ 83.143225772071403, 25.323089690302094 ], [ 83.141749070597939, 25.32209147611681 ], [ 83.14138714706975, 25.32184682293952 ], [ 83.138630191093256, 25.320262710670725 ], [ 83.138074445768595, 25.320281878351778 ], [ 83.13689799012873, 25.3202964938992 ], [ 83.13653126313487, 25.32030104901358 ], [ 83.135855999466202, 25.320427635187041 ], [ 83.135398949035164, 25.32051331292541 ], [ 83.133641082635549, 25.320842846713088 ], [ 83.133033172839859, 25.321030763343007 ], [ 83.132151345264845, 25.321303352709347 ], [ 83.13131245333031, 25.32155821588745 ], [ 83.130279240415419, 25.32187210321527 ], [ 83.129371369526694, 25.321998991938425 ], [ 83.128584376648661, 25.322108984549317 ], [ 83.127038508548964, 25.322354455633434 ], [ 83.124791783421955, 25.32328499568975 ], [ 83.123028128232619, 25.324222371579612 ], [ 83.121072085692902, 25.325261932485155 ], [ 83.118062588153805, 25.32648046536503 ], [ 83.112688958297227, 25.328366843662888 ], [ 83.11082066087738, 25.328867697914291 ], [ 83.110215729681173, 25.328962423074064 ], [ 83.109594129908174, 25.329070961579692 ], [ 83.108327717889679, 25.329292088720816 ], [ 83.106838316686606, 25.329539869956868 ], [ 83.106530975805498, 25.329605820382316 ], [ 83.104935874397057, 25.329859843336568 ], [ 83.104111903628478, 25.32999077563915 ], [ 83.103771009243886, 25.330065865700274 ], [ 83.102470980449567, 25.330352223662619 ], [ 83.102116637231944, 25.330400136978529 ], [ 83.101285936809319, 25.330613253104278 ], [ 83.099606372830621, 25.330794891356611 ], [ 83.099036160489419, 25.330856555841383 ], [ 83.097427162152954, 25.330891603637433 ], [ 83.096567851680206, 25.330910313843678 ], [ 83.093051692384265, 25.33082834946428 ], [ 83.089391617806029, 25.330340057137743 ], [ 83.085434307109111, 25.329712955665229 ], [ 83.084311503921782, 25.329535027930334 ], [ 83.08391399400827, 25.329472018814783 ], [ 83.080002614285931, 25.329227752121891 ], [ 83.079121610010105, 25.329172733711165 ], [ 83.078759595957493, 25.329150186577131 ], [ 83.074498466121369, 25.328884769358986 ], [ 83.073420275726463, 25.328817612238531 ], [ 83.073003267997962, 25.328791613692484 ], [ 83.070086770307597, 25.328352130507607 ], [ 83.069760561473103, 25.328302960469301 ], [ 83.069191205035978, 25.328366889963021 ], [ 83.067645597719476, 25.328540419072766 ], [ 83.066129780576489, 25.328715708405621 ], [ 83.064280645796671, 25.329299656572303 ], [ 83.063872713688482, 25.329399746232259 ], [ 83.063328542488634, 25.329600324259445 ], [ 83.059697888951376, 25.330221649072644 ], [ 83.059285159777446, 25.330178175910966 ], [ 83.05819310371416, 25.330063093667764 ], [ 83.055793352952648, 25.329422434447448 ], [ 83.053047762514353, 25.328426768261053 ], [ 83.052556484054165, 25.328248611169364 ], [ 83.051851589226686, 25.327992984220529 ], [ 83.051071607758004, 25.327710127929446 ], [ 83.049707486820807, 25.327215434562707 ], [ 83.046695263938602, 25.325300235651795 ], [ 83.04467498688517, 25.324226046377195 ], [ 83.041005977128393, 25.322644052985403 ], [ 83.042921146035084, 25.319796815809774 ], [ 83.043606119909185, 25.318778413864731 ], [ 83.0456487645896, 25.315741414127167 ], [ 83.045074468821412, 25.314922248623791 ], [ 83.044950030869416, 25.314520661472542 ], [ 83.044752104173284, 25.314186295865067 ], [ 83.044529531540419, 25.313829685364471 ], [ 83.041940848966505, 25.311772152476941 ], [ 83.04152105646051, 25.31125982359459 ], [ 83.041027350364118, 25.310703065588932 ], [ 83.039852204917722, 25.308724105882749 ], [ 83.039518367466997, 25.308161913508503 ], [ 83.039320394692737, 25.307805214693541 ], [ 83.039196133245142, 25.307448283406192 ], [ 83.039194769452436, 25.307090965359649 ], [ 83.039291811840386, 25.306755661389065 ], [ 83.040073583101019, 25.305524886903161 ], [ 83.040293756940542, 25.305256199014089 ], [ 83.040538677531913, 25.305032098109915 ], [ 83.040870096450874, 25.304923366586401 ], [ 83.041497975258537, 25.304803305482618 ], [ 83.038515768408388, 25.299589030279002 ], [ 83.034480465047409, 25.301789743473925 ], [ 83.030558627754033, 25.30341390342284 ], [ 83.028167210644412, 25.305574504244174 ], [ 83.020637162741309, 25.312377075145001 ], [ 83.019434588602195, 25.313463655917321 ], [ 83.019147501545021, 25.313145975789219 ], [ 83.01876550058536, 25.312764590762161 ], [ 83.016632126843831, 25.31063464205355 ], [ 83.013943013737929, 25.308240447819873 ], [ 83.013443980849871, 25.307630254353462 ], [ 83.012901411084499, 25.306966797243248 ], [ 83.011800123538748, 25.305855671454658 ], [ 83.010907503090451, 25.30466784618536 ], [ 83.010163927005408, 25.303340314169226 ], [ 83.009723109565073, 25.302139377623071 ], [ 83.009461969338886, 25.299999694403017 ], [ 83.009604885775317, 25.298841422811417 ], [ 83.009434355019337, 25.297751904450571 ], [ 83.009257035575786, 25.296235227965141 ], [ 83.009168072714544, 25.295801830067358 ], [ 83.011224395262587, 25.295453743790148 ], [ 83.015595594626859, 25.294713799876643 ], [ 83.018210799194179, 25.294271028158903 ], [ 83.020450085541341, 25.293891898522144 ], [ 83.022545511703839, 25.293541336914039 ], [ 83.022160168855279, 25.291266177610918 ], [ 83.026987519014014, 25.28924285047076 ], [ 83.027545750414987, 25.289107516255076 ], [ 83.027841608941515, 25.289035789053848 ], [ 83.029540091313635, 25.288359898582847 ], [ 83.029600329295363, 25.287520401316073 ], [ 83.031387983921903, 25.286871574946176 ], [ 83.032183790011388, 25.289176803091188 ], [ 83.033048606890688, 25.290357110259841 ], [ 83.033743943447718, 25.289897103217381 ], [ 83.033862341105674, 25.288848814994342 ], [ 83.033891987004083, 25.288586334776181 ], [ 83.034094236872946, 25.286875088907554 ], [ 83.034231797063171, 25.286367184143618 ], [ 83.034696089173679, 25.284652900792501 ], [ 83.035279334625699, 25.281448555491821 ], [ 83.035339835625749, 25.280130689472951 ], [ 83.036145040516715, 25.278709386838134 ], [ 83.038878370489471, 25.27451783587048 ], [ 83.039585583423317, 25.273298808721268 ], [ 83.039907111816632, 25.272744583045007 ], [ 83.040130907006372, 25.272225649626453 ], [ 83.040634455694018, 25.269079904782011 ], [ 83.041692378121581, 25.26814172205891 ], [ 83.04202765364758, 25.26768592768423 ], [ 83.042363046901812, 25.267230287543487 ], [ 83.044613049701724, 25.265114648296084 ], [ 83.04565496542223, 25.264443800755725 ], [ 83.046062976542771, 25.264181124259572 ], [ 83.046526983053354, 25.263938509755999 ], [ 83.047373861927284, 25.263495700375415 ], [ 83.048155084577147, 25.262817444098022 ], [ 83.049688088027693, 25.261569539422524 ], [ 83.050564855863513, 25.260621318229248 ], [ 83.051168696594559, 25.259968261163834 ], [ 83.051694589604963, 25.259399502513368 ], [ 83.053038624879733, 25.25826976575992 ], [ 83.054728539187835, 25.257243486789651 ], [ 83.055955226332443, 25.255953130640016 ], [ 83.057271332936295, 25.254933384489494 ], [ 83.059878044038186, 25.252938853798582 ], [ 83.061019669158568, 25.252317387154527 ], [ 83.062930628725823, 25.251454246175928 ], [ 83.063832884606029, 25.250864616356477 ], [ 83.065770835410419, 25.249623169667416 ], [ 83.06684808865657, 25.248910434564344 ], [ 83.067239494592371, 25.248387081645294 ], [ 83.067483857901408, 25.247931256340074 ], [ 83.067347846060898, 25.247412584278948 ], [ 83.066382841359768, 25.24637359413153 ], [ 83.065896828299316, 25.245779479400845 ], [ 83.065202280334148, 25.245082278759398 ], [ 83.064398541616299, 25.244621563553611 ], [ 83.063769178334525, 25.244469193446719 ], [ 83.063252199769408, 25.244467570677234 ], [ 83.061901982315078, 25.244927437076598 ], [ 83.060417703671519, 25.245716678320104 ], [ 83.059339401496743, 25.246269279627796 ], [ 83.058580900526948, 25.246498882479777 ], [ 83.057754340515316, 25.246526650634156 ], [ 83.05694810541965, 25.246735218516857 ], [ 83.056191121170727, 25.247025547078305 ], [ 83.055800251908693, 25.247067061663966 ], [ 83.054883906439642, 25.246804275329946 ], [ 83.054049910537543, 25.246701741915693 ], [ 83.052199258569601, 25.246498774255013 ], [ 83.050733185866918, 25.247126758954817 ], [ 83.050317086104954, 25.247304985798138 ], [ 83.050018253444023, 25.2474329861525 ], [ 83.049110881668724, 25.247792133390483 ], [ 83.048063660447895, 25.247877377275174 ], [ 83.047224987981863, 25.247750535488876 ], [ 83.046446001444934, 25.247443175638203 ], [ 83.046033199170438, 25.24747106545566 ], [ 83.045336078382135, 25.247713194136477 ], [ 83.044396138501483, 25.247717421243888 ], [ 83.04334886170777, 25.247866197661669 ], [ 83.04300647430928, 25.247686607279793 ], [ 83.04274855985166, 25.24747431209407 ], [ 83.042311860228807, 25.247406386066004 ], [ 83.041870077917352, 25.247473892797704 ], [ 83.041353777531711, 25.247687955200316 ], [ 83.041045856158405, 25.248015030502895 ], [ 83.040812492628305, 25.24822703434852 ], [ 83.040499631969851, 25.24841647582987 ], [ 83.040150941085628, 25.248626941941101 ], [ 83.039626055964902, 25.248697379516415 ], [ 83.038355419210745, 25.248774735699961 ], [ 83.03715942607846, 25.248790695721311 ], [ 83.036211302264803, 25.248836671856228 ], [ 83.033575969500106, 25.248789896029983 ], [ 83.030893903532458, 25.249042198229677 ], [ 83.03084389217463, 25.248705184204457 ], [ 83.030600372343557, 25.246344423641172 ], [ 83.03030575366256, 25.243600613355142 ], [ 83.030333323388689, 25.24257054744189 ], [ 83.03037836886466, 25.240983467509441 ], [ 83.03039021971702, 25.239885741740661 ], [ 83.030216302968839, 25.238708599197953 ], [ 83.029902895790784, 25.236587296922718 ], [ 83.028788159645501, 25.234280046447015 ], [ 83.028388413514989, 25.231422710231865 ], [ 83.028043299790937, 25.230725359837013 ], [ 83.027476746181122, 25.229580545827556 ], [ 83.027092508120049, 25.228981906490016 ], [ 83.023662282281819, 25.223637487913741 ], [ 83.023271068653358, 25.223027921848903 ], [ 83.022675872087092, 25.222124918605843 ], [ 83.021496999207315, 25.220525496934613 ], [ 83.018220270785989, 25.216179909853693 ], [ 83.017917199228506, 25.215837726802388 ], [ 83.015533448806437, 25.213230297544982 ], [ 83.014919227226031, 25.212558429439966 ], [ 83.013970319391078, 25.211520458877871 ], [ 83.013623967932077, 25.21114159949617 ], [ 83.012917669452975, 25.210582124436041 ], [ 83.012106857951238, 25.209939833145487 ], [ 83.00985535894155, 25.208126226672416 ], [ 83.008562092499716, 25.207084470510104 ], [ 83.006643935318039, 25.205146543443636 ], [ 83.004884890408391, 25.204683631895641 ], [ 83.001578667182059, 25.204587282725601 ], [ 82.998061642465686, 25.204569804505311 ], [ 82.997443894903327, 25.204435392992135 ], [ 82.995850373569354, 25.204300345237826 ], [ 82.994457408850664, 25.204451941753096 ], [ 82.993122933034726, 25.204624499828689 ], [ 82.991029586944904, 25.204887939274609 ], [ 82.989982517608624, 25.204984538343687 ], [ 82.988316003810979, 25.205138281637737 ], [ 82.987069223203505, 25.205248885385313 ], [ 82.985954631088632, 25.205347720801722 ], [ 82.985002258717486, 25.2054617354664 ], [ 82.984546272257944, 25.205516324446553 ], [ 82.983905868248883, 25.205592988457692 ], [ 82.981812397553966, 25.205869839325569 ], [ 82.980180050047494, 25.206037938916523 ], [ 82.979649454938297, 25.206092575698989 ], [ 82.977635202123238, 25.206380538233816 ], [ 82.976762305079845, 25.206505329536753 ], [ 82.975505349283225, 25.206627041574144 ], [ 82.974743221561639, 25.206700833330842 ], [ 82.971503610678681, 25.206892582162869 ], [ 82.971052206638504, 25.206901601184615 ], [ 82.968149854589768, 25.206962437660973 ], [ 82.966490341878057, 25.207027703383964 ], [ 82.965118537268381, 25.207081656058957 ], [ 82.963617749158047, 25.207087522891833 ], [ 82.962103551658331, 25.2070963595541 ], [ 82.959046023402792, 25.207247736258473 ], [ 82.957131000363617, 25.207397842963751 ], [ 82.954805771657533, 25.207513198307709 ], [ 82.95430199001791, 25.207540325889859 ], [ 82.952288848012415, 25.207648697250413 ], [ 82.951742739184482, 25.207675817921146 ], [ 82.949142506815519, 25.207725868787595 ], [ 82.946831495898905, 25.207877138778873 ], [ 82.94641608576552, 25.20788184631224 ], [ 82.945581306980131, 25.207891273493736 ], [ 82.943527256212107, 25.207892305925022 ], [ 82.941408661960764, 25.207784898261849 ], [ 82.940870536194566, 25.207732845437281 ], [ 82.940108735697549, 25.207659155930347 ], [ 82.938327471403781, 25.207429666864162 ], [ 82.93625351681429, 25.207114656602755 ], [ 82.935044450966672, 25.206921384099626 ], [ 82.93425394681455, 25.206794987867891 ], [ 82.933729803572191, 25.20670420411783 ], [ 82.933058153899921, 25.206587871769976 ], [ 82.931185271617707, 25.206343091066167 ], [ 82.930200273875059, 25.206214355111019 ], [ 82.926881120703598, 25.205439230634063 ], [ 82.924032686960743, 25.204487826780795 ], [ 82.92170571833536, 25.204145548227466 ], [ 82.919140608577024, 25.20366787599545 ], [ 82.917339385784217, 25.20280631550057 ], [ 82.915974975032597, 25.202386884856015 ], [ 82.913444587079525, 25.201769264566444 ], [ 82.910452695061394, 25.20082212640974 ], [ 82.908790539883327, 25.20008683351082 ], [ 82.908456429392189, 25.199902039583932 ], [ 82.907460808466197, 25.199351356411398 ], [ 82.906893539819421, 25.197920578168873 ], [ 82.907086680455762, 25.196832064334902 ], [ 82.907251224244305, 25.195865002492383 ], [ 82.906700809797044, 25.195636814344091 ], [ 82.9049450430485, 25.197320771233073 ], [ 82.903382679138375, 25.198490121698342 ], [ 82.902430291208788, 25.199352399219947 ], [ 82.901909592148868, 25.20034550451016 ], [ 82.901766189811966, 25.202074221053714 ], [ 82.902764076399279, 25.205274274065676 ], [ 82.903131578394209, 25.206853933358254 ], [ 82.903682427789462, 25.207454173131747 ], [ 82.903836308480379, 25.207715973473945 ], [ 82.904352571800686, 25.208803603847478 ], [ 82.904824081608169, 25.209755909959014 ], [ 82.904987936353109, 25.210225311478464 ], [ 82.905459401412173, 25.210561474261137 ], [ 82.905598111918366, 25.211059131474435 ], [ 82.905485544356424, 25.211388502712357 ], [ 82.905139545921983, 25.211507148458384 ], [ 82.904732728029671, 25.211719346419958 ], [ 82.904259030320176, 25.212193388016022 ], [ 82.904001660313085, 25.212434795947967 ], [ 82.903403380721528, 25.213001510622782 ], [ 82.903133696696102, 25.213345225585314 ], [ 82.903061264004251, 25.213768737065102 ], [ 82.903197708056098, 25.214143509842902 ], [ 82.903272665374814, 25.214407892514675 ], [ 82.902836830687065, 25.214529771922546 ], [ 82.900374877649853, 25.21521822418903 ], [ 82.898970057969322, 25.211959634472894 ], [ 82.897520729172115, 25.209179436210924 ], [ 82.896578000173776, 25.208741819831747 ], [ 82.895456671835277, 25.208340217090146 ], [ 82.894315453433165, 25.208340367374909 ], [ 82.893505623710212, 25.208398146560377 ], [ 82.892603838316049, 25.208462486395689 ], [ 82.891418043688617, 25.208620615512181 ], [ 82.890430801419825, 25.20885991074001 ], [ 82.890172119703095, 25.209089355692107 ], [ 82.889641962150463, 25.209559594015818 ], [ 82.888872442541825, 25.2100597928853 ], [ 82.888128737074837, 25.209361168052876 ], [ 82.887310020250254, 25.208165150245907 ], [ 82.886842420985005, 25.207192484196209 ], [ 82.885771617066723, 25.204965047590367 ], [ 82.885502427018196, 25.204578489505501 ], [ 82.884927696886777, 25.203235972606262 ], [ 82.884789144445179, 25.20295204911854 ], [ 82.884218544629675, 25.202049401659707 ], [ 82.883667803342732, 25.201372309333053 ], [ 82.883538764929156, 25.201110577858046 ], [ 82.883558574206106, 25.200830702516338 ], [ 82.883866129545112, 25.200072437745849 ], [ 82.883997808082881, 25.199522070191868 ], [ 82.883032682918014, 25.199472142097047 ], [ 82.881737872673924, 25.199594022592784 ], [ 82.880705957695511, 25.199833354615642 ], [ 82.880099084548903, 25.200084587160919 ], [ 82.879297882754059, 25.200670131026651 ], [ 82.878622316516356, 25.200411161120421 ], [ 82.878443696556175, 25.200632293605555 ], [ 82.87805181199947, 25.201232659601096 ], [ 82.87746392674245, 25.202139925212517 ], [ 82.876895942413185, 25.202248253177018 ], [ 82.875908616343949, 25.202270832767866 ], [ 82.874722980602385, 25.202130926619198 ], [ 82.873472760576064, 25.201810460524552 ], [ 82.871972447844342, 25.201340489151381 ], [ 82.871319625872758, 25.20091218495395 ], [ 82.870773892461187, 25.200072627936922 ], [ 82.870421677685144, 25.19929635712834 ], [ 82.869742098358657, 25.199373008753021 ], [ 82.869479102626968, 25.198777165895397 ], [ 82.869236078191264, 25.19775708518544 ], [ 82.869127023580035, 25.196876946102584 ], [ 82.868883998885138, 25.196019357865385 ], [ 82.868519577365461, 25.195663692668443 ], [ 82.868209332507192, 25.195437047028555 ], [ 82.867837265363605, 25.194936003484525 ], [ 82.867549527385691, 25.194119013107255 ], [ 82.867493445834342, 25.193475969605164 ], [ 82.867683535160509, 25.193157586945993 ], [ 82.868024750018265, 25.192868995161572 ], [ 82.867991160600255, 25.192498597320352 ], [ 82.869464770558025, 25.191826227638316 ], [ 82.870248391592213, 25.191501219679001 ], [ 82.873671200889618, 25.190061351230746 ], [ 82.87327923531501, 25.1895061251698 ], [ 82.872599789716261, 25.188644104413711 ], [ 82.872421206539997, 25.188084348665761 ], [ 82.872178180127634, 25.187524681503053 ], [ 82.871860650708356, 25.187303516427932 ], [ 82.871399361450585, 25.187222251148413 ], [ 82.869402897107562, 25.187829585558635 ], [ 82.868773253567809, 25.186559513776952 ], [ 82.868338775728404, 25.185683055156467 ], [ 82.866761327416327, 25.185565614506533 ], [ 82.866542185499441, 25.185284354065193 ], [ 82.866453847165729, 25.185023881783703 ], [ 82.866109678688971, 25.184324298926239 ], [ 82.86592318386009, 25.183945159226148 ], [ 82.865740343287939, 25.183332569353283 ], [ 82.865223987053056, 25.181602525742719 ], [ 82.864945212412593, 25.18063488310715 ], [ 82.864718122304708, 25.179846633208374 ], [ 82.864495017658314, 25.178551168719089 ], [ 82.864341454113003, 25.176790868244268 ], [ 82.864148078693574, 25.175897178076056 ], [ 82.862909599430253, 25.173214254836562 ], [ 82.861384649118293, 25.169910666771777 ], [ 82.860924688899573, 25.168914232628595 ], [ 82.859307456316159, 25.16937898200203 ], [ 82.858489524277104, 25.168178234290725 ], [ 82.856857781463034, 25.168755737373033 ], [ 82.855225890086032, 25.169333299213758 ], [ 82.854819322478932, 25.168778126980843 ], [ 82.854606623489786, 25.168444942277439 ], [ 82.854055668756914, 25.167581905881995 ], [ 82.853014000761263, 25.168051103864371 ], [ 82.851650364144689, 25.166719407064342 ], [ 82.850836832617134, 25.165858202036436 ], [ 82.850128007035693, 25.165107837453061 ], [ 82.849481006071017, 25.16503785928202 ], [ 82.848957590432349, 25.164981253044175 ], [ 82.847246618921858, 25.164565669823471 ], [ 82.846566224512074, 25.164439741230812 ], [ 82.846056992322232, 25.164345488940448 ], [ 82.845383283823281, 25.16467887603487 ], [ 82.843905064021513, 25.165608304246661 ], [ 82.843623145773364, 25.165750572092332 ], [ 82.843348158842261, 25.165372856884403 ], [ 82.842236880034008, 25.16615794672953 ], [ 82.841165515956604, 25.166757999018195 ], [ 82.83962274880507, 25.16762880272935 ], [ 82.83902214153693, 25.167931031646045 ], [ 82.838602260981702, 25.168081285122053 ], [ 82.836439703825747, 25.168763788705469 ], [ 82.835992026445425, 25.168386036337861 ], [ 82.835674705363104, 25.16808824813797 ], [ 82.834796634769944, 25.168570996181323 ], [ 82.833839220314232, 25.169270366831057 ], [ 82.834572708106009, 25.170764591994573 ], [ 82.835117997615171, 25.171789325414416 ], [ 82.835486128759769, 25.172911751063243 ], [ 82.833639267143596, 25.173657616398451 ], [ 82.831639164509596, 25.174435340522031 ], [ 82.830752112338814, 25.174870923957819 ], [ 82.82955665167745, 25.175340028391179 ], [ 82.83023184327277, 25.176547990721403 ], [ 82.828916067494063, 25.177267154283658 ], [ 82.827149934694859, 25.178051959631169 ], [ 82.825896403201682, 25.178675180117182 ], [ 82.825190265154461, 25.17902624936648 ], [ 82.823816093313013, 25.17965775586071 ], [ 82.824718035622553, 25.181598961263159 ], [ 82.825203755972225, 25.182470233889468 ], [ 82.825443424353239, 25.183282721096433 ], [ 82.824811424512532, 25.183738402083723 ], [ 82.823456773933827, 25.184785119103466 ], [ 82.821498208880215, 25.182983523217164 ], [ 82.821081432163723, 25.183249619502735 ], [ 82.820386770707316, 25.183705293418431 ], [ 82.819275390583329, 25.184314198238742 ], [ 82.81860309964749, 25.184673308143299 ], [ 82.817687705998239, 25.185040311300845 ], [ 82.817285789358976, 25.185130484361974 ], [ 82.816670706791655, 25.185179883059568 ], [ 82.816208770359992, 25.185170534808012 ], [ 82.815990974352431, 25.185445887858737 ], [ 82.815837030113315, 25.18578886613922 ], [ 82.81561164272469, 25.186065634444706 ], [ 82.815122748190916, 25.185876630291027 ], [ 82.814699495453652, 25.185764395892502 ], [ 82.814408393944007, 25.186000449919344 ], [ 82.814209724236079, 25.186343409937905 ], [ 82.813921922007196, 25.18667280014407 ], [ 82.813559677299352, 25.18693891332158 ], [ 82.81318249922866, 25.187114799783782 ], [ 82.812837796957979, 25.187110163395374 ], [ 82.812304866924492, 25.18687235054124 ], [ 82.812015098916788, 25.186814504530624 ], [ 82.811235611427222, 25.187297181461869 ], [ 82.810449786141817, 25.187870109173961 ], [ 82.810041937541456, 25.188246414340703 ], [ 82.809744051125932, 25.188723878481802 ], [ 82.809401676381299, 25.188837395526299 ], [ 82.808226070831154, 25.188875280699818 ], [ 82.807705804215843, 25.187708277165214 ], [ 82.807592053455394, 25.187162099860785 ], [ 82.807691521171677, 25.186746833396636 ], [ 82.807855460848444, 25.186291090252663 ], [ 82.807983467765283, 25.185930965330339 ], [ 82.808255235844612, 25.185354635075004 ], [ 82.808079748672981, 25.184341245377457 ], [ 82.807817404033585, 25.183330074754725 ], [ 82.807916731240638, 25.182987083183399 ], [ 82.808150108489457, 25.182657678165103 ], [ 82.808304182758505, 25.182089054091193 ], [ 82.807987878455251, 25.179949416884728 ], [ 82.807773393417975, 25.178558690532324 ], [ 82.807691303643338, 25.178026415555248 ], [ 82.807330293578147, 25.176103473876644 ], [ 82.806969141543618, 25.174279775995572 ], [ 82.806776297165385, 25.173327276955224 ], [ 82.806623137219589, 25.172135604429755 ], [ 82.806330792866859, 25.17156673777027 ], [ 82.804605368113215, 25.170527797340672 ], [ 82.804254033609283, 25.17030903862101 ], [ 82.803499665227861, 25.169863784517506 ], [ 82.80247726274591, 25.170969114591916 ], [ 82.80128119135469, 25.172196262714266 ], [ 82.799708031350576, 25.173612783688867 ], [ 82.798705751087354, 25.174307310821597 ], [ 82.7970929194544, 25.175484602579704 ], [ 82.796309695400296, 25.176026390598707 ], [ 82.79541076398894, 25.176648212927343 ], [ 82.794367242747811, 25.177355207571537 ], [ 82.794046101517694, 25.177572783650128 ], [ 82.793688801534913, 25.177834343898837 ], [ 82.794153775470122, 25.178566751750466 ], [ 82.794620464735843, 25.179301906461461 ], [ 82.795066299038339, 25.179911231230069 ], [ 82.795522336094976, 25.180534536141742 ], [ 82.795974235313054, 25.181053179551515 ], [ 82.796926251838812, 25.180399931206928 ], [ 82.797511081608491, 25.181117828532368 ], [ 82.798814524137057, 25.182856282996166 ], [ 82.799939590221669, 25.184301228651364 ], [ 82.801272977549814, 25.185985539528406 ], [ 82.801813242848155, 25.186766591158591 ], [ 82.802657185121546, 25.188155547414244 ], [ 82.802839046697144, 25.188527432935459 ], [ 82.802799123173642, 25.188820828363824 ], [ 82.802636038949203, 25.189106938522844 ], [ 82.802243224826611, 25.189389260628822 ], [ 82.801789202035209, 25.189612493095812 ], [ 82.801111711151378, 25.189666102675989 ], [ 82.800363002857921, 25.189690730827632 ], [ 82.798641555655905, 25.189766606241363 ], [ 82.797346861636242, 25.189765987258664 ], [ 82.796916991770175, 25.189786709384009 ], [ 82.796332282547667, 25.189948226327669 ], [ 82.795208306928018, 25.190523168362972 ], [ 82.794664193171968, 25.190689200888205 ], [ 82.793997735202538, 25.190892564002606 ], [ 82.79345798247293, 25.19107044298968 ], [ 82.792935743766748, 25.191510415920188 ], [ 82.792322307820626, 25.191716750828672 ], [ 82.791729991537323, 25.191915980028472 ], [ 82.791199087571172, 25.192064570112503 ], [ 82.790866569575797, 25.192267489875608 ], [ 82.790628180346019, 25.19258333029768 ], [ 82.790469362541927, 25.192976751683201 ], [ 82.790265447435232, 25.193508479119064 ], [ 82.790046963713095, 25.193864928407812 ], [ 82.789583403332543, 25.194242458147901 ], [ 82.788718024734223, 25.194526034546115 ], [ 82.787977611911643, 25.194807103623308 ], [ 82.787655084875539, 25.194879104644258 ], [ 82.787493629039872, 25.195217557895951 ], [ 82.787629804755483, 25.195614780565748 ], [ 82.787757137074664, 25.195923622174337 ], [ 82.787906841378074, 25.196303989171298 ], [ 82.788001084434569, 25.196644175120998 ], [ 82.78807519410698, 25.197036130204005 ], [ 82.787807136220962, 25.19736622136654 ], [ 82.787444876947305, 25.197528516520588 ], [ 82.786998208444899, 25.197717830492085 ], [ 82.786697865393634, 25.197843017598363 ], [ 82.786749850828087, 25.198232242004096 ], [ 82.78695769407615, 25.198981577912829 ], [ 82.787289356485118, 25.199943191290213 ], [ 82.787551665480223, 25.200819053384524 ], [ 82.78760711649015, 25.201309893575825 ], [ 82.787522653357513, 25.201796273249371 ], [ 82.787418133381976, 25.20230752165773 ], [ 82.787163269898784, 25.202822804541956 ], [ 82.78693987874712, 25.203066466658115 ], [ 82.786607361768816, 25.20321524209217 ], [ 82.786091348975845, 25.203264576346015 ], [ 82.785169947377995, 25.20325494036895 ], [ 82.78413166388107, 25.203254351202229 ], [ 82.783213948478121, 25.203113884392359 ], [ 82.782702914369963, 25.203136176826586 ], [ 82.782747143458749, 25.203695828735274 ], [ 82.782969696983784, 25.204661895174304 ], [ 82.78345459505627, 25.206431558834591 ], [ 82.783773977889666, 25.20732772443225 ], [ 82.784997019356879, 25.207226891761593 ], [ 82.785790995613326, 25.207087493207904 ], [ 82.786833037169757, 25.206884982855943 ], [ 82.787153757137389, 25.206976170070728 ], [ 82.787723025964667, 25.207582850512274 ], [ 82.788544165575942, 25.207626210904426 ], [ 82.788891468339514, 25.207626398751465 ], [ 82.789199062063688, 25.207536343928943 ], [ 82.789908677387146, 25.207311082525273 ], [ 82.790255560613488, 25.207902468775508 ], [ 82.790532772014103, 25.208791865562112 ], [ 82.79093419582567, 25.209514239575999 ], [ 82.791946636674766, 25.209122135783428 ], [ 82.792909468743275, 25.208567488914117 ], [ 82.792926341244353, 25.207891254101348 ], [ 82.793196711321698, 25.207790260120444 ], [ 82.793495541676819, 25.207678635545889 ], [ 82.794468047807371, 25.207489572399478 ], [ 82.795371301915722, 25.207187686603547 ], [ 82.796939307885353, 25.206705590655574 ], [ 82.798487524481573, 25.206300153762875 ], [ 82.799335944544708, 25.206268980923273 ], [ 82.799975463626893, 25.207027601402277 ], [ 82.800694921522606, 25.206951171692594 ], [ 82.801811348300774, 25.206698973241256 ], [ 82.802783936864842, 25.206509947075492 ], [ 82.803687015644144, 25.206293725176632 ], [ 82.804619771489016, 25.206208336800618 ], [ 82.805686599762041, 25.205951575801052 ], [ 82.805716581382441, 25.205509221505771 ], [ 82.806565105266557, 25.205292958302994 ], [ 82.807368903013398, 25.205067653371511 ], [ 82.808415912031876, 25.204752220560458 ], [ 82.809569605608218, 25.204344265661142 ], [ 82.810097521093979, 25.20510493721072 ], [ 82.810553641665834, 25.205854430876435 ], [ 82.810980045947105, 25.206405285840816 ], [ 82.811401711026832, 25.206473193540774 ], [ 82.811709479019939, 25.206188975377177 ], [ 82.81162531456738, 25.205918133751108 ], [ 82.811441881619729, 25.205638186889843 ], [ 82.811372488006882, 25.205371817170015 ], [ 82.81211174048201, 25.205308955257127 ], [ 82.812791448089243, 25.20533637797794 ], [ 82.813292601127401, 25.20524625702453 ], [ 82.813642456556252, 25.205079432045419 ], [ 82.813694660583508, 25.204777067703709 ], [ 82.81359283008625, 25.204533199953808 ], [ 82.813831904213941, 25.204280646388177 ], [ 82.814295266373264, 25.204285303891226 ], [ 82.814974941596773, 25.204371363115495 ], [ 82.815699076573608, 25.204484386141246 ], [ 82.816030862326599, 25.20591536762787 ], [ 82.816115705241316, 25.206183133618737 ], [ 82.816370137670646, 25.207074419558264 ], [ 82.816035592564006, 25.207351582102742 ], [ 82.815426498912515, 25.20746593311674 ], [ 82.815089909360651, 25.207591829178771 ], [ 82.814806936074362, 25.207882877060939 ], [ 82.814501814881282, 25.207914340507656 ], [ 82.814159404266263, 25.207945789646324 ], [ 82.813938520882118, 25.208216511551903 ], [ 82.813980482582821, 25.208731118571531 ], [ 82.8141187604446, 25.209958844851528 ], [ 82.814178584520874, 25.210595992825358 ], [ 82.814088053006586, 25.211818432315564 ], [ 82.812867383747403, 25.21204812422484 ], [ 82.811807913344026, 25.212304183743154 ], [ 82.811031413855616, 25.21249418580236 ], [ 82.81061458840702, 25.21267004460594 ], [ 82.810306786522858, 25.21298588506049 ], [ 82.810098240806113, 25.213342362402233 ], [ 82.809919261186863, 25.213874973308403 ], [ 82.809819865962865, 25.21431720533845 ], [ 82.8097352764768, 25.214696290334484 ], [ 82.809640736519583, 25.215248058380194 ], [ 82.809216355412801, 25.215436362404795 ], [ 82.808950827333462, 25.215689012950733 ], [ 82.809015130750964, 25.216113313664277 ], [ 82.809099293783859, 25.216393224362001 ], [ 82.809129486671253, 25.216977471162366 ], [ 82.809023221524441, 25.21727018943476 ], [ 82.808746489702855, 25.217426676055133 ], [ 82.808468502896744, 25.217589053847675 ], [ 82.808103268041421, 25.217764160024988 ], [ 82.807984368986695, 25.218241030010798 ], [ 82.807733653036124, 25.218504963120232 ], [ 82.807443454742355, 25.218612466045247 ], [ 82.807072026903555, 25.219095269798231 ], [ 82.807008611861519, 25.219615036147935 ], [ 82.806973756902494, 25.219890336315096 ], [ 82.806641218124085, 25.220043617586949 ], [ 82.806299049227079, 25.219815542015112 ], [ 82.804933312228371, 25.218625790936738 ], [ 82.804592660259772, 25.218814969743466 ], [ 82.804145848707719, 25.219180356366003 ], [ 82.80428464027834, 25.219487357761874 ], [ 82.804522672395933, 25.219726658676322 ], [ 82.804909496241009, 25.220083480144087 ], [ 82.805323659656437, 25.220408598371499 ], [ 82.805936363440594, 25.220593961246625 ], [ 82.806422599305009, 25.220707040065683 ], [ 82.806799619466133, 25.22084713940157 ], [ 82.807054967265486, 25.221086459505027 ], [ 82.807096850182546, 25.221610042030136 ], [ 82.806880861000622, 25.221833389030298 ], [ 82.806476431580563, 25.221844493975052 ], [ 82.805880935565057, 25.222027779783659 ], [ 82.806034615420799, 25.22237239374823 ], [ 82.806813289804879, 25.222995627970668 ], [ 82.807661355284822, 25.223654959660358 ], [ 82.808048119093911, 25.224160737610941 ], [ 82.808216663040909, 25.224499324003585 ], [ 82.808382303106384, 25.225211227310449 ], [ 82.809125559533229, 25.225317155772718 ], [ 82.810895890494905, 25.225195617411639 ], [ 82.812285270774439, 25.225250392757484 ], [ 82.812955061381359, 25.225363469022707 ], [ 82.813438609621315, 25.225672829374385 ], [ 82.813851402430601, 25.226326851527482 ], [ 82.814315772533632, 25.227013176701721 ], [ 82.814618814509302, 25.227295996445815 ], [ 82.81560368418927, 25.227567217884232 ], [ 82.816442155034224, 25.227946733958905 ], [ 82.816898435762468, 25.228316974257087 ], [ 82.816997583889375, 25.228632971953836 ], [ 82.81696109732664, 25.229200585616979 ], [ 82.816570420675603, 25.229431741232229 ], [ 82.816262665564295, 25.229585098718541 ], [ 82.815992464626689, 25.229803324018633 ], [ 82.815860488690348, 25.230167157621505 ], [ 82.815775886711847, 25.230595956246475 ], [ 82.815636818842535, 25.231061880732788 ], [ 82.815398403023238, 25.231394645662036 ], [ 82.815165004078338, 25.231620298847972 ], [ 82.814842388500438, 25.231940647794318 ], [ 82.814437175820942, 25.232448109517453 ], [ 82.814370494871355, 25.232888258128362 ], [ 82.814456569972506, 25.233349338412271 ], [ 82.814655511268185, 25.23367621209719 ], [ 82.813412263702389, 25.233813217470285 ], [ 82.812523958931052, 25.233871517445078 ], [ 82.811320727868932, 25.23415554904895 ], [ 82.810303792686753, 25.234386781929231 ], [ 82.809914374570226, 25.23449860521443 ], [ 82.808851280306612, 25.234772641911025 ], [ 82.809277598229571, 25.235589768827762 ], [ 82.810264207363602, 25.237377661054509 ], [ 82.8106350064335, 25.238311648283553 ], [ 82.810943323029704, 25.238781737408761 ], [ 82.811027460544707, 25.23935040955589 ], [ 82.810987357963896, 25.240018398594774 ], [ 82.810792900640521, 25.241715494729338 ], [ 82.81068311495909, 25.242879950096444 ], [ 82.810543557239072, 25.244066945465335 ], [ 82.810331385045131, 25.245005327227322 ], [ 82.810344338821537, 25.245538298642114 ], [ 82.810969711505578, 25.245439333575199 ], [ 82.811922708571743, 25.245313309359549 ], [ 82.813049281252518, 25.245241572792388 ], [ 82.813411527206426, 25.24531397882361 ], [ 82.813907622751174, 25.245627858353366 ], [ 82.814379132962898, 25.245682230132612 ], [ 82.815024352234488, 25.245558372367697 ], [ 82.815788692217055, 25.245418713279836 ], [ 82.815986412275038, 25.247012087403842 ], [ 82.816039972541589, 25.249038762888816 ], [ 82.816908254121032, 25.249693563886094 ], [ 82.817848073178368, 25.250414645594184 ], [ 82.818525303579889, 25.251587012785439 ], [ 82.819954068219047, 25.253058932002265 ], [ 82.820643611068462, 25.253939364056993 ], [ 82.819908398297045, 25.255297677072893 ], [ 82.81962722369957, 25.255651191743887 ], [ 82.818701994686123, 25.256033018973653 ], [ 82.817948609206255, 25.255911814264589 ], [ 82.817667803535272, 25.255966197169204 ], [ 82.816771251159111, 25.256050284696169 ], [ 82.816228563668716, 25.256349206832269 ], [ 82.815976877209678, 25.256487840770603 ], [ 82.814909715552048, 25.256595710943238 ], [ 82.814602041173032, 25.256619177576844 ], [ 82.814085739021436, 25.256658555125085 ], [ 82.812723086752257, 25.257163544875102 ], [ 82.812306904059227, 25.25727148475443 ], [ 82.812025577107605, 25.257402479879165 ], [ 82.811405045089316, 25.257722668744947 ], [ 82.810422273651184, 25.257677073779984 ], [ 82.809062500718923, 25.25743725065993 ], [ 82.808081513372656, 25.257544436989917 ], [ 82.807484200096667, 25.257377872284973 ], [ 82.806719888842352, 25.257156418086158 ], [ 82.806054910584791, 25.257043246882493 ], [ 82.805121861908987, 25.256835168487765 ], [ 82.804252251182717, 25.256559457950267 ], [ 82.804097182520493, 25.255069823530008 ], [ 82.802199479557302, 25.255028331458025 ], [ 82.800598875134, 25.254998193696586 ], [ 82.80039322171109, 25.254503878069908 ], [ 82.799907724177942, 25.253054778441772 ], [ 82.799308450094856, 25.251081972535854 ], [ 82.798945084484856, 25.250317890553845 ], [ 82.798445449739432, 25.249947073374845 ], [ 82.798010407505686, 25.249870071174932 ], [ 82.797646441736433, 25.249919509076584 ], [ 82.79724938325522, 25.24998246893086 ], [ 82.7967877619147, 25.25000930915478 ], [ 82.796271538932075, 25.250103879906618 ], [ 82.795829863439806, 25.250121704490162 ], [ 82.795482503623006, 25.250067318881175 ], [ 82.795098347191967, 25.249894340131103 ], [ 82.794774122923698, 25.249552904890042 ], [ 82.794416029432838, 25.249109893335518 ], [ 82.794118365919275, 25.24885693969366 ], [ 82.793761026666658, 25.248829675316429 ], [ 82.793367206019184, 25.24879977684736 ], [ 82.792168038029729, 25.24860311893557 ], [ 82.791254916739433, 25.248512327518249 ], [ 82.79045093417092, 25.248557011195867 ], [ 82.78980112930158, 25.248551359519329 ], [ 82.789334191005835, 25.248547298881636 ], [ 82.788212615564049, 25.248501579840497 ], [ 82.787571808621408, 25.248466031622851 ], [ 82.78708242852862, 25.248332767911531 ], [ 82.786758442658183, 25.248545795281821 ], [ 82.786129448534524, 25.248763494399498 ], [ 82.78530386830117, 25.249032452441785 ], [ 82.784834809721076, 25.249126920413509 ], [ 82.784509866444054, 25.24903649577978 ], [ 82.78435619411529, 25.248774627350635 ], [ 82.784371677175884, 25.248047896025664 ], [ 82.784402335977191, 25.246747995052559 ], [ 82.784400507908941, 25.245876901801438 ], [ 82.785105398609304, 25.245649356625055 ], [ 82.785197454397519, 25.245295152822095 ], [ 82.785227582370297, 25.244902430564771 ], [ 82.785064422040421, 25.243995062910912 ], [ 82.784931180769448, 25.243006514830082 ], [ 82.784778008765429, 25.24215337498833 ], [ 82.784699302141391, 25.241205454765002 ], [ 82.784699937550755, 25.24028013537826 ], [ 82.784816749286861, 25.239984589340462 ], [ 82.78531584983412, 25.239571879025938 ], [ 82.786269089833539, 25.238908920896424 ], [ 82.786989003949898, 25.238482840479694 ], [ 82.788252406261435, 25.238444592983594 ], [ 82.78830454091144, 25.237826925888914 ], [ 82.788126341324414, 25.237258057995984 ], [ 82.78739175951732, 25.237266656139578 ], [ 82.786478660125397, 25.237266059178911 ], [ 82.785873228556568, 25.23732436194441 ], [ 82.785473844445974, 25.237209083330491 ], [ 82.785248563274095, 25.236574831503653 ], [ 82.785120085905433, 25.235805115096248 ], [ 82.785358464280634, 25.235568278966984 ], [ 82.786346196668021, 25.235198835358297 ], [ 82.787021366221367, 25.234824607056311 ], [ 82.787855619540963, 25.234030657193198 ], [ 82.788858403648405, 25.233521176068397 ], [ 82.789905671677019, 25.23323293822807 ], [ 82.790503629505906, 25.233255803178618 ], [ 82.790858569609398, 25.233154455514445 ], [ 82.790740027183617, 25.232235881974663 ], [ 82.790676038278747, 25.231477525284252 ], [ 82.790741103442969, 25.230714817601918 ], [ 82.791222809978436, 25.230189209896245 ], [ 82.791981654385523, 25.230724475381589 ], [ 82.792473169278793, 25.230408879341891 ], [ 82.792606512127136, 25.230056105226609 ], [ 82.792470960829377, 25.229664529595148 ], [ 82.792340849517956, 25.228906641944643 ], [ 82.792057805424605, 25.228156301872829 ], [ 82.789928968653399, 25.228276891315673 ], [ 82.786886889600979, 25.228500882008319 ], [ 82.784857340185567, 25.228558293172664 ], [ 82.784331878670045, 25.228576585878884 ], [ 82.782817862541947, 25.228629297901456 ], [ 82.782315975850807, 25.228665836542785 ], [ 82.781457325652525, 25.228727304686291 ], [ 82.780917517331972, 25.228767638835613 ], [ 82.780584626075921, 25.22888967310768 ], [ 82.780439996799359, 25.229864488320697 ], [ 82.780229522183873, 25.230883340960666 ], [ 82.779880651238884, 25.231247585635781 ], [ 82.779824058085097, 25.231885377522214 ], [ 82.779778938803418, 25.23305037190903 ], [ 82.777886509695662, 25.233518950192085 ], [ 82.777527319440367, 25.23358351807952 ], [ 82.776069904778112, 25.233887828135511 ], [ 82.775692680154563, 25.234009482214542 ], [ 82.775919281230841, 25.236045226219822 ], [ 82.7760465450053, 25.238279575984116 ], [ 82.776093422454082, 25.238777844239745 ], [ 82.776130103393854, 25.239353935032579 ], [ 82.776331669485685, 25.241310191540041 ], [ 82.776409822563409, 25.242058012810819 ], [ 82.77651713407154, 25.242466336680035 ], [ 82.776835922778602, 25.242603048168025 ], [ 82.777179820812648, 25.24239679278956 ], [ 82.777487574298618, 25.242211939688747 ], [ 82.777847474764755, 25.242139983099474 ], [ 82.778147563238605, 25.242293622044574 ], [ 82.778683215260074, 25.242736306984 ], [ 82.779997280379746, 25.244122808904411 ], [ 82.781311332342895, 25.245464203839038 ], [ 82.781450067040566, 25.245811821488559 ], [ 82.781136879836822, 25.246511216253882 ], [ 82.780962671015232, 25.247215298464461 ], [ 82.780932492289338, 25.24765303738122 ], [ 82.781150453851879, 25.248194860727743 ], [ 82.7816706714936, 25.249463506583417 ], [ 82.780018975983552, 25.250438642269174 ], [ 82.77956975653332, 25.250630870025788 ], [ 82.779242734048353, 25.250709315722318 ], [ 82.778602429047723, 25.250745016939483 ], [ 82.777718936210533, 25.250825675720289 ], [ 82.777375139110845, 25.251556095843537 ], [ 82.777032924214311, 25.252283146569617 ], [ 82.776700166902501, 25.252599112204674 ], [ 82.775409506160926, 25.252783044064518 ], [ 82.774207442531562, 25.252901851832608 ], [ 82.773004513153595, 25.253020742134034 ], [ 82.772416466277576, 25.2530788614649 ], [ 82.772632429819822, 25.256008410253983 ], [ 82.770990665508066, 25.256029728035958 ], [ 82.771053248036068, 25.256941626525418 ], [ 82.771146755739139, 25.257876021184117 ], [ 82.770654993757034, 25.258331497003564 ], [ 82.770416379703448, 25.258841452287445 ], [ 82.770340919076318, 25.260410781525128 ], [ 82.770522999646857, 25.261861144389556 ], [ 82.770790393016625, 25.262619536513107 ], [ 82.772130727576908, 25.262430952313785 ], [ 82.774637479363591, 25.262207013199824 ], [ 82.775545895829794, 25.262072163000678 ], [ 82.776104135879436, 25.261949038281873 ], [ 82.776851586439648, 25.261784180260179 ], [ 82.777958615651912, 25.261532153662234 ], [ 82.77846919024725, 25.261604640997447 ], [ 82.779292405173777, 25.26337005212298 ], [ 82.779738345383507, 25.264408514815933 ], [ 82.780026079431181, 25.264647841404738 ], [ 82.78120430724509, 25.264749747708759 ], [ 82.781211896155583, 25.265230839233713 ], [ 82.780626183118386, 25.265275601639129 ], [ 82.780154429789775, 25.2655145885408 ], [ 82.779940710439973, 25.265929657734677 ], [ 82.779880509148455, 25.266714995886499 ], [ 82.779974190051831, 25.26750944721012 ], [ 82.780191916066485, 25.268416842505339 ], [ 82.780360406642501, 25.268809675746411 ], [ 82.779990450685588, 25.268962876886768 ], [ 82.779551082624266, 25.269057388443088 ], [ 82.779208411000837, 25.269278311923181 ], [ 82.778542992891261, 25.26960739623734 ], [ 82.77813567346351, 25.269895943990257 ], [ 82.777440550325011, 25.270134786056861 ], [ 82.776686031214922, 25.270340821945659 ], [ 82.775913925500433, 25.270467743677514 ], [ 82.775315700470472, 25.270557583630531 ], [ 82.775062663562622, 25.270354358911227 ], [ 82.77494379874561, 25.270060867976763 ], [ 82.774349649700483, 25.268142212330133 ], [ 82.773834806787534, 25.266462778578489 ], [ 82.773500082817392, 25.266127066023877 ], [ 82.768305136955149, 25.266607823631489 ], [ 82.764303917962323, 25.266988602946064 ], [ 82.763614033324643, 25.267037431427589 ], [ 82.762948776889104, 25.267113954444152 ], [ 82.761975763991231, 25.267194459980342 ], [ 82.761598585639518, 25.267130944752971 ], [ 82.761062750776219, 25.266882281529586 ], [ 82.760740270584151, 25.26667445304113 ], [ 82.760155188409371, 25.265956302978218 ], [ 82.759373385444277, 25.26334229125241 ], [ 82.759177853424916, 25.262405619624587 ], [ 82.758642114413021, 25.259839179154838 ], [ 82.758449433070325, 25.258850570751754 ], [ 82.758429148551173, 25.25840630035918 ], [ 82.758405743700266, 25.257893645912919 ], [ 82.758540438209735, 25.257153478170491 ], [ 82.758987950347233, 25.25629625259878 ], [ 82.759117761995626, 25.255465858654201 ], [ 82.759232471834054, 25.254879140706983 ], [ 82.759670198912644, 25.253854902798381 ], [ 82.759651038287004, 25.253424290428732 ], [ 82.759417869437996, 25.253064854725974 ], [ 82.759199752922953, 25.252793847888526 ], [ 82.758640452442393, 25.251200117621636 ], [ 82.758699710079981, 25.250321434578346 ], [ 82.758603894432952, 25.249757580759134 ], [ 82.758473686748133, 25.248991212558551 ], [ 82.758401777772264, 25.248664479360826 ], [ 82.758083319191257, 25.247217067505751 ], [ 82.757965208579719, 25.246751849982829 ], [ 82.75784597145298, 25.246282552912877 ], [ 82.757578862007364, 25.245352523207398 ], [ 82.757281902440866, 25.24452631965854 ], [ 82.756831230213933, 25.243542018972271 ], [ 82.756715577415193, 25.243268337061199 ], [ 82.756464876710467, 25.242675067186664 ], [ 82.756152949754352, 25.241848849827228 ], [ 82.755977199708951, 25.241555778983059 ], [ 82.755716937822072, 25.241121781039919 ], [ 82.754501653125985, 25.240606232676669 ], [ 82.753748331596512, 25.239535891678692 ], [ 82.751957092251445, 25.239241087389008 ], [ 82.750920053479604, 25.239059646973462 ], [ 82.749759080421995, 25.238819458993323 ], [ 82.74898008199898, 25.238719506937297 ], [ 82.748133830259533, 25.238481479684168 ], [ 82.746300487106893, 25.240503654969967 ], [ 82.745891517199041, 25.240963226604229 ], [ 82.745166006236076, 25.242278912083652 ], [ 82.74463006315888, 25.243250813269253 ], [ 82.743825295621079, 25.244710170083579 ], [ 82.743618140694792, 25.245085823548109 ], [ 82.743296103442759, 25.245669794557699 ], [ 82.740870882639427, 25.24953043042493 ], [ 82.740215860083239, 25.249920387224059 ], [ 82.739236549070682, 25.250503383332848 ], [ 82.738067048385361, 25.251199597266684 ], [ 82.737720195291203, 25.251384698115771 ], [ 82.73716910859136, 25.251543295417427 ], [ 82.73621641375982, 25.251828392220236 ], [ 82.736167335916448, 25.252428755414559 ], [ 82.735928646344988, 25.252918661164159 ], [ 82.735577316261285, 25.253151355029214 ], [ 82.735056879479103, 25.253308997254102 ], [ 82.734470623407731, 25.253215362636261 ], [ 82.734040441458149, 25.253126238426333 ], [ 82.733711078877832, 25.253058000656551 ], [ 82.733127636116635, 25.252998955911501 ], [ 82.732592002857459, 25.25306215866965 ], [ 82.731984154200347, 25.253311993068753 ], [ 82.731428385652777, 25.253438766537439 ], [ 82.730981517134921, 25.253217930226061 ], [ 82.730633974921133, 25.25306018815979 ], [ 82.730251845041892, 25.253123713894123 ], [ 82.729457710410898, 25.253124269603255 ], [ 82.729010986400695, 25.253061360574261 ], [ 82.728147190594271, 25.252809236278356 ], [ 82.7275028997595, 25.252564230641376 ], [ 82.727005369509286, 25.252494048460861 ], [ 82.726256417616653, 25.25259186100384 ], [ 82.725035190873314, 25.252748196677675 ], [ 82.723958279549933, 25.25296552963794 ], [ 82.723610864765234, 25.252965844088774 ], [ 82.723164154203815, 25.252808092734909 ], [ 82.722894874008645, 25.252701202019743 ], [ 82.722608067521293, 25.252587349902097 ], [ 82.72192562125602, 25.252587784795928 ], [ 82.721466495805004, 25.252588066990597 ], [ 82.721158853865631, 25.252683046555383 ], [ 82.720191287675988, 25.252968074954797 ], [ 82.719774213220376, 25.252747152027688 ], [ 82.719530885268313, 25.25249459170395 ], [ 82.719180412983036, 25.252246566756106 ], [ 82.718858083133867, 25.25227834338693 ], [ 82.718493395018939, 25.252373311759062 ], [ 82.718150752601588, 25.252141917467338 ], [ 82.717698982961551, 25.251963143013004 ], [ 82.717147963050408, 25.251789701231505 ], [ 82.716817691114414, 25.251489782987086 ], [ 82.71679565336693, 25.25105196263803 ], [ 82.716718611106472, 25.250630692438264 ], [ 82.716106845096562, 25.250570781626902 ], [ 82.715072377410195, 25.250515891607971 ], [ 82.7144470423397, 25.250484688674689 ], [ 82.714017818849157, 25.250627125460792 ], [ 82.713966104774684, 25.251148491973847 ], [ 82.71372335403538, 25.251807568658741 ], [ 82.713445745051501, 25.25225008394218 ], [ 82.713173061254807, 25.252719669674988 ], [ 82.713208181625646, 25.253130379647665 ], [ 82.713347455114601, 25.253631322168467 ], [ 82.71372503367607, 25.254041830050117 ], [ 82.713829474068717, 25.254389273095306 ], [ 82.713829826376795, 25.254921925067109 ], [ 82.713587186878655, 25.255648753337656 ], [ 82.713384447516205, 25.256687056487838 ], [ 82.713449534752016, 25.257503957351968 ], [ 82.713623805727551, 25.258194389232145 ], [ 82.713351144100002, 25.258636908948166 ], [ 82.713108459807643, 25.259393103253597 ], [ 82.713108698197459, 25.259769990120105 ], [ 82.713005101200025, 25.260528348923732 ], [ 82.712925517731691, 25.261307878191548 ], [ 82.7126583087868, 25.26147186520534 ], [ 82.712176858831668, 25.261535347409598 ], [ 82.711174313810631, 25.261630780690723 ], [ 82.710032583808541, 25.261473457516146 ], [ 82.709307789600203, 25.261221111659772 ], [ 82.708478703688527, 25.260968816449267 ], [ 82.708270094102531, 25.260779331498707 ], [ 82.708200356127904, 25.260436324187481 ], [ 82.708110240986286, 25.260109445364268 ], [ 82.707753332427842, 25.260025911463156 ], [ 82.706820259281088, 25.260184361086221 ], [ 82.705817799196609, 25.260374488277193 ], [ 82.704487278782793, 25.260705857221115 ], [ 82.704056057326468, 25.260813261433363 ], [ 82.702775649934466, 25.261193076598385 ], [ 82.701669023637464, 25.261446487858741 ], [ 82.699022380855141, 25.261866505426742 ], [ 82.697451849560309, 25.26202988798978 ], [ 82.695792468995677, 25.261950440626784 ], [ 82.694164279627216, 25.261824844993289 ], [ 82.693439569935705, 25.261730384680451 ], [ 82.692958130357198, 25.261694485299234 ], [ 82.692302834180083, 25.261442037186786 ], [ 82.691920407895381, 25.26112629706796 ], [ 82.691230194792553, 25.26062561156639 ], [ 82.690778360571471, 25.260215055817262 ], [ 82.690639189717899, 25.259966870443936 ], [ 82.69040042501878, 25.259082279155589 ], [ 82.690290710463557, 25.258143523412098 ], [ 82.689843790134276, 25.257579521250896 ], [ 82.689309833828062, 25.257107987779673 ], [ 82.688910268198015, 25.256848669034028 ], [ 82.688116087763859, 25.25684899849551 ], [ 82.687148479096351, 25.257228593721649 ], [ 82.685386655426086, 25.257640091255901 ], [ 82.683844813150301, 25.257795265908577 ], [ 82.682790854477844, 25.25785777771776 ], [ 82.682016639581377, 25.25792121979579 ], [ 82.681649374315157, 25.257921361954715 ] ] ] } }
]
}
