{
"type": "FeatureCollection",
"name": "varanasi_blocks",
"crs": { "type": "name", "properties": { "name": "urn:ogc:def:crs:OGC:1.3:CRS84" } },
"features": [
{ "type": "Feature", "properties": { "block_name": "Arajiline" }, "geometry": { "type": "MultiPolygon", "coordinates": [ [ [ [ 82.807987878455251, 25.179949416884728 ], [ 82.807773393417975, 25.178558690532324 ], [ 82.807691303643338, 25.178026415555248 ], [ 82.807330293578147, 25.176103473876644 ], [ 82.806969141543618, 25.174279775995572 ], [ 82.806776297165385, 25.173327276955224 ], [ 82.806623137219589, 25.172135604429755 ], [ 82.806330792866859, 25.17156673777027 ], [ 82.804605368113215, 25.170527797340672 ], [ 82.804254033609283, 25.17030903862101 ], [ 82.803499665227861, 25.169863784517506 ], [ 82.80247726274591, 25.170969114591916 ], [ 82.80128119135469, 25.172196262714266 ], [ 82.799708031350576, 25.173612783688867 ], [ 82.798705751087354, 25.174307310821597 ], [ 82.7970929194544, 25.175484602579704 ], [ 82.796309695400296, 25.176026390598707 ], [ 82.79541076398894, 25.176648212927343 ], [ 82.794367242747811, 25.177355207571537 ], [ 82.794046101517694, 25.177572783650128 ], [ 82.793688801534913, 25.177834343898837 ], [ 82.794153775470122, 25.178566751750466 ], [ 82.794620464735843, 25.179301906461461 ], [ 82.795066299038339, 25.179911231230069 ], [ 82.795522336094976, 25.180534536141742 ], [ 82.795974235313054, 25.181053179551515 ], [ 82.796926251838812, 25.180399931206928 ], [ 82.797511081608491, 25.181117828532368 ], [ 82.798814524137057, 25.182856282996166 ], [ 82.799939590221669, 25.184301228651364 ], [ 82.801272977549814, 25.185985539528406 ], [ 82.801813242848155, 25.186766591158591 ], [ 82.802657185121546, 25.188155547414244 ], [ 82.802839046697144, 25.188527432935459 ], [ 82.802799123173642, 25.188820828363824 ], [ 82.802636038949203, 25.189106938522844 ], [ 82.802243224826611, 25.189389260628822 ], [ 82.801789202035209, 25.189612493095812 ], [ 82.801111711151378, 25.189666102675989 ], [ 82.800363002857921, 25.189690730827632 ], [ 82.798641555655905, 25.189766606241363 ], [ 82.797346861636242, 25.189765987258664 ], [ 82.796916991770175, 25.189786709384009 ], [ 82.796332282547667, 25.189948226327669 ], [ 82.795208306928018, 25.190523168362972 ], [ 82.794664193171968, 25.190689200888205 ], [ 82.793997735202538, 25.190892564002606 ], [ 82.79345798247293, 25.19107044298968 ], [ 82.792935743766748, 25.191510415920188 ], [ 82.792322307820626, 25.191716750828672 ], [ 82.791729991537323, 25.191915980028472 ], [ 82.791199087571172, 25.192064570112503 ], [ 82.790866569575797, 25.192267489875608 ], [ 82.790628180346019, 25.19258333029768 ], [ 82.790469362541927, 25.192976751683201 ], [ 82.790265447435232, 25.193508479119064 ], [ 82.790046963713095, 25.193864928407812 ], [ 82.789583403332543, 25.194242458147901 ], [ 82.788718024734223, 25.194526034546115 ], [ 82.787977611911643, 25.194807103623308 ], [ 82.787655084875539, 25.194879104644258 ], [ 82.787493629039872, 25.195217557895951 ], [ 82.787629804755483, 25.195614780565748 ], [ 82.787757137074664, 25.195923622174337 ], [ 82.787906841378074, 25.196303989171298 ], [ 82.788001084434569, 25.196644175120998 ], [ 82.78807519410698, 25.197036130204005 ], [ 82.787807136220962, 25.19736622136654 ], [ 82.787444876947305, 25.197528516520588 ], [ 82.786998208444899, 25.197717830492085 ], [ 82.786697865393634, 25.197843017598363 ], [ 82.786749850828087, 25.198232242004096 ], [ 82.78695769407615, 25.198981577912829 ], [ 82.787289356485118, 25.199943191290213 ], [ 82.787551665480223, 25.200819053384524 ], [ 82.78760711649015, 25.201309893575825 ], [ 82.787522653357513, 25.201796273249371 ], [ 82.787418133381976, 25.20230752165773 ], [ 82.787163269898784, 25.202822804541956 ], [ 82.78693987874712, 25.203066466658115 ], [ 82.786607361768816, 25.20321524209217 ], [ 82.786091348975845, 25.203264576346015 ], [ 82.785169947377995, 25.20325494036895 ], [ 82.78413166388107, 25.203254351202229 ], [ 82.783213948478121, 25.203113884392359 ], [ 82.782702914369963, 25.203136176826586 ], [ 82.782747143458749, 25.203695828735274 ], [ 82.782969696983784, 25.204661895174304 ], [ 82.78345459505627, 25.206431558834591 ], [ 82.783773977889666, 25.20732772443225 ], [ 82.784997019356879, 25.207226891761593 ], [ 82.785790995613326, 25.207087493207904 ], [ 82.786833037169757, 25.206884982855943 ], [ 82.787153757137389, 25.206976170070728 ], [ 82.787723025964667, 25.207582850512274 ], [ 82.788544165575942, 25.207626210904426 ], [ 82.788891468339514, 25.207626398751465 ], [ 82.789199062063688, 25.207536343928943 ], [ 82.789908677387146, 25.207311082525273 ], [ 82.790255560613488, 25.207902468775508 ], [ 82.790532772014103, 25.208791865562112 ], [ 82.79093419582567, 25.209514239575999 ], [ 82.791946636674766, 25.209122135783428 ], [ 82.792909468743275, 25.208567488914117 ], [ 82.792926341244353, 25.207891254101348 ], [ 82.793196711321698, 25.207790260120444 ], [ 82.793495541676819, 25.207678635545889 ], [ 82.794468047807371, 25.207489572399478 ], [ 82.795371301915722, 25.207187686603547 ], [ 82.796939307885353, 25.206705590655574 ], [ 82.798487524481573, 25.206300153762875 ], [ 82.799335944544708, 25.206268980923273 ], [ 82.799975463626893, 25.207027601402277 ], [ 82.800694921522606, 25.206951171692594 ], [ 82.801811348300774, 25.206698973241256 ], [ 82.802783936864842, 25.206509947075492 ], [ 82.803687015644144, 25.206293725176632 ], [ 82.804619771489016, 25.206208336800618 ], [ 82.805686599762041, 25.205951575801052 ], [ 82.805716581382441, 25.205509221505771 ], [ 82.806565105266557, 25.205292958302994 ], [ 82.807368903013398, 25.205067653371511 ], [ 82.808415912031876, 25.204752220560458 ], [ 82.809569605608218, 25.204344265661142 ], [ 82.810097521093979, 25.20510493721072 ], [ 82.810553641665834, 25.205854430876435 ], [ 82.810980045947105, 25.206405285840816 ], [ 82.811401711026832, 25.206473193540774 ], [ 82.811709479019939, 25.206188975377177 ], [ 82.81162531456738, 25.205918133751108 ], [ 82.811441881619729, 25.205638186889843 ], [ 82.811372488006882, 25.205371817170015 ], [ 82.81211174048201, 25.205308955257127 ], [ 82.812791448089243, 25.20533637797794 ], [ 82.813292601127401, 25.20524625702453 ], [ 82.813642456556252, 25.205079432045419 ], [ 82.813694660583508, 25.204777067703709 ], [ 82.81359283008625, 25.204533199953808 ], [ 82.813831904213941, 25.204280646388177 ], [ 82.814295266373264, 25.204285303891226 ], [ 82.814974941596773, 25.204371363115495 ], [ 82.815699076573608, 25.204484386141246 ], [ 82.816030862326599, 25.20591536762787 ], [ 82.816115705241316, 25.206183133618737 ], [ 82.816370137670646, 25.207074419558264 ], [ 82.816035592564006, 25.207351582102742 ], [ 82.815426498912515, 25.20746593311674 ], [ 82.815089909360651, 25.207591829178771 ], [ 82.814806936074362, 25.207882877060939 ], [ 82.814501814881282, 25.207914340507656 ], [ 82.814159404266263, 25.207945789646324 ], [ 82.813938520882118, 25.208216511551903 ], [ 82.813980482582821, 25.208731118571531 ], [ 82.8141187604446, 25.209958844851528 ], [ 82.814178584520874, 25.210595992825358 ], [ 82.814088053006586, 25.211818432315564 ], [ 82.812867383747403, 25.21204812422484 ], [ 82.811807913344026, 25.212304183743154 ], [ 82.811031413855616, 25.21249418580236 ], [ 82.81061458840702, 25.21267004460594 ], [ 82.810306786522858, 25.21298588506049 ], [ 82.810098240806113, 25.213342362402233 ], [ 82.809919261186863, 25.213874973308403 ], [ 82.809819865962865, 25.21431720533845 ], [ 82.8097352764768, 25.214696290334484 ], [ 82.809640736519583, 25.215248058380194 ], [ 82.809216355412801, 25.215436362404795 ], [ 82.808950827333462, 25.215689012950733 ], [ 82.809015130750964, 25.216113313664277 ], [ 82.809099293783859, 25.216393224362001 ], [ 82.809129486671253, 25.216977471162366 ], [ 82.809023221524441, 25.21727018943476 ], [ 82.808746489702855, 25.217426676055133 ], [ 82.808468502896744, 25.217589053847675 ], [ 82.808103268041421, 25.217764160024988 ], [ 82.807984368986695, 25.218241030010798 ], [ 82.807733653036124, 25.218504963120232 ], [ 82.807443454742355, 25.218612466045247 ], [ 82.807072026903555, 25.219095269798231 ], [ 82.807008611861519, 25.219615036147935 ], [ 82.806973756902494, 25.219890336315096 ], [ 82.806641218124085, 25.220043617586949 ], [ 82.806299049227079, 25.219815542015112 ], [ 82.804933312228371, 25.218625790936738 ], [ 82.804592660259772, 25.218814969743466 ], [ 82.804145848707719, 25.219180356366003 ], [ 82.80428464027834, 25.219487357761874 ], [ 82.804522672395933, 25.219726658676322 ], [ 82.804909496241009, 25.220083480144087 ], [ 82.805323659656437, 25.220408598371499 ], [ 82.805936363440594, 25.220593961246625 ], [ 82.806422599305009, 25.220707040065683 ], [ 82.806799619466133, 25.22084713940157 ], [ 82.807054967265486, 25.221086459505027 ], [ 82.807096850182546, 25.221610042030136 ], [ 82.806880861000622, 25.221833389030298 ], [ 82.806476431580563, 25.221844493975052 ], [ 82.805880935565057, 25.222027779783659 ], [ 82.806034615420799, 25.22237239374823 ], [ 82.806813289804879, 25.222995627970668 ], [ 82.807661355284822, 25.223654959660358 ], [ 82.808048119093911, 25.224160737610941 ], [ 82.808216663040909, 25.224499324003585 ], [ 82.808382303106384, 25.225211227310449 ], [ 82.809125559533229, 25.225317155772718 ], [ 82.810895890494905, 25.225195617411639 ], [ 82.812285270774439, 25.225250392757484 ], [ 82.812955061381359, 25.225363469022707 ], [ 82.813438609621315, 25.225672829374385 ], [ 82.813851402430601, 25.226326851527482 ], [ 82.814315772533632, 25.227013176701721 ], [ 82.814618814509302, 25.227295996445815 ], [ 82.81560368418927, 25.227567217884232 ], [ 82.816442155034224, 25.227946733958905 ], [ 82.816898435762468, 25.228316974257087 ], [ 82.816997583889375, 25.228632971953836 ], [ 82.81696109732664, 25.229200585616979 ], [ 82.816570420675603, 25.229431741232229 ], [ 82.816262665564295, 25.229585098718541 ], [ 82.815992464626689, 25.229803324018633 ], [ 82.815860488690348, 25.230167157621505 ], [ 82.815775886711847, 25.230595956246475 ], [ 82.815636818842535, 25.231061880732788 ], [ 82.815398403023238, 25.231394645662036 ], [ 82.815165004078338, 25.231620298847972 ], [ 82.814842388500438, 25.231940647794318 ], [ 82.814437175820942, 25.232448109517453 ], [ 82.814370494871355, 25.232888258128362 ], [ 82.814456569972506, 25.233349338412271 ], [ 82.814655511268185, 25.23367621209719 ], [ 82.813412263702389, 25.233813217470285 ], [ 82.812523958931052, 25.233871517445078 ], [ 82.811320727868932, 25.23415554904895 ], [ 82.810303792686753, 25.234386781929231 ], [ 82.809914374570226, 25.23449860521443 ], [ 82.808851280306612, 25.234772641911025 ], [ 82.809277598229571, 25.235589768827762 ], [ 82.810264207363602, 25.237377661054509 ], [ 82.8106350064335, 25.238311648283553 ], [ 82.810943323029704, 25.238781737408761 ], [ 82.811027460544707, 25.23935040955589 ], [ 82.810987357963896, 25.240018398594774 ], [ 82.810792900640521, 25.241715494729338 ], [ 82.81068311495909, 25.242879950096444 ], [ 82.810543557239072, 25.244066945465335 ], [ 82.810331385045131, 25.245005327227322 ], [ 82.810344338821537, 25.245538298642114 ], [ 82.810969711505578, 25.245439333575199 ], [ 82.811922708571743, 25.245313309359549 ], [ 82.813049281252518, 25.245241572792388 ], [ 82.813411527206426, 25.24531397882361 ], [ 82.813907622751174, 25.245627858353366 ], [ 82.814379132962898, 25.245682230132612 ], [ 82.815024352234488, 25.245558372367697 ], [ 82.815788692217055, 25.245418713279836 ], [ 82.815986412275038, 25.247012087403842 ], [ 82.816039972541589, 25.249038762888816 ], [ 82.816908254121032, 25.249693563886094 ], [ 82.817848073178368, 25.250414645594184 ], [ 82.818525303579889, 25.251587012785439 ], [ 82.819954068219047, 25.253058932002265 ], [ 82.820643611068462, 25.253939364056993 ], [ 82.819908398297045, 25.255297677072893 ], [ 82.81962722369957, 25.255651191743887 ], [ 82.818701994686123, 25.256033018973653 ], [ 82.817948609206255, 25.255911814264589 ], [ 82.817667803535272, 25.255966197169204 ], [ 82.816771251159111, 25.256050284696169 ], [ 82.816228563668716, 25.256349206832269 ], [ 82.815976877209678, 25.256487840770603 ], [ 82.814909715552048, 25.256595710943238 ], [ 82.814602041173032, 25.256619177576844 ], [ 82.814085739021436, 25.256658555125085 ], [ 82.812723086752257, 25.257163544875102 ], [ 82.812306904059227, 25.25727148475443 ], [ 82.812025577107605, 25.257402479879165 ], [ 82.811405045089316, 25.257722668744947 ], [ 82.810422273651184, 25.257677073779984 ], [ 82.809062500718923, 25.25743725065993 ], [ 82.808081513372656, 25.257544436989917 ], [ 82.807484200096667, 25.257377872284973 ], [ 82.806719888842352, 25.257156418086158 ], [ 82.806054910584791, 25.257043246882493 ], [ 82.805121861908987, 25.256835168487765 ], [ 82.804252251182717, 25.256559457950267 ], [ 82.804097182520493, 25.255069823530008 ], [ 82.802199479557302, 25.255028331458025 ], [ 82.800598875134, 25.254998193696586 ], [ 82.80039322171109, 25.254503878069908 ], [ 82.799907724177942, 25.253054778441772 ], [ 82.799308450094856, 25.251081972535854 ], [ 82.798945084484856, 25.250317890553845 ], [ 82.798445449739432, 25.249947073374845 ], [ 82.798010407505686, 25.249870071174932 ], [ 82.797646441736433, 25.249919509076584 ], [ 82.79724938325522, 25.24998246893086 ], [ 82.7967877619147, 25.25000930915478 ], [ 82.796271538932075, 25.250103879906618 ], [ 82.795829863439806, 25.250121704490162 ], [ 82.795482503623006, 25.250067318881175 ], [ 82.795098347191967, 25.249894340131103 ], [ 82.794774122923698, 25.249552904890042 ], [ 82.794416029432838, 25.249109893335518 ], [ 82.794118365919275, 25.24885693969366 ], [ 82.793761026666658, 25.248829675316429 ], [ 82.793367206019184, 25.24879977684736 ], [ 82.792168038029729, 25.24860311893557 ], [ 82.791254916739433, 25.248512327518249 ], [ 82.79045093417092, 25.248557011195867 ], [ 82.78980112930158, 25.248551359519329 ], [ 82.789334191005835, 25.248547298881636 ], [ 82.788212615564049, 25.248501579840497 ], [ 82.787571808621408, 25.248466031622851 ], [ 82.78708242852862, 25.248332767911531 ], [ 82.786758442658183, 25.248545795281821 ], [ 82.786129448534524, 25.248763494399498 ], [ 82.78530386830117, 25.249032452441785 ], [ 82.784834809721076, 25.249126920413509 ], [ 82.784509866444054, 25.24903649577978 ], [ 82.78435619411529, 25.248774627350635 ], [ 82.784371677175884, 25.248047896025664 ], [ 82.784402335977191, 25.246747995052559 ], [ 82.784400507908941, 25.245876901801438 ], [ 82.785105398609304, 25.245649356625055 ], [ 82.785197454397519, 25.245295152822095 ], [ 82.785227582370297, 25.244902430564771 ], [ 82.785064422040421, 25.243995062910912 ], [ 82.784931180769448, 25.243006514830082 ], [ 82.784778008765429, 25.24215337498833 ], [ 82.784699302141391, 25.241205454765002 ], [ 82.784699937550755, 25.24028013537826 ], [ 82.784816749286861, 25.239984589340462 ], [ 82.78531584983412, 25.239571879025938 ], [ 82.786269089833539, 25.238908920896424 ], [ 82.786989003949898, 25.238482840479694 ], [ 82.788252406261435, 25.238444592983594 ], [ 82.78830454091144, 25.237826925888914 ], [ 82.788126341324414, 25.237258057995984 ], [ 82.78739175951732, 25.237266656139578 ], [ 82.786478660125397, 25.237266059178911 ], [ 82.785873228556568, 25.23732436194441 ], [ 82.785473844445974, 25.237209083330491 ], [ 82.785248563274095, 25.236574831503653 ], [ 82.785120085905433, 25.235805115096248 ], [ 82.785358464280634, 25.235568278966984 ], [ 82.786346196668021, 25.235198835358297 ], [ 82.787021366221367, 25.234824607056311 ], [ 82.787855619540963, 25.234030657193198 ], [ 82.788858403648405, 25.233521176068397 ], [ 82.789905671677019, 25.23323293822807 ], [ 82.790503629505906, 25.233255803178618 ], [ 82.790858569609398, 25.233154455514445 ], [ 82.790740027183617, 25.232235881974663 ], [ 82.790676038278747, 25.231477525284252 ], [ 82.790741103442969, 25.230714817601918 ], [ 82.791222809978436, 25.230189209896245 ], [ 82.791981654385523, 25.230724475381589 ], [ 82.792473169278793, 25.230408879341891 ], [ 82.792606512127136, 25.230056105226609 ], [ 82.792470960829377, 25.229664529595148 ], [ 82.792340849517956, 25.228906641944643 ], [ 82.792057805424605, 25.228156301872829 ], [ 82.789928968653399, 25.228276891315673 ], [ 82.786886889600979, 25.228500882008319 ], [ 82.784857340185567, 25.228558293172664 ], [ 82.784331878670045, 25.228576585878884 ], [ 82.782817862541947, 25.228629297901456 ], [ 82.782315975850807, 25.228665836542785 ], [ 82.781457325652525, 25.228727304686291 ], [ 82.780917517331972, 25.228767638835613 ], [ 82.780584626075921, 25.22888967310768 ], [ 82.780439996799359, 25.229864488320697 ], [ 82.780229522183873, 25.230883340960666 ], [ 82.779880651238884, 25.231247585635781 ], [ 82.779824058085097, 25.231885377522214 ], [ 82.779778938803418, 25.23305037190903 ], [ 82.777886509695662, 25.233518950192085 ], [ 82.777527319440367, 25.23358351807952 ], [ 82.776069904778112, 25.233887828135511 ], [ 82.775692680154563, 25.234009482214542 ], [ 82.775919281230841, 25.236045226219822 ], [ 82.7760465450053, 25.238279575984116 ], [ 82.776093422454082, 25.238777844239745 ], [ 82.776130103393854, 25.239353935032579 ], [ 82.776331669485685, 25.241310191540041 ], [ 82.776409822563409, 25.242058012810819 ], [ 82.77651713407154, 25.242466336680035 ], [ 82.776835922778602, 25.242603048168025 ], [ 82.777179820812648, 25.24239679278956 ], [ 82.777487574298618, 25.242211939688747 ], [ 82.777847474764755, 25.242139983099474 ], [ 82.778147563238605, 25.242293622044574 ], [ 82.778683215260074, 25.242736306984 ], [ 82.779997280379746, 25.244122808904411 ], [ 82.781311332342895, 25.245464203839038 ], [ 82.781450067040566, 25.245811821488559 ], [ 82.781136879836822, 25.246511216253882 ], [ 82.780962671015232, 25.247215298464461 ], [ 82.780932492289338, 25.24765303738122 ], [ 82.781150453851879, 25.248194860727743 ], [ 82.7816706714936, 25.249463506583417 ], [ 82.780018975983552, 25.250438642269174 ], [ 82.77956975653332, 25.250630870025788 ], [ 82.779242734048353, 25.250709315722318 ], [ 82.778602429047723, 25.250745016939483 ], [ 82.777718936210533, 25.250825675720289 ], [ 82.777375139110845, 25.251556095843537 ], [ 82.777032924214311, 25.252283146569617 ], [ 82.776700166902501, 25.252599112204674 ], [ 82.775409506160926, 25.252783044064518 ], [ 82.774207442531562, 25.252901851832608 ], [ 82.773004513153595, 25.253020742134034 ], [ 82.772416466277576, 25.2530788614649 ], [ 82.772632429819822, 25.256008410253983 ], [ 82.770990665508066, 25.256029728035958 ], [ 82.771053248036068, 25.256941626525418 ], [ 82.771146755739139, 25.257876021184117 ], [ 82.770654993757034, 25.258331497003564 ], [ 82.770416379703448, 25.258841452287445 ], [ 82.770340919076318, 25.260410781525128 ], [ 82.770522999646857, 25.261861144389556 ], [ 82.770790393016625, 25.262619536513107 ], [ 82.772130727576908, 25.262430952313785 ], [ 82.774637479363591, 25.262207013199824 ], [ 82.775545895829794, 25.262072163000678 ], [ 82.776104135879436, 25.261949038281873 ], [ 82.776851586439648, 25.261784180260179 ], [ 82.777958615651912, 25.261532153662234 ], [ 82.77846919024725, 25.261604640997447 ], [ 82.779292405173777, 25.26337005212298 ], [ 82.779738345383507, 25.264408514815933 ], [ 82.780026079431181, 25.264647841404738 ], [ 82.78120430724509, 25.264749747708759 ], [ 82.781211896155583, 25.265230839233713 ], [ 82.780626183118386, 25.265275601639129 ], [ 82.780154429789775, 25.2655145885408 ], [ 82.779940710439973, 25.265929657734677 ], [ 82.779880509148455, 25.266714995886499 ], [ 82.779974190051831, 25.26750944721012 ], [ 82.780191916066485, 25.268416842505339 ], [ 82.780360406642501, 25.268809675746411 ], [ 82.779990450685588, 25.268962876886768 ], [ 82.779551082624266, 25.269057388443088 ], [ 82.779208411000837, 25.269278311923181 ], [ 82.778542992891261, 25.26960739623734 ], [ 82.77813567346351, 25.269895943990257 ], [ 82.777440550325011, 25.270134786056861 ], [ 82.776686031214922, 25.270340821945659 ], [ 82.775913925500433, 25.270467743677514 ], [ 82.775315700470472, 25.270557583630531 ], [ 82.775062663562622, 25.270354358911227 ], [ 82.77494379874561, 25.270060867976763 ], [ 82.774349649700483, 25.268142212330133 ], [ 82.773834806787534, 25.266462778578489 ], [ 82.773500082817392, 25.266127066023877 ], [ 82.768305136955149, 25.266607823631489 ], [ 82.764303917962323, 25.266988602946064 ], [ 82.763614033324643, 25.267037431427589 ], [ 82.762948776889104, 25.267113954444152 ], [ 82.761975763991231, 25.267194459980342 ], [ 82.761598585639518, 25.267130944752971 ], [ 82.761062750776219, 25.266882281529586 ], [ 82.760740270584151, 25.26667445304113 ], [ 82.760155188409371, 25.265956302978218 ], [ 82.759373385444277, 25.26334229125241 ], [ 82.759177853424916, 25.262405619624587 ], [ 82.758642114413021, 25.259839179154838 ], [ 82.758449433070325, 25.258850570751754 ], [ 82.758429148551173, 25.25840630035918 ], [ 82.758405743700266, 25.257893645912919 ], [ 82.758540438209735, 25.257153478170491 ], [ 82.758987950347233, 25.25629625259878 ], [ 82.759117761995626, 25.255465858654201 ], [ 82.759232471834054, 25.254879140706983 ], [ 82.759670198912644, 25.253854902798381 ], [ 82.759651038287004, 25.253424290428732 ], [ 82.759417869437996, 25.253064854725974 ], [ 82.759199752922953, 25.252793847888526 ], [ 82.758640452442393, 25.251200117621636 ], [ 82.758699710079981, 25.250321434578346 ], [ 82.758603894432952, 25.249757580759134 ], [ 82.758473686748133, 25.248991212558551 ], [ 82.758401777772264, 25.248664479360826 ], [ 82.758083319191257, 25.247217067505751 ], [ 82.757965208579719, 25.246751849982829 ], [ 82.75784597145298, 25.246282552912877 ], [ 82.757578862007364, 25.245352523207398 ], [ 82.757281902440866, 25.24452631965854 ], [ 82.756831230213933, 25.243542018972271 ], [ 82.756715577415193, 25.243268337061199 ], [ 82.756464876710467, 25.242675067186664 ], [ 82.756152949754352, 25.241848849827228 ], [ 82.755977199708951, 25.241555778983059 ], [ 82.755716937822072, 25.241121781039919 ], [ 82.754501653125985, 25.240606232676669 ], [ 82.753748331596512, 25.239535891678692 ], [ 82.751957092251445, 25.239241087389008 ], [ 82.750920053479604, 25.239059646973462 ], [ 82.749759080421995, 25.238819458993323 ], [ 82.74898008199898, 25.238719506937297 ], [ 82.748133830259533, 25.238481479684168 ], [ 82.746300487106893, 25.240503654969967 ], [ 82.745891517199041, 25.240963226604229 ], [ 82.745166006236076, 25.242278912083652 ], [ 82.74463006315888, 25.243250813269253 ], [ 82.743825295621079, 25.244710170083579 ], [ 82.743618140694792, 25.245085823548109 ], [ 82.743296103442759, 25.245669794557699 ], [ 82.740870882639427, 25.24953043042493 ], [ 82.740215860083239, 25.249920387224059 ], [ 82.739236549070682, 25.250503383332848 ], [ 82.738067048385361, 25.251199597266684 ], [ 82.737720195291203, 25.251384698115771 ], [ 82.73716910859136, 25.251543295417427 ], [ 82.73621641375982, 25.251828392220236 ], [ 82.736167335916448, 25.252428755414559 ], [ 82.735928646344988, 25.252918661164159 ], [ 82.735577316261285, 25.253151355029214 ], [ 82.735056879479103, 25.253308997254102 ], [ 82.734470623407731, 25.253215362636261 ], [ 82.734040441458149, 25.253126238426333 ], [ 82.733248855186474, 25.256498797653144 ], [ 82.732684381497563, 25.25890369709731 ], [ 82.731367576344397, 25.262431821369624 ], [ 82.730639758514471, 25.263848573429279 ], [ 82.730049139936725, 25.26499821859645 ], [ 82.729169738836646, 25.266441982756849 ], [ 82.728678490427484, 25.267001797215176 ], [ 82.728113548017376, 25.267645550117503 ], [ 82.727762137275775, 25.268447433911341 ], [ 82.727587221157748, 25.269329253199629 ], [ 82.727412914160723, 25.270611778171677 ], [ 82.727335692242704, 25.271688324492708 ], [ 82.726887837863444, 25.273096912737355 ], [ 82.726800750401338, 25.273772359537407 ], [ 82.726537690471659, 25.274700226983359 ], [ 82.726361827285757, 25.275021037414131 ], [ 82.725305182245009, 25.275984137911109 ], [ 82.724602283344751, 25.277587922216672 ], [ 82.724461706360344, 25.278687583125713 ], [ 82.724428098585975, 25.278950568843509 ], [ 82.724517672936912, 25.279832011735579 ], [ 82.724799739086478, 25.281572207728836 ], [ 82.725141091617658, 25.283678011051492 ], [ 82.725773701876477, 25.28483994591085 ], [ 82.726026022936779, 25.285600245287025 ], [ 82.726261195587014, 25.285884328332514 ], [ 82.726908936654539, 25.286240208922393 ], [ 82.727438059018823, 25.286239506422781 ], [ 82.72858386936403, 25.285837263448748 ], [ 82.730081880764601, 25.285113996083741 ], [ 82.731377032235656, 25.284817877521977 ], [ 82.732727128771714, 25.284869983450879 ], [ 82.734050595092171, 25.285268889923991 ], [ 82.73572710025536, 25.285827564375797 ], [ 82.736521867694719, 25.285955206871169 ], [ 82.738945844206626, 25.286454737858797 ], [ 82.740402034514617, 25.286382064935445 ], [ 82.741283086267941, 25.285899955985609 ], [ 82.741899717162923, 25.285498385674547 ], [ 82.743486006003025, 25.284855001031012 ], [ 82.74530169623668, 25.284698490025828 ], [ 82.746925173790544, 25.284769913321473 ], [ 82.74771940296425, 25.285089353522615 ], [ 82.75078862672602, 25.286403081960199 ], [ 82.754250326868544, 25.287884719550849 ], [ 82.755044334896027, 25.288043814385169 ], [ 82.755573463711485, 25.288043024122981 ], [ 82.755988071384706, 25.287853858775438 ], [ 82.756454636693832, 25.287640992950557 ], [ 82.757599481687535, 25.286757720318178 ], [ 82.758119131355016, 25.286547945849719 ], [ 82.758814758280963, 25.286471889572496 ], [ 82.759539197861116, 25.286514368885157 ], [ 82.760112255514329, 25.286544927246567 ], [ 82.760701900506888, 25.286544029173168 ], [ 82.760990667704917, 25.286420409403156 ], [ 82.761243556017206, 25.286050230257388 ], [ 82.761654950296503, 25.285031640615127 ], [ 82.762265971207, 25.283831873139071 ], [ 82.762512560632985, 25.283518953118779 ], [ 82.762936802352513, 25.283368231403475 ], [ 82.763942626043033, 25.283301942185833 ], [ 82.764912840100209, 25.283380581809951 ], [ 82.766236248980775, 25.283699115689462 ], [ 82.77049506897238, 25.284839612859621 ], [ 82.771273994390228, 25.284939470148728 ], [ 82.77194129155464, 25.28483731726314 ], [ 82.772719729751884, 25.284684439971308 ], [ 82.773210370497694, 25.28468365564234 ], [ 82.773609715701696, 25.284683017251204 ], [ 82.774277663767634, 25.284934679584335 ], [ 82.774890509873359, 25.285439187353795 ], [ 82.778120484031476, 25.28735482769687 ], [ 82.778899611482302, 25.287555756978477 ], [ 82.779845261923867, 25.287554213733163 ], [ 82.781124306150957, 25.287400460955695 ], [ 82.782125349717646, 25.28729770442035 ], [ 82.782737627781998, 25.287498893523935 ], [ 82.783183236876653, 25.287801448028482 ], [ 82.783573422207382, 25.288205201073907 ], [ 82.784019747408536, 25.288861589912774 ], [ 82.785080507240906, 25.290780663862847 ], [ 82.785862629188344, 25.292447478662172 ], [ 82.786355621159061, 25.293438067807664 ], [ 82.78697950161478, 25.29456861950041 ], [ 82.789877916012898, 25.297394436289483 ], [ 82.790602035427824, 25.297848132959096 ], [ 82.791492176984704, 25.297897179161513 ], [ 82.792215169575698, 25.297794853294544 ], [ 82.79281778138963, 25.297743263206005 ], [ 82.792607025520482, 25.296054261584139 ], [ 82.792447536190664, 25.295018057891003 ], [ 82.792328333308902, 25.294410625084815 ], [ 82.792169645763082, 25.293767618883773 ], [ 82.79212879575671, 25.293017113265957 ], [ 82.792362621802539, 25.291980187194454 ], [ 82.792438736265339, 25.290764894468683 ], [ 82.792357593540842, 25.289549794592311 ], [ 82.792159743937347, 25.288978247445641 ], [ 82.792158635751591, 25.288442134119094 ], [ 82.792315102009283, 25.288012962300048 ], [ 82.792628654220763, 25.287512067508899 ], [ 82.793042485036011, 25.286224976222925 ], [ 82.793301369749486, 25.285648553425894 ], [ 82.793495269837933, 25.285116553296046 ], [ 82.793916105730858, 25.284288792674744 ], [ 82.794207547499127, 25.283786152669382 ], [ 82.794531982631071, 25.283490224951844 ], [ 82.795441463950411, 25.283222822305557 ], [ 82.795896049369375, 25.283015208060078 ], [ 82.796317980411416, 25.282719108792357 ], [ 82.79670731775235, 25.282363997049735 ], [ 82.79709612045049, 25.281802099268756 ], [ 82.797290311233539, 25.28141777619129 ], [ 82.797517050264801, 25.281033411023152 ], [ 82.797808907272042, 25.280737518040745 ], [ 82.798003380670295, 25.28044180792299 ], [ 82.798165188883942, 25.280146154394359 ], [ 82.798261975375667, 25.279761938080785 ], [ 82.798082385088108, 25.279393032695317 ], [ 82.797655809823027, 25.278661758119632 ], [ 82.797361869449745, 25.278012442768379 ], [ 82.79729615492009, 25.277687637506677 ], [ 82.797457981457896, 25.277362449655769 ], [ 82.797620011048863, 25.277125866241821 ], [ 82.797977228269517, 25.276962790817613 ], [ 82.798367640474467, 25.277154095260752 ], [ 82.798498102306681, 25.277390171891216 ], [ 82.798855917709346, 25.277537232189829 ], [ 82.79924579710304, 25.277447948206166 ], [ 82.799570224464361, 25.277151993863146 ], [ 82.80015435240395, 25.276766993914695 ], [ 82.800673625261823, 25.276411567777039 ], [ 82.801226026489871, 25.27632197831252 ], [ 82.80181090437695, 25.276291412248121 ], [ 82.802331055335245, 25.276349562607599 ], [ 82.802851080602835, 25.276348642128255 ], [ 82.803305758675933, 25.276200150853079 ], [ 82.803663040223711, 25.276051828978737 ], [ 82.80392247259239, 25.27578552877031 ], [ 82.804376448119527, 25.2753121297917 ], [ 82.804798210896337, 25.27495692414475 ], [ 82.805122570679373, 25.274690507737994 ], [ 82.80573982751919, 25.274571252013555 ], [ 82.806227317298649, 25.274540845568623 ], [ 82.806649457716986, 25.274362867947787 ], [ 82.806909009501069, 25.274155631642568 ], [ 82.807330890988879, 25.273859501838295 ], [ 82.807980222180831, 25.273562959644028 ], [ 82.808824812824568, 25.273354666917989 ], [ 82.809864242762714, 25.27308688900235 ], [ 82.810416657052812, 25.273056352275024 ], [ 82.811228872542557, 25.272936723939416 ], [ 82.811683889794921, 25.272906360028443 ], [ 82.812252788920475, 25.272993932259425 ], [ 82.812692006227238, 25.273199891691014 ], [ 82.812984992657547, 25.273435719425031 ], [ 82.813571199487967, 25.273966322656676 ], [ 82.813831674915761, 25.274172599007876 ], [ 82.814352086360387, 25.274348879581982 ], [ 82.815164635226054, 25.274376916003828 ], [ 82.815651793378848, 25.274198783538782 ], [ 82.816366186873452, 25.27393162490241 ], [ 82.816983217548668, 25.273723726822997 ], [ 82.817665225178871, 25.273486156856322 ], [ 82.818366693788974, 25.273423215843597 ], [ 82.818919573281804, 25.273599405195128 ], [ 82.819439973246261, 25.273775670869792 ], [ 82.819960925231996, 25.27418822123823 ], [ 82.820579842828721, 25.274807400883617 ], [ 82.821101121543137, 25.275367649288466 ], [ 82.821460046230328, 25.275987252453959 ], [ 82.8217215962881, 25.276666121691722 ], [ 82.821885803930144, 25.277404256822873 ], [ 82.821952112025798, 25.277965400699326 ], [ 82.821888291744813, 25.278497194606416 ], [ 82.821694441062263, 25.278999699195296 ], [ 82.821305377326368, 25.279443486701922 ], [ 82.820753946319229, 25.279917128691693 ], [ 82.820689652157611, 25.280242153022638 ], [ 82.820723239286181, 25.280685146427874 ], [ 82.82091922550552, 25.281127907183198 ], [ 82.821482768171492, 25.281639445698652 ], [ 82.821265313291946, 25.28212347435549 ], [ 82.820990779935187, 25.282445656694147 ], [ 82.82055873708795, 25.282696676743306 ], [ 82.820008335276455, 25.282804935467752 ], [ 82.819379631923042, 25.28305632111347 ], [ 82.818830130951582, 25.28355772246179 ], [ 82.818202307544823, 25.284202235482276 ], [ 82.81745719883655, 25.285132887282678 ], [ 82.817025943707975, 25.28574127311234 ], [ 82.81660737871168, 25.286064449562868 ], [ 82.817460571448237, 25.286634016187023 ], [ 82.817736567469268, 25.286955182867892 ], [ 82.817973347665628, 25.287312177920526 ], [ 82.818092414297169, 25.28777655743367 ], [ 82.818172006139235, 25.288205298984966 ], [ 82.818370281812051, 25.288919798119586 ], [ 82.818804442577346, 25.289598042348103 ], [ 82.81990558382725, 25.290978666046119 ], [ 82.82120568482334, 25.291941244100432 ], [ 82.822820518226749, 25.292903216784733 ], [ 82.824001646865511, 25.293401412046958 ], [ 82.824592222774939, 25.293650439362363 ], [ 82.825143123613174, 25.293792374678869 ], [ 82.825615098902915, 25.293755719033815 ], [ 82.826279971702988, 25.293350176523354 ], [ 82.826377041558203, 25.294097477738909 ], [ 82.827060335562493, 25.295388813833128 ], [ 82.826642117198162, 25.295665925893726 ], [ 82.82597371396875, 25.295792283515095 ], [ 82.825108905410133, 25.296008377120579 ], [ 82.824637843114303, 25.296402461347295 ], [ 82.823971015926446, 25.29718998126684 ], [ 82.823618139146902, 25.297691076180222 ], [ 82.823579968636878, 25.298191500383712 ], [ 82.823580869072288, 25.298584625044839 ], [ 82.823227625398758, 25.299121870002324 ], [ 82.822363398837041, 25.299409009219303 ], [ 82.819808362152131, 25.300128605106242 ], [ 82.819493551179605, 25.300093438225272 ], [ 82.819144570922205, 25.299982596592447 ], [ 82.818824259841563, 25.299808768670761 ], [ 82.8185486058088, 25.299702057378557 ], [ 82.818155277404855, 25.299667034402447 ], [ 82.817289853820668, 25.299668641949907 ], [ 82.816385371707668, 25.299741847344382 ], [ 82.814420071936851, 25.300388802172943 ], [ 82.812690440508192, 25.300856566708475 ], [ 82.811862776725675, 25.301170996933237 ], [ 82.811117970071876, 25.301288330171751 ], [ 82.810685302959854, 25.301289118133596 ], [ 82.810174001545121, 25.30129004570917 ], [ 82.809426148648328, 25.30107695183176 ], [ 82.806298691235781, 25.300441252737652 ], [ 82.804567723119604, 25.300301361517469 ], [ 82.802837064881331, 25.300304437633745 ], [ 82.801499732165581, 25.300342556054158 ], [ 82.799533832286187, 25.300703440929979 ], [ 82.798012452872129, 25.301357204044177 ], [ 82.799547088871705, 25.302961599816829 ], [ 82.800550164997176, 25.303768606528845 ], [ 82.801218499448694, 25.304121261843306 ], [ 82.801830736095638, 25.304271832324453 ], [ 82.802776698041242, 25.304371251526685 ], [ 82.804167810480422, 25.304520432167866 ], [ 82.805837308123557, 25.304770179780572 ], [ 82.80700654061701, 25.305223007370177 ], [ 82.808350099692262, 25.306049614856267 ], [ 82.809012490388284, 25.306685289345157 ], [ 82.809515276382712, 25.307644779268539 ], [ 82.809795441085811, 25.308554124094627 ], [ 82.810355653447402, 25.310322264605748 ], [ 82.810634940047933, 25.310827236587183 ], [ 82.811025489796776, 25.311332002565315 ], [ 82.811694331817847, 25.311886806006264 ], [ 82.812086476980454, 25.312032682023993 ], [ 82.812640878715058, 25.312238907353912 ], [ 82.814254281117158, 25.312235949259989 ], [ 82.815310890122888, 25.312031811845923 ], [ 82.816700731200399, 25.311574326156546 ], [ 82.818258015678211, 25.311369241045458 ], [ 82.819760147145388, 25.311366440778439 ], [ 82.820160482656505, 25.311486851104032 ], [ 82.820595236709195, 25.311617612765552 ], [ 82.82159803332992, 25.312222298215712 ], [ 82.823605043800356, 25.314038206459045 ], [ 82.824441896398071, 25.315047570578503 ], [ 82.825056447442478, 25.316158426359404 ], [ 82.825410264395984, 25.31707075939585 ], [ 82.825505349872373, 25.317825623878921 ], [ 82.82545077198067, 25.318280641478431 ], [ 82.825014289770664, 25.318958393651762 ], [ 82.824562663811321, 25.319192184559284 ], [ 82.82382028036308, 25.319310795788276 ], [ 82.821466156208075, 25.319686923891709 ], [ 82.82083332264466, 25.319788022200321 ], [ 82.819612145641813, 25.319983113244064 ], [ 82.817945611382953, 25.320419060738871 ], [ 82.816757124566195, 25.320746236434417 ], [ 82.815442166441912, 25.321254531537274 ], [ 82.814998184655096, 25.32176082060349 ], [ 82.814943201788964, 25.32206420067515 ], [ 82.814974430875424, 25.322634921791021 ], [ 82.815223897063149, 25.323175695144052 ], [ 82.81555872447197, 25.32363000159679 ], [ 82.816561925912936, 25.324386351765096 ], [ 82.81734246318166, 25.325092549918022 ], [ 82.818178540426629, 25.325748109291858 ], [ 82.818841649977941, 25.326393026101133 ], [ 82.819111996512447, 25.326881738708206 ], [ 82.819239699448843, 25.327515252304341 ], [ 82.819240612512644, 25.327919614109955 ], [ 82.819074721038092, 25.328374832002329 ], [ 82.818575540783868, 25.32908341719061 ], [ 82.817835887134905, 25.329623207606225 ], [ 82.816186590868639, 25.33070531591293 ], [ 82.815242955983024, 25.331717985711588 ], [ 82.814517525784026, 25.332404141600104 ], [ 82.8137437511851, 25.333136030210607 ], [ 82.813596436242818, 25.333404996834172 ], [ 82.813300399710187, 25.333945563908799 ], [ 82.813301632014529, 25.334501566794177 ], [ 82.813490421849664, 25.335458990207886 ], [ 82.813696552157325, 25.336504303482158 ], [ 82.813579970535457, 25.337600679456468 ], [ 82.813338765290979, 25.338694767942307 ], [ 82.812734876811234, 25.339287621517268 ], [ 82.812824140315527, 25.339747558702587 ], [ 82.813052348389263, 25.340085230125482 ], [ 82.812871961528955, 25.341054900253269 ], [ 82.812325910187653, 25.342352274579092 ], [ 82.812264548860128, 25.343178922574339 ], [ 82.812291097006892, 25.345412388588787 ], [ 82.812326241445504, 25.348369853340852 ], [ 82.812743285556053, 25.349991903438486 ], [ 82.812910290297623, 25.350641514039463 ], [ 82.813697760884708, 25.351372596625549 ], [ 82.81413830714925, 25.351640897957502 ], [ 82.814712467046022, 25.351990563721369 ], [ 82.815901947578595, 25.352270329631914 ], [ 82.816425630049665, 25.352142447942803 ], [ 82.816819588946956, 25.352015908831465 ], [ 82.817217873359084, 25.35151371749863 ], [ 82.817622765723698, 25.350346439547145 ], [ 82.817619355576099, 25.34883010366357 ], [ 82.817602654254131, 25.348566827671117 ], [ 82.817561656633544, 25.347920404584976 ], [ 82.817727009502619, 25.34721247435683 ], [ 82.817945021381547, 25.346671562967089 ], [ 82.818114383252649, 25.346251388100466 ], [ 82.818613399206427, 25.345441737306359 ], [ 82.818944883071964, 25.344379681043904 ], [ 82.819109097539439, 25.343166292395775 ], [ 82.819385378535685, 25.342306506450658 ], [ 82.819712618329291, 25.341805444563668 ], [ 82.82005130789814, 25.341496533361873 ], [ 82.820706386710214, 25.341197482972188 ], [ 82.821163057029139, 25.340988992869008 ], [ 82.822553047952809, 25.340480934085768 ], [ 82.823386925703062, 25.340125545230233 ], [ 82.824554897416377, 25.339870589093415 ], [ 82.826119694986033, 25.339455421589655 ], [ 82.826556162906599, 25.339007522605609 ], [ 82.828495057391549, 25.336952587247914 ], [ 82.829143085255808, 25.336265779968418 ], [ 82.829920227794744, 25.335455549378732 ], [ 82.830698290114967, 25.335049700843591 ], [ 82.831644446406003, 25.335148955191706 ], [ 82.831867735187686, 25.335451781720309 ], [ 82.832085538798268, 25.335733128280591 ], [ 82.832258428471334, 25.335956484075666 ], [ 82.832539287413312, 25.337067944646382 ], [ 82.832598236072201, 25.338483110219777 ], [ 82.832993705404363, 25.341009617332396 ], [ 82.832940334927144, 25.341970078400962 ], [ 82.832832129484842, 25.343284458451475 ], [ 82.832786750549886, 25.347631427229324 ], [ 82.833067111808532, 25.348540687374221 ], [ 82.833402805216366, 25.349298212751872 ], [ 82.833616205728759, 25.349512648986575 ], [ 82.833904833750495, 25.34980267196676 ], [ 82.834572989906235, 25.349953007853458 ], [ 82.834962415320007, 25.34990168765432 ], [ 82.835796076650055, 25.349445159427098 ], [ 82.836684390438407, 25.348584164919121 ], [ 82.837965802963865, 25.347248630644344 ], [ 82.84012829279213, 25.345948999238683 ], [ 82.841111771752523, 25.345572097856603 ], [ 82.841851794533426, 25.345288494457876 ], [ 82.843297618313898, 25.344881230256682 ], [ 82.845021956160068, 25.344574490265146 ], [ 82.845391789163756, 25.344550570126636 ], [ 82.846748565806791, 25.344427072215584 ], [ 82.847302629608066, 25.344216049036113 ], [ 82.84774653286081, 25.343709706383049 ], [ 82.848967394942449, 25.342342491319055 ], [ 82.850518859971615, 25.339660417681742 ], [ 82.851350507943906, 25.338445621334944 ], [ 82.852072640831693, 25.337938676184674 ], [ 82.852736661193077, 25.338051395866216 ], [ 82.853464262392691, 25.33813799416145 ], [ 82.854912552229152, 25.338741541844858 ], [ 82.857808895747368, 25.339847511248063 ], [ 82.85837805931628, 25.34025560167839 ], [ 82.859425570244028, 25.34100666540122 ], [ 82.860620048475596, 25.342003549253423 ], [ 82.860875431510763, 25.342216699721753 ], [ 82.862469338295895, 25.343736354956576 ], [ 82.863943535108973, 25.34514182365966 ], [ 82.866581551799385, 25.348644330924234 ], [ 82.867310779873478, 25.350866745465627 ], [ 82.8676484866116, 25.352331816419412 ], [ 82.867538871064241, 25.352989143697471 ], [ 82.867316824981842, 25.353191803001614 ], [ 82.866840072593632, 25.353293910781233 ], [ 82.866315376725623, 25.353295035399835 ], [ 82.861806256081877, 25.352748623090477 ], [ 82.861231801487037, 25.352549355225687 ], [ 82.860358050768696, 25.352246245162135 ], [ 82.859634089910074, 25.352045582572803 ], [ 82.859021936506437, 25.35204686887668 ], [ 82.858298858773381, 25.352200027851211 ], [ 82.857910075887943, 25.352504107207409 ], [ 82.857746657871942, 25.35287995545956 ], [ 82.85608418676064, 25.356703107129068 ], [ 82.855201025386719, 25.359585969047153 ], [ 82.85493050041832, 25.36266972577857 ], [ 82.855439664879199, 25.365954018652346 ], [ 82.855908673620505, 25.367410992306944 ], [ 82.856561558445634, 25.369439198502814 ], [ 82.85784712456514, 25.372338351719762 ], [ 82.858119107378755, 25.372982667074275 ], [ 82.858769727997924, 25.374523878169612 ], [ 82.860068473490855, 25.373885475029017 ], [ 82.861046221199743, 25.373350073721078 ], [ 82.861437996526504, 25.373393698421793 ], [ 82.861781266063943, 25.373615206400206 ], [ 82.861979148268063, 25.374414798874792 ], [ 82.862298876209366, 25.375014119242362 ], [ 82.862715179510474, 25.375079908616911 ], [ 82.863889099475784, 25.374677402583401 ], [ 82.86491547104481, 25.374008547653666 ], [ 82.865599593572284, 25.373518200138914 ], [ 82.865942277661532, 25.373517468407869 ], [ 82.8680980940631, 25.37417951183237 ], [ 82.868440779929131, 25.374178775500919 ], [ 82.8689296708679, 25.37391105053009 ], [ 82.8691241093439, 25.373377291690428 ], [ 82.869267243734342, 25.371954752740287 ], [ 82.869314793433787, 25.371421307439853 ], [ 82.869656675186448, 25.37110945948163 ], [ 82.87043937151752, 25.370885533402362 ], [ 82.871369749118713, 25.370972423625165 ], [ 82.87179365185203, 25.371142345290099 ], [ 82.872251886667158, 25.371326053031105 ], [ 82.87426693514071, 25.372767180763997 ], [ 82.874606239328926, 25.373009830544969 ], [ 82.875832264383547, 25.373807153791272 ], [ 82.876077988333265, 25.374162160984095 ], [ 82.876128591172929, 25.3747842793281 ], [ 82.875983613167165, 25.375495703193518 ], [ 82.875838651099301, 25.376207141045068 ], [ 82.876010875148154, 25.376540096001779 ], [ 82.877602628640375, 25.376781034621992 ], [ 82.878924244441308, 25.376689222520266 ], [ 82.879804763446515, 25.37642061471383 ], [ 82.880391056105708, 25.375974847134302 ], [ 82.881514185896236, 25.374905683252706 ], [ 82.881737568513088, 25.374329675627834 ], [ 82.881731188303291, 25.373682971695828 ], [ 82.881362387244053, 25.373083796646831 ], [ 82.881238755434808, 25.372617387420775 ], [ 82.881334606280589, 25.371861629317777 ], [ 82.881576995201328, 25.370972184512034 ], [ 82.883088458156777, 25.368702103100038 ], [ 82.883526999336212, 25.367945556240482 ], [ 82.883722219311437, 25.367722899342009 ], [ 82.884187091597255, 25.367655185615895 ], [ 82.884800520713682, 25.368209370234375 ], [ 82.884901833107605, 25.369453596337593 ], [ 82.885050256113516, 25.370031044286641 ], [ 82.885417914778316, 25.370208013461085 ], [ 82.885833303387273, 25.369940390906553 ], [ 82.886174763786087, 25.369495181365558 ], [ 82.887688097945357, 25.368069857681718 ], [ 82.888617251272862, 25.367578508725831 ], [ 82.889546760864889, 25.367354175259212 ], [ 82.890476267199034, 25.367129836193499 ], [ 82.891160759894305, 25.36681714679489 ], [ 82.89125780069071, 25.366505813638149 ], [ 82.891158421194376, 25.365972695349743 ], [ 82.891059516974423, 25.365617355782131 ], [ 82.891059983112541, 25.365132503399305 ], [ 82.892966857647153, 25.36494631142978 ], [ 82.894239004720035, 25.364721148027005 ], [ 82.895803888683389, 25.36413975102651 ], [ 82.896401945965749, 25.363614985835941 ], [ 82.897073542370975, 25.363025689194632 ], [ 82.897708682780575, 25.3625797405677 ], [ 82.898050964180925, 25.362445615855286 ], [ 82.898907452669093, 25.362376962478383 ], [ 82.899446160136861, 25.362464599288657 ], [ 82.899691671317896, 25.362730699899117 ], [ 82.899891262357272, 25.364063603003046 ], [ 82.899942000059525, 25.364685709255202 ], [ 82.900431892602967, 25.364817891954679 ], [ 82.900872102988146, 25.36468353292792 ], [ 82.901062293383788, 25.36444045103358 ], [ 82.90257848104423, 25.36223502057506 ], [ 82.903310722814084, 25.36152216385852 ], [ 82.903946217343105, 25.361209551858558 ], [ 82.905315973724839, 25.360895198794722 ], [ 82.906148009442319, 25.360848771367522 ], [ 82.906538613121796, 25.36049229120561 ], [ 82.906684445579799, 25.36013636322421 ], [ 82.905945969884087, 25.358671423956572 ], [ 82.905993760626174, 25.358271291030054 ], [ 82.906237615910356, 25.357959612696416 ], [ 82.906681686004802, 25.357862800916831 ], [ 82.907412441245384, 25.357956818705418 ], [ 82.908882773100018, 25.358575540838235 ], [ 82.910046376552756, 25.358717791569404 ], [ 82.910644984071496, 25.358571318959832 ], [ 82.911378234272945, 25.358213988008053 ], [ 82.911769303443194, 25.358035278660761 ], [ 82.912356715453541, 25.358033864602394 ], [ 82.912944892025223, 25.358299106987186 ], [ 82.913288075101718, 25.358476062439966 ], [ 82.913777593375769, 25.358474879754628 ], [ 82.914684843021334, 25.358272355595496 ], [ 82.913389056426354, 25.356732806919279 ], [ 82.91412474656137, 25.35608995068549 ], [ 82.914386629952816, 25.355370045733704 ], [ 82.914383535223152, 25.354315103521596 ], [ 82.914274654975586, 25.353212395465249 ], [ 82.913421178822929, 25.350175379144375 ], [ 82.913106115504405, 25.348625811859122 ], [ 82.913150042626526, 25.347730378323785 ], [ 82.913570929695354, 25.347201882343761 ], [ 82.914203441100625, 25.346864670560699 ], [ 82.91509864104539, 25.346095259788662 ], [ 82.915465999550136, 25.345327127774468 ], [ 82.91572729077275, 25.344415367340943 ], [ 82.916144103876505, 25.342544125219277 ], [ 82.916615978375617, 25.341440048623706 ], [ 82.917561971822863, 25.339999127614458 ], [ 82.918456530627537, 25.33898993396835 ], [ 82.918984244250552, 25.338017405597068 ], [ 82.919085706782852, 25.337549775171414 ], [ 82.919084141630492, 25.337022292114014 ], [ 82.918977343788995, 25.336590943123607 ], [ 82.918923683250782, 25.33630333616593 ], [ 82.918547256747217, 25.336048237949051 ], [ 82.917183001254827, 25.33678717450719 ], [ 82.916340140490249, 25.337412654879422 ], [ 82.915760924438075, 25.337893573122297 ], [ 82.914970014503794, 25.338231193028356 ], [ 82.914337304897543, 25.338520450442743 ], [ 82.913546221572886, 25.338762113030892 ], [ 82.912649124553312, 25.338908119315125 ], [ 82.9110666926248, 25.339343536926332 ], [ 82.910381856731746, 25.33987266505844 ], [ 82.909907974923996, 25.340305362530852 ], [ 82.909552581834433, 25.340543987641109 ], [ 82.908958013736552, 25.34040355926038 ], [ 82.908058230216383, 25.339590498934854 ], [ 82.907449840948971, 25.339350155855595 ], [ 82.906843204582799, 25.339305672245203 ], [ 82.906262592037493, 25.339355012688795 ], [ 82.90568172056868, 25.339308430502257 ], [ 82.905152678550678, 25.338926037500006 ], [ 82.904517863045072, 25.338448015510505 ], [ 82.9040948725047, 25.338209254110897 ], [ 82.903672196038187, 25.338114326733457 ], [ 82.90330283889466, 25.338163160300414 ], [ 82.902810432745, 25.33849292544582 ], [ 82.902353979561141, 25.338644920118515 ], [ 82.901931440319231, 25.338598011609083 ], [ 82.901508317257068, 25.338311280325222 ], [ 82.900799207261883, 25.337246377094708 ], [ 82.900427692009259, 25.336527899414349 ], [ 82.900162784418399, 25.336192833551909 ], [ 82.899596437781071, 25.336053985519477 ], [ 82.898842579041258, 25.336052092758344 ], [ 82.898367608688588, 25.336101159933992 ], [ 82.897786736690932, 25.336054551186891 ], [ 82.896929097232544, 25.335864741590594 ], [ 82.896202542187922, 25.335866425056658 ], [ 82.895462676537946, 25.33558041292369 ], [ 82.894564241364634, 25.335246801488264 ], [ 82.893877323563103, 25.335008621136492 ], [ 82.893454815463457, 25.335009594735606 ], [ 82.893071542099079, 25.33501047472874 ], [ 82.892347052571068, 25.335251902112187 ], [ 82.891819409825331, 25.335348975056643 ], [ 82.890869319674991, 25.335399108766971 ], [ 82.890130261966107, 25.335400797224519 ], [ 82.889338379100408, 25.33540259961531 ], [ 82.888705349637178, 25.335547939167551 ], [ 82.888124877776249, 25.33564512134598 ], [ 82.887280039337767, 25.335551172769726 ], [ 82.886223938533135, 25.335457621064293 ], [ 82.885273862744995, 25.335507726602277 ], [ 82.88464018936736, 25.335461189857085 ], [ 82.883953417537427, 25.335270946947301 ], [ 82.883208701866906, 25.334881809837064 ], [ 82.882842175057434, 25.334314325510274 ], [ 82.882470872834304, 25.333643783698939 ], [ 82.88236318232218, 25.332876771024928 ], [ 82.882044951273556, 25.332302029771796 ], [ 82.881563960019207, 25.331895753937488 ], [ 82.881040278658119, 25.331680857735471 ], [ 82.880564556527531, 25.331490113597951 ], [ 82.880352527601886, 25.331154896795958 ], [ 82.880351364626421, 25.330723333345539 ], [ 82.880456072021985, 25.330387413446697 ], [ 82.880928831185301, 25.329523182328199 ], [ 82.882033539755412, 25.328082082915728 ], [ 82.882487752729077, 25.327360367503687 ], [ 82.883242451254077, 25.326161209024335 ], [ 82.884050002180359, 25.324410240027657 ], [ 82.884982659736011, 25.322387952078383 ], [ 82.885191680311792, 25.321620216692097 ], [ 82.885504927817109, 25.320372651168054 ], [ 82.885713141224684, 25.319269223858353 ], [ 82.885758513905898, 25.318670932172211 ], [ 82.885814979763296, 25.317926280825262 ], [ 82.885864375445848, 25.316679302253331 ], [ 82.886048491583622, 25.316097768462765 ], [ 82.886335367103072, 25.315191619554884 ], [ 82.887545145630511, 25.313654338668186 ], [ 82.888651904643766, 25.313028400118931 ], [ 82.889443000861206, 25.312786830328335 ], [ 82.890129009172142, 25.31273730338658 ], [ 82.890709801045247, 25.312831903196024 ], [ 82.891344169770264, 25.313166148779093 ], [ 82.891766931888071, 25.31335698909081 ], [ 82.892241959697344, 25.313355898483668 ], [ 82.89282232103524, 25.313258641841625 ], [ 82.89319118186242, 25.31301802351372 ], [ 82.893758790912301, 25.312403534679518 ], [ 82.894033231802879, 25.312152886266716 ], [ 82.894190057780904, 25.31162502304182 ], [ 82.894187918857611, 25.310857752392991 ], [ 82.894080412984465, 25.310138627388003 ], [ 82.893813564989657, 25.30908424840521 ], [ 82.893441911303057, 25.308317826877605 ], [ 82.892876041848709, 25.307713226628039 ], [ 82.892066746250052, 25.307265911412227 ], [ 82.890905093341772, 25.307076763773861 ], [ 82.889849467547435, 25.307079173200279 ], [ 82.889163222054279, 25.307032773616786 ], [ 82.888713781451258, 25.306746097017406 ], [ 82.888580906767885, 25.306410662080204 ], [ 82.888685049655251, 25.305882919691683 ], [ 82.889610925299891, 25.304321314127332 ], [ 82.889893357768401, 25.303844960774679 ], [ 82.890417573512011, 25.302548914212313 ], [ 82.890625490417392, 25.301397492017955 ], [ 82.890781256226248, 25.300486020721266 ], [ 82.890936074899642, 25.299190810863308 ], [ 82.890985037156952, 25.297799970216744 ], [ 82.890989058555732, 25.296568540380978 ], [ 82.891032158607601, 25.295785692286071 ], [ 82.891082695977772, 25.294970322390139 ], [ 82.890973494943637, 25.293627800693059 ], [ 82.890684524298933, 25.29225885603536 ], [ 82.890599112590962, 25.291854236277295 ], [ 82.890438701802736, 25.291087324326128 ], [ 82.890490052265704, 25.290559689911323 ], [ 82.890700204551507, 25.290223504673964 ], [ 82.892385999622633, 25.289164548510726 ], [ 82.893175887157568, 25.288539331619706 ], [ 82.893744573301646, 25.287693882471167 ], [ 82.894045845129867, 25.287662760002728 ], [ 82.895405689917993, 25.28771331706352 ], [ 82.896411815321898, 25.288087047697527 ], [ 82.897122182315911, 25.288407793481245 ], [ 82.89765579519208, 25.288943772459287 ], [ 82.897953074438774, 25.289534070451893 ], [ 82.897954586555926, 25.2900712843179 ], [ 82.897778735393004, 25.29060897032895 ], [ 82.897721271926613, 25.291200091988003 ], [ 82.897782968737516, 25.292113283332036 ], [ 82.897785237065875, 25.292919132410997 ], [ 82.897787202860442, 25.293617580392116 ], [ 82.897788866253947, 25.294208499429828 ], [ 82.897435169677024, 25.294585424977761 ], [ 82.89885609741637, 25.295083319457749 ], [ 82.899858823983408, 25.295080978769587 ], [ 82.900808192716255, 25.294838921419437 ], [ 82.901598506471487, 25.294405493954542 ], [ 82.902335984952003, 25.293924210732481 ], [ 82.902810264432205, 25.293683319107956 ], [ 82.903232533929966, 25.293682322826374 ], [ 82.90354939499467, 25.293777458770673 ], [ 82.904025278922617, 25.294064075408283 ], [ 82.904553348691692, 25.294206719504402 ], [ 82.904922688954713, 25.29415788065527 ], [ 82.905314710631558, 25.293900924357271 ], [ 82.906186823024697, 25.293291663515184 ], [ 82.906959000159816, 25.292200963101369 ], [ 82.907343129943271, 25.291658398610185 ], [ 82.908498124261413, 25.289545511953666 ], [ 82.908915702777833, 25.287961970992015 ], [ 82.909276007071767, 25.28746800287173 ], [ 82.909441352184686, 25.28724132035898 ], [ 82.909915598640239, 25.287000406962377 ], [ 82.910917168658557, 25.28661433054052 ], [ 82.912446599815596, 25.2862750004379 ], [ 82.913237110248943, 25.285937370864911 ], [ 82.913866463301403, 25.285444494888427 ], [ 82.914342273083832, 25.284879593187675 ], [ 82.914709194893035, 25.284015534658522 ], [ 82.915076842088169, 25.283439154017159 ], [ 82.915392094799458, 25.282958769536631 ], [ 82.915637848752311, 25.282603309295357 ], [ 82.916181970181924, 25.282381360866275 ], [ 82.916498516057473, 25.282380591378612 ], [ 82.917026952284715, 25.282619082471918 ], [ 82.917449372938222, 25.282713995311152 ], [ 82.917766017844798, 25.282713223226427 ], [ 82.918082110980833, 25.282520636319742 ], [ 82.918511181377696, 25.282165708628803 ], [ 82.918712884770642, 25.281703823826035 ], [ 82.918763399340392, 25.280936336569933 ], [ 82.918443210228418, 25.279738235895156 ], [ 82.918058279707125, 25.278648743336408 ], [ 82.917698207036423, 25.277629895930598 ], [ 82.917482612500379, 25.276095760646982 ], [ 82.917426003142211, 25.27480106032926 ], [ 82.917263767580536, 25.273458652870858 ], [ 82.917190951700633, 25.273016888071176 ], [ 82.91699511798339, 25.27182869362294 ], [ 82.916634927347232, 25.270712335948417 ], [ 82.916515848055127, 25.270343215329895 ], [ 82.91598364767637, 25.268809821786114 ], [ 82.915188916621389, 25.267708721643139 ], [ 82.913759782475552, 25.266177505553852 ], [ 82.913185201187389, 25.265749740014979 ], [ 82.912860879502389, 25.265508293262677 ], [ 82.912121751107065, 25.265366179678747 ], [ 82.911488663273005, 25.265415668991885 ], [ 82.910856386807538, 25.265704941242539 ], [ 82.909433709998879, 25.266379785833845 ], [ 82.908643477607882, 25.266813278442669 ], [ 82.907905333160443, 25.267006918480885 ], [ 82.907183523863651, 25.267008638930484 ], [ 82.906638409331762, 25.26681805803759 ], [ 82.90605644116404, 25.26629190949431 ], [ 82.904733862418311, 25.265096078547522 ], [ 82.904045896739049, 25.264378352001987 ], [ 82.903384170008707, 25.263328695236915 ], [ 82.903382783310278, 25.262842845623272 ], [ 82.903257660666313, 25.262245117061461 ], [ 82.903131801346404, 25.261348402211265 ], [ 82.90292435291353, 25.260713526219998 ], [ 82.902923074367266, 25.260265028579859 ], [ 82.903086697590496, 25.25996565330265 ], [ 82.903619987983575, 25.259515896395193 ], [ 82.904071161142198, 25.259103729814246 ], [ 82.904069985373511, 25.258692587238016 ], [ 82.904133789266723, 25.258414787404124 ], [ 82.903703740781239, 25.258190014589587 ], [ 82.903292556500091, 25.258190987053293 ], [ 82.902881388320054, 25.258191954441454 ], [ 82.902306074626267, 25.258342835225317 ], [ 82.901484252260673, 25.258531633201741 ], [ 82.900497653416124, 25.258608716601316 ], [ 82.899634140219703, 25.258610737781069 ], [ 82.899099444561841, 25.258537217345697 ], [ 82.898811153016439, 25.25838836599446 ], [ 82.898440196073807, 25.258052898359015 ], [ 82.898151169092529, 25.257642426890651 ], [ 82.898067142573268, 25.257007238836415 ], [ 82.898146743915632, 25.25597710673965 ], [ 82.898178764191414, 25.252820960823144 ], [ 82.898051883627275, 25.251587838907312 ], [ 82.897976147880428, 25.251162210295703 ], [ 82.89839934036273, 25.250858216086012 ], [ 82.898995478143092, 25.250838155529308 ], [ 82.899489279261175, 25.250986455090555 ], [ 82.89981842163975, 25.251060456237528 ], [ 82.900106072328626, 25.251022426178626 ], [ 82.900290367639229, 25.250760357963816 ], [ 82.900063092252495, 25.250349738732847 ], [ 82.89985694314862, 25.250163338583885 ], [ 82.899876631367036, 25.249845638202643 ], [ 82.900225335800684, 25.249564506401306 ], [ 82.900595124215116, 25.249464043450061 ], [ 82.901129657420313, 25.249487628239304 ], [ 82.901828863908221, 25.249560744091159 ], [ 82.902856679062083, 25.249520907796885 ], [ 82.904418819893436, 25.249442523557203 ], [ 82.905323352496964, 25.249440380921232 ], [ 82.905940544442188, 25.249588383950744 ], [ 82.906516364607967, 25.249661770775521 ], [ 82.907257081148146, 25.249884231879289 ], [ 82.907843270574205, 25.250697686197924 ], [ 82.907630937918896, 25.251191515091403 ], [ 82.90751034876466, 25.252163581657758 ], [ 82.906653672483074, 25.256331813229526 ], [ 82.906368905553322, 25.257416374798524 ], [ 82.906000310369592, 25.257903106506259 ], [ 82.906751638641282, 25.258524896510618 ], [ 82.907571185926201, 25.258841813692044 ], [ 82.90833163249475, 25.258946318958312 ], [ 82.909033129689504, 25.258891482575866 ], [ 82.909852068566281, 25.258995841279805 ], [ 82.910554451565901, 25.259206718391393 ], [ 82.911256103426979, 25.259205031560477 ], [ 82.911665248710577, 25.259150888060205 ], [ 82.912021754845483, 25.259060792541948 ], [ 82.912063417198411, 25.258625045556659 ], [ 82.91241918836603, 25.257974033499259 ], [ 82.912845270760073, 25.25693270016205 ], [ 82.913125761040902, 25.255013993475121 ], [ 82.913011615750236, 25.252641120121947 ], [ 82.912906275701189, 25.252118894097414 ], [ 82.912401169968561, 25.251797342291614 ], [ 82.911901092770876, 25.252009889982006 ], [ 82.911472091058684, 25.252059680589714 ], [ 82.911113777486378, 25.2518329626579 ], [ 82.910897899237241, 25.251410857024002 ], [ 82.910753670298632, 25.250988561909722 ], [ 82.910609911337133, 25.250761401369793 ], [ 82.910287677204408, 25.250632109762737 ], [ 82.90985857828629, 25.250633138408581 ], [ 82.90939351209397, 25.250601733346944 ], [ 82.909071185364809, 25.250439980099017 ], [ 82.908848535794206, 25.250076941919804 ], [ 82.908746779859584, 25.24953049217304 ], [ 82.909058535887425, 25.243232327902593 ], [ 82.909119154265582, 25.242007676646899 ], [ 82.909077700325781, 25.240211012875829 ], [ 82.908966383621589, 25.238626999914064 ], [ 82.908711680616648, 25.237099695885668 ], [ 82.908423449803308, 25.236352632493794 ], [ 82.908099544831714, 25.235638192014989 ], [ 82.907739872026085, 25.23492381915915 ], [ 82.907452323204794, 25.234404398377745 ], [ 82.907093219611966, 25.233885086417089 ], [ 82.90667887071595, 25.233536539039122 ], [ 82.906267823018467, 25.23284671276166 ], [ 82.90590732652656, 25.231839752531023 ], [ 82.905225876144087, 25.228926266592172 ], [ 82.904502714227021, 25.226099593229442 ], [ 82.904176994052548, 25.224734897144874 ], [ 82.904029370360817, 25.223142248309451 ], [ 82.904062826592948, 25.222683872356598 ], [ 82.904098210633123, 25.222199329050639 ], [ 82.904436183018632, 25.221597051307349 ], [ 82.904775438556811, 25.22144996213682 ], [ 82.905447692552642, 25.220118652903967 ], [ 82.905838961757752, 25.219402480127471 ], [ 82.906480322817401, 25.218620727559696 ], [ 82.907157052112169, 25.21770881675101 ], [ 82.907833410655158, 25.216699366722313 ], [ 82.908296001223633, 25.215918032367217 ], [ 82.908544667162602, 25.215364722268227 ], [ 82.90872227017816, 25.214974174478005 ], [ 82.908827875022766, 25.214388742530044 ], [ 82.908790418246085, 25.213803653705583 ], [ 82.908681623081264, 25.213251196971985 ], [ 82.908498270764056, 25.212616038784386 ], [ 82.906721653875024, 25.210105169094167 ], [ 82.90549060561041, 25.20905241190837 ], [ 82.903836308480379, 25.207715973473945 ], [ 82.904352571800686, 25.208803603847478 ], [ 82.904824081608169, 25.209755909959014 ], [ 82.904987936353109, 25.210225311478464 ], [ 82.905459401412173, 25.210561474261137 ], [ 82.905598111918366, 25.211059131474435 ], [ 82.905485544356424, 25.211388502712357 ], [ 82.905139545921983, 25.211507148458384 ], [ 82.904732728029671, 25.211719346419958 ], [ 82.904259030320176, 25.212193388016022 ], [ 82.904001660313085, 25.212434795947967 ], [ 82.903403380721528, 25.213001510622782 ], [ 82.903133696696102, 25.213345225585314 ], [ 82.903061264004251, 25.213768737065102 ], [ 82.903197708056098, 25.214143509842902 ], [ 82.903272665374814, 25.214407892514675 ], [ 82.902836830687065, 25.214529771922546 ], [ 82.900374877649853, 25.21521822418903 ], [ 82.898970057969322, 25.211959634472894 ], [ 82.897520729172115, 25.209179436210924 ], [ 82.896578000173776, 25.208741819831747 ], [ 82.895456671835277, 25.208340217090146 ], [ 82.894315453433165, 25.208340367374909 ], [ 82.893505623710212, 25.208398146560377 ], [ 82.892603838316049, 25.208462486395689 ], [ 82.891418043688617, 25.208620615512181 ], [ 82.890430801419825, 25.20885991074001 ], [ 82.890172119703095, 25.209089355692107 ], [ 82.889641962150463, 25.209559594015818 ], [ 82.888872442541825, 25.2100597928853 ], [ 82.888128737074837, 25.209361168052876 ], [ 82.887310020250254, 25.208165150245907 ], [ 82.886842420985005, 25.207192484196209 ], [ 82.885771617066723, 25.204965047590367 ], [ 82.885502427018196, 25.204578489505501 ], [ 82.884927696886777, 25.203235972606262 ], [ 82.884789144445179, 25.20295204911854 ], [ 82.884218544629675, 25.202049401659707 ], [ 82.883667803342732, 25.201372309333053 ], [ 82.883538764929156, 25.201110577858046 ], [ 82.883558574206106, 25.200830702516338 ], [ 82.883866129545112, 25.200072437745849 ], [ 82.883997808082881, 25.199522070191868 ], [ 82.883032682918014, 25.199472142097047 ], [ 82.881737872673924, 25.199594022592784 ], [ 82.880705957695511, 25.199833354615642 ], [ 82.880099084548903, 25.200084587160919 ], [ 82.879297882754059, 25.200670131026651 ], [ 82.878622316516356, 25.200411161120421 ], [ 82.878443696556175, 25.200632293605555 ], [ 82.87805181199947, 25.201232659601096 ], [ 82.87746392674245, 25.202139925212517 ], [ 82.876895942413185, 25.202248253177018 ], [ 82.875908616343949, 25.202270832767866 ], [ 82.874722980602385, 25.202130926619198 ], [ 82.873472760576064, 25.201810460524552 ], [ 82.871972447844342, 25.201340489151381 ], [ 82.871319625872758, 25.20091218495395 ], [ 82.870773892461187, 25.200072627936922 ], [ 82.870421677685144, 25.19929635712834 ], [ 82.869742098358657, 25.199373008753021 ], [ 82.869479102626968, 25.198777165895397 ], [ 82.869236078191264, 25.19775708518544 ], [ 82.869127023580035, 25.196876946102584 ], [ 82.868883998885138, 25.196019357865385 ], [ 82.868519577365461, 25.195663692668443 ], [ 82.868209332507192, 25.195437047028555 ], [ 82.867837265363605, 25.194936003484525 ], [ 82.867549527385691, 25.194119013107255 ], [ 82.867493445834342, 25.193475969605164 ], [ 82.867683535160509, 25.193157586945993 ], [ 82.868024750018265, 25.192868995161572 ], [ 82.867991160600255, 25.192498597320352 ], [ 82.869464770558025, 25.191826227638316 ], [ 82.870248391592213, 25.191501219679001 ], [ 82.873671200889618, 25.190061351230746 ], [ 82.87327923531501, 25.1895061251698 ], [ 82.872599789716261, 25.188644104413711 ], [ 82.872421206539997, 25.188084348665761 ], [ 82.872178180127634, 25.187524681503053 ], [ 82.871860650708356, 25.187303516427932 ], [ 82.871399361450585, 25.187222251148413 ], [ 82.869402897107562, 25.187829585558635 ], [ 82.868773253567809, 25.186559513776952 ], [ 82.868338775728404, 25.185683055156467 ], [ 82.866761327416327, 25.185565614506533 ], [ 82.866542185499441, 25.185284354065193 ], [ 82.866453847165729, 25.185023881783703 ], [ 82.866109678688971, 25.184324298926239 ], [ 82.86592318386009, 25.183945159226148 ], [ 82.865740343287939, 25.183332569353283 ], [ 82.865223987053056, 25.181602525742719 ], [ 82.864945212412593, 25.18063488310715 ], [ 82.864718122304708, 25.179846633208374 ], [ 82.864495017658314, 25.178551168719089 ], [ 82.864341454113003, 25.176790868244268 ], [ 82.864148078693574, 25.175897178076056 ], [ 82.862909599430253, 25.173214254836562 ], [ 82.861384649118293, 25.169910666771777 ], [ 82.860924688899573, 25.168914232628595 ], [ 82.859307456316159, 25.16937898200203 ], [ 82.858489524277104, 25.168178234290725 ], [ 82.856857781463034, 25.168755737373033 ], [ 82.855225890086032, 25.169333299213758 ], [ 82.854819322478932, 25.168778126980843 ], [ 82.854606623489786, 25.168444942277439 ], [ 82.854055668756914, 25.167581905881995 ], [ 82.853014000761263, 25.168051103864371 ], [ 82.851650364144689, 25.166719407064342 ], [ 82.850836832617134, 25.165858202036436 ], [ 82.850128007035693, 25.165107837453061 ], [ 82.849481006071017, 25.16503785928202 ], [ 82.848957590432349, 25.164981253044175 ], [ 82.847246618921858, 25.164565669823471 ], [ 82.846566224512074, 25.164439741230812 ], [ 82.846056992322232, 25.164345488940448 ], [ 82.845383283823281, 25.16467887603487 ], [ 82.843905064021513, 25.165608304246661 ], [ 82.843623145773364, 25.165750572092332 ], [ 82.843348158842261, 25.165372856884403 ], [ 82.842236880034008, 25.16615794672953 ], [ 82.841165515956604, 25.166757999018195 ], [ 82.83962274880507, 25.16762880272935 ], [ 82.83902214153693, 25.167931031646045 ], [ 82.838602260981702, 25.168081285122053 ], [ 82.836439703825747, 25.168763788705469 ], [ 82.835992026445425, 25.168386036337861 ], [ 82.835674705363104, 25.16808824813797 ], [ 82.834796634769944, 25.168570996181323 ], [ 82.833839220314232, 25.169270366831057 ], [ 82.834572708106009, 25.170764591994573 ], [ 82.835117997615171, 25.171789325414416 ], [ 82.835486128759769, 25.172911751063243 ], [ 82.833639267143596, 25.173657616398451 ], [ 82.831639164509596, 25.174435340522031 ], [ 82.830752112338814, 25.174870923957819 ], [ 82.82955665167745, 25.175340028391179 ], [ 82.83023184327277, 25.176547990721403 ], [ 82.828916067494063, 25.177267154283658 ], [ 82.827149934694859, 25.178051959631169 ], [ 82.825896403201682, 25.178675180117182 ], [ 82.825190265154461, 25.17902624936648 ], [ 82.823816093313013, 25.17965775586071 ], [ 82.824718035622553, 25.181598961263159 ], [ 82.825203755972225, 25.182470233889468 ], [ 82.825443424353239, 25.183282721096433 ], [ 82.824811424512532, 25.183738402083723 ], [ 82.823456773933827, 25.184785119103466 ], [ 82.821498208880215, 25.182983523217164 ], [ 82.821081432163723, 25.183249619502735 ], [ 82.820386770707316, 25.183705293418431 ], [ 82.819275390583329, 25.184314198238742 ], [ 82.81860309964749, 25.184673308143299 ], [ 82.817687705998239, 25.185040311300845 ], [ 82.817285789358976, 25.185130484361974 ], [ 82.816670706791655, 25.185179883059568 ], [ 82.816208770359992, 25.185170534808012 ], [ 82.815990974352431, 25.185445887858737 ], [ 82.815837030113315, 25.18578886613922 ], [ 82.81561164272469, 25.186065634444706 ], [ 82.815122748190916, 25.185876630291027 ], [ 82.814699495453652, 25.185764395892502 ], [ 82.814408393944007, 25.186000449919344 ], [ 82.814209724236079, 25.186343409937905 ], [ 82.813921922007196, 25.18667280014407 ], [ 82.813559677299352, 25.18693891332158 ], [ 82.81318249922866, 25.187114799783782 ], [ 82.812837796957979, 25.187110163395374 ], [ 82.812304866924492, 25.18687235054124 ], [ 82.812015098916788, 25.186814504530624 ], [ 82.811235611427222, 25.187297181461869 ], [ 82.810449786141817, 25.187870109173961 ], [ 82.810041937541456, 25.188246414340703 ], [ 82.809744051125932, 25.188723878481802 ], [ 82.809401676381299, 25.188837395526299 ], [ 82.808226070831154, 25.188875280699818 ], [ 82.807705804215843, 25.187708277165214 ], [ 82.807592053455394, 25.187162099860785 ], [ 82.807691521171677, 25.186746833396636 ], [ 82.807855460848444, 25.186291090252663 ], [ 82.807983467765283, 25.185930965330339 ], [ 82.808255235844612, 25.185354635075004 ], [ 82.808079748672981, 25.184341245377457 ], [ 82.807817404033585, 25.183330074754725 ], [ 82.807916731240638, 25.182987083183399 ], [ 82.808150108489457, 25.182657678165103 ], [ 82.808304182758505, 25.182089054091193 ], [ 82.807987878455251, 25.179949416884728 ] ], [ [ 82.845671156269759, 25.288789528571598 ], [ 82.846355044539351, 25.287360299541906 ], [ 82.846548087153465, 25.285976729100341 ], [ 82.846444394526443, 25.283745973025287 ], [ 82.846436739057651, 25.280622591853128 ], [ 82.846085493564587, 25.27754451829145 ], [ 82.845881402680504, 25.274376916920147 ], [ 82.845433808161076, 25.272057533553415 ], [ 82.84493924612876, 25.270541428429031 ], [ 82.844348013540738, 25.269694865228971 ], [ 82.843216768126922, 25.268849340786495 ], [ 82.84267503311635, 25.268136511736152 ], [ 82.84249442226411, 25.267172115624561 ], [ 82.842601962674806, 25.26649040801335 ], [ 82.843234439475864, 25.265021708069224 ], [ 82.843627439792982, 25.263938480323681 ], [ 82.844283466510078, 25.264015554160892 ], [ 82.844786647185472, 25.263889729543624 ], [ 82.845198366885768, 25.263805652116424 ], [ 82.845473274404796, 25.263888343584441 ], [ 82.845794738328863, 25.264345295152083 ], [ 82.846024738856684, 25.264802474468866 ], [ 82.846391944568339, 25.265217709747006 ], [ 82.846804569510098, 25.265508100220899 ], [ 82.84721740917881, 25.265881674643072 ], [ 82.847557413131355, 25.266254263105626 ], [ 82.847525053303045, 25.263033320063542 ], [ 82.8470404546064, 25.259742467348559 ], [ 82.846986579795683, 25.257230307596096 ], [ 82.847080925850307, 25.256761512099953 ], [ 82.84852702062993, 25.257010340342713 ], [ 82.852554377127404, 25.257962452907311 ], [ 82.853309522455532, 25.25816672067609 ], [ 82.853510069813865, 25.257914764812803 ], [ 82.853509155473404, 25.257548887726806 ], [ 82.853507325350705, 25.256817204259377 ], [ 82.853756848112113, 25.255993514825718 ], [ 82.854057468655085, 25.255489871390434 ], [ 82.854157020663891, 25.255078071592223 ], [ 82.854004993116462, 25.254621033998855 ], [ 82.853802797919812, 25.254255629479477 ], [ 82.853399425673885, 25.253890582203237 ], [ 82.851063714941716, 25.252779620335982 ], [ 82.851692677127588, 25.252629376745752 ], [ 82.852406378145034, 25.252194774763694 ], [ 82.852595999333502, 25.251804516971415 ], [ 82.853073571023288, 25.250958513753428 ], [ 82.853991495379674, 25.252074627345202 ], [ 82.855226179720276, 25.252804846846214 ], [ 82.856127531365289, 25.252932289850534 ], [ 82.858309006092242, 25.253013904611961 ], [ 82.85909471320771, 25.252985810336774 ], [ 82.860436860839087, 25.254148315086848 ], [ 82.86112514780973, 25.254854135428896 ], [ 82.861401239943717, 25.255435955290256 ], [ 82.861678488081367, 25.256475434021965 ], [ 82.861863429977973, 25.257182301224798 ], [ 82.862002855376829, 25.258014026322243 ], [ 82.862096356990932, 25.258804271887762 ], [ 82.862281409364243, 25.259552711195024 ], [ 82.862466136942359, 25.26021796752385 ], [ 82.862650462368634, 25.260675180019259 ], [ 82.862720070068704, 25.261070252172146 ], [ 82.86269810749846, 25.261423968955384 ], [ 82.862607502542446, 25.261777758205849 ], [ 82.862288020082019, 25.262132031239499 ], [ 82.861922161365086, 25.262257617219223 ], [ 82.861418787746871, 25.262300303973515 ], [ 82.861052821162119, 25.26238426481838 ], [ 82.860733330306289, 25.262717791572506 ], [ 82.860034832342023, 25.264409143299748 ], [ 82.859168437307147, 25.265700625317752 ], [ 82.858666423912666, 25.266284073328322 ], [ 82.858301077668926, 25.266617704650493 ], [ 82.857572163290143, 25.267950436666624 ], [ 82.857300496019775, 25.269115863191562 ], [ 82.856936399224637, 25.269948677662626 ], [ 82.856254201163964, 25.270123096325488 ], [ 82.85647468290415, 25.270438789155079 ], [ 82.856475836079341, 25.270896441271649 ], [ 82.856477200810502, 25.271437267203083 ], [ 82.856661820359889, 25.272019271103666 ], [ 82.857034787220968, 25.273792584146271 ], [ 82.857405203537624, 25.275455862567458 ], [ 82.858186729372122, 25.276785433810858 ], [ 82.85905933036598, 25.277906825941301 ], [ 82.859472563502607, 25.278405218732932 ], [ 82.859702934433884, 25.278987119556366 ], [ 82.859704522606691, 25.279611122319281 ], [ 82.859705686391024, 25.280068772225082 ], [ 82.859844487195133, 25.280650863716946 ], [ 82.859846394190484, 25.281399672235402 ], [ 82.859802252252521, 25.282023771661184 ], [ 82.859530152626647, 25.283022812520208 ], [ 82.858941030872884, 25.285395271802436 ], [ 82.85887008910376, 25.28605522482454 ], [ 82.858717393798457, 25.287475781529093 ], [ 82.858673563174207, 25.288224679847787 ], [ 82.858582813292074, 25.288557709193814 ], [ 82.858290366012142, 25.289119780656748 ], [ 82.857974144674998, 25.289002960532088 ], [ 82.857578923200194, 25.288905890617542 ], [ 82.85711167259791, 25.288711159639163 ], [ 82.856572740222276, 25.288549094797499 ], [ 82.856034187799736, 25.288582869986914 ], [ 82.855603561592588, 25.288681647486335 ], [ 82.855352660753098, 25.28884530098405 ], [ 82.854886150835441, 25.288944153107138 ], [ 82.854455359828791, 25.288977699321869 ], [ 82.854060566067204, 25.289011109730097 ], [ 82.853701883691599, 25.289175026906793 ], [ 82.853283543886633, 25.289339858552989 ], [ 82.852840477113702, 25.289307283164721 ], [ 82.852265486740421, 25.289080108759268 ], [ 82.851690803879364, 25.289016000513019 ], [ 82.851008375474777, 25.288919503361829 ], [ 82.850254408882535, 25.288921049933112 ], [ 82.849464622595931, 25.288987972556097 ], [ 82.84896228906085, 25.28911947526948 ], [ 82.848280586792299, 25.289316631340473 ], [ 82.847634765321487, 25.289513728872912 ], [ 82.846743341836586, 25.289965929898504 ], [ 82.845426419667433, 25.289102358949236 ], [ 82.845671156269759, 25.288789528571598 ] ], [ [ 82.836213885915498, 25.318694707908787 ], [ 82.836181800143038, 25.318001566832557 ], [ 82.836251489680492, 25.31725387597173 ], [ 82.836178707715135, 25.31670143374696 ], [ 82.836070404964588, 25.316311572848878 ], [ 82.836069091760734, 25.315759065296099 ], [ 82.836210980531988, 25.315271188677272 ], [ 82.83656693461225, 25.314490415895367 ], [ 82.836533561056925, 25.313638547541554 ], [ 82.836456930301992, 25.313385529978351 ], [ 82.836455150324156, 25.312637916114607 ], [ 82.836669654425336, 25.310443014599706 ], [ 82.837273368451577, 25.308556580954303 ], [ 82.837592868669489, 25.307548349941694 ], [ 82.83816333606066, 25.306734608685119 ], [ 82.838806287869275, 25.306343317008789 ], [ 82.839878680193266, 25.305983642884033 ], [ 82.841523059044846, 25.305492778476498 ], [ 82.84259597006529, 25.305393169596918 ], [ 82.843669373771874, 25.305456007117936 ], [ 82.844313493087768, 25.305552233243436 ], [ 82.845137190878376, 25.305908120686549 ], [ 82.845459825891766, 25.306167506288268 ], [ 82.84572418339954, 25.306531768574061 ], [ 82.845819107143967, 25.306816823592104 ], [ 82.84574856362994, 25.307239501890649 ], [ 82.845571227448914, 25.307857442119563 ], [ 82.84564352057032, 25.308149850052445 ], [ 82.845787294976915, 25.308442114492657 ], [ 82.845895538774258, 25.308799440371978 ], [ 82.846003667432385, 25.309156707474742 ], [ 82.845934351263509, 25.310034464921813 ], [ 82.845899834587087, 25.310554593303266 ], [ 82.845722873838398, 25.311367560843681 ], [ 82.845653220906343, 25.312115321328172 ], [ 82.845476274865675, 25.312895755340911 ], [ 82.845405648419103, 25.313285914214564 ], [ 82.845549585988877, 25.313643165954282 ], [ 82.845765623201501, 25.314211545858353 ], [ 82.845587603113358, 25.314553218762263 ], [ 82.845159261626108, 25.31494409972175 ], [ 82.84480210191704, 25.315204839359982 ], [ 82.844624038401747, 25.315530281973697 ], [ 82.844553168805163, 25.315822916825539 ], [ 82.844554120710768, 25.316212988948436 ], [ 82.844555705601266, 25.316863020319293 ], [ 82.844485172639935, 25.317253234129947 ], [ 82.844378511001466, 25.317546001674945 ], [ 82.843985491979907, 25.317741761040921 ], [ 82.84344968207688, 25.318100377670895 ], [ 82.842627178806012, 25.318264537967359 ], [ 82.841947840259408, 25.31842847060134 ], [ 82.840302373054186, 25.318529214537907 ], [ 82.838620939159469, 25.318565068754189 ], [ 82.837869856582657, 25.318664075053551 ], [ 82.837548175120702, 25.31876223262557 ], [ 82.837012113709662, 25.319023308409459 ], [ 82.836335398974356, 25.319490894102358 ], [ 82.836213885915498, 25.318694707908787 ] ], [ [ 82.862645903579306, 25.308503064023885 ], [ 82.862139222839872, 25.308734641956161 ], [ 82.861429740348072, 25.309012638010973 ], [ 82.860871973104892, 25.309106026752644 ], [ 82.859907783872785, 25.308969781797884 ], [ 82.857978612317709, 25.308374678856612 ], [ 82.856251325132945, 25.307364283463446 ], [ 82.8549493775879, 25.306007046666522 ], [ 82.855672009408053, 25.305932113646872 ], [ 82.856367338687832, 25.30589741364048 ], [ 82.856967468494531, 25.305823426966835 ], [ 82.857607568717057, 25.305676602883072 ], [ 82.858645574366506, 25.304583343568162 ], [ 82.858885163922224, 25.304364677853773 ], [ 82.859325037733683, 25.304218268209762 ], [ 82.859725265110796, 25.30418105830308 ], [ 82.860286463882531, 25.304507157594475 ], [ 82.861489245817211, 25.305268424948178 ], [ 82.86289300259304, 25.306356520799227 ], [ 82.863145641192844, 25.306598457033292 ], [ 82.863611141968519, 25.307069500285444 ], [ 82.8630506698738, 25.308087415438742 ], [ 82.862645903579306, 25.308503064023885 ] ], [ [ 82.861561667379888, 25.301902573221277 ], [ 82.860867377796211, 25.301379395124997 ], [ 82.860230760762633, 25.300803607798233 ], [ 82.859131296961792, 25.299861540336355 ], [ 82.858527722470967, 25.299266011978343 ], [ 82.858262189648798, 25.29865664437575 ], [ 82.858318760938118, 25.298184361970709 ], [ 82.858548202575903, 25.297606749926018 ], [ 82.859056317552799, 25.297275315893625 ], [ 82.859355235247719, 25.297080423344845 ], [ 82.85987441008163, 25.29692193440648 ], [ 82.86050926787108, 25.296815641282357 ], [ 82.860970504236462, 25.296552373737729 ], [ 82.861200852114251, 25.296289531912805 ], [ 82.861430128733659, 25.295659441580195 ], [ 82.861600812296643, 25.29466226885188 ], [ 82.861887598384911, 25.29392714406298 ], [ 82.86225638229098, 25.293632525792006 ], [ 82.862637906904624, 25.293820598534818 ], [ 82.862985028216954, 25.294082215565339 ], [ 82.864488724871734, 25.295075875198517 ], [ 82.866166065027642, 25.29617406047829 ], [ 82.866731393900636, 25.29626729166176 ], [ 82.86687390258183, 25.296695236664629 ], [ 82.866875296905391, 25.297232508385402 ], [ 82.866698760814643, 25.297555232392689 ], [ 82.866581492709784, 25.297931523256057 ], [ 82.866641303485935, 25.298200030675215 ], [ 82.866878504598219, 25.298468173737575 ], [ 82.867470332764469, 25.298681770241881 ], [ 82.868120717580169, 25.298680370681829 ], [ 82.869244153157155, 25.298731656770915 ], [ 82.873263503523475, 25.298293182359092 ], [ 82.874414160555929, 25.298135687654018 ], [ 82.875154341393042, 25.298834315704728 ], [ 82.875357356645125, 25.299383351017973 ], [ 82.875560372914762, 25.299932398806281 ], [ 82.875602378408686, 25.300555027300312 ], [ 82.875534206316644, 25.301662581137741 ], [ 82.875210922432984, 25.301954634757283 ], [ 82.874727904475691, 25.302451346343855 ], [ 82.87420829277707, 25.302452483663849 ], [ 82.873341438211781, 25.302192026017526 ], [ 82.872243535044873, 25.301879655371433 ], [ 82.871434967379187, 25.301776442785243 ], [ 82.87045321544187, 25.301726148261345 ], [ 82.86924122146371, 25.301938635549256 ], [ 82.867394773507229, 25.302414771554943 ], [ 82.86577853049755, 25.302628102727553 ], [ 82.863237870793569, 25.302581047337096 ], [ 82.862313482214773, 25.302373127503373 ], [ 82.861561667379888, 25.301902573221277 ] ] ], [ [ [ 82.812579232529643, 25.294568377922417 ], [ 82.81285372920145, 25.294210444913389 ], [ 82.812970901853859, 25.293817100572443 ], [ 82.813008949955687, 25.293245147932314 ], [ 82.812811012600534, 25.29267362717242 ], [ 82.812770907816926, 25.292316327192715 ], [ 82.812887742872448, 25.291815699411472 ], [ 82.813240880837881, 25.29142192154152 ], [ 82.813515370211803, 25.291064045656579 ], [ 82.813533967482371, 25.29056359606351 ], [ 82.813316993715958, 25.29024231575891 ], [ 82.813080279373338, 25.289956844212512 ], [ 82.812804604684587, 25.289778654465984 ], [ 82.812057045399428, 25.289672793593642 ], [ 82.811348803330588, 25.289531102936802 ], [ 82.810719520722955, 25.289532247799453 ], [ 82.810011830070763, 25.289640757252322 ], [ 82.80855710622501, 25.289929294332318 ], [ 82.807770972200274, 25.290109466672195 ], [ 82.806866975452479, 25.290432766278119 ], [ 82.805895775802384, 25.290701398997886 ], [ 82.805615534878427, 25.291099210739457 ], [ 82.805262067332052, 25.29135006401577 ], [ 82.80451551040548, 25.291673056517546 ], [ 82.802629684969659, 25.292641418468339 ], [ 82.800076907867123, 25.294468730266281 ], [ 82.797326842774893, 25.295974652455392 ], [ 82.795441416169254, 25.297193075759456 ], [ 82.793760431715526, 25.29784869184099 ], [ 82.794273830910726, 25.297993506669549 ], [ 82.795164956120033, 25.298497453726146 ], [ 82.796000984448199, 25.299254221617012 ], [ 82.797665335798186, 25.300994321134862 ], [ 82.798233548520116, 25.299669196424965 ], [ 82.798821987868905, 25.298917598966675 ], [ 82.799371712467433, 25.298452056802805 ], [ 82.800196954791161, 25.298093179045356 ], [ 82.801415533819664, 25.297733590172367 ], [ 82.802634259042989, 25.297445536186778 ], [ 82.803499188106471, 25.297265325769409 ], [ 82.804363959051273, 25.29701358163889 ], [ 82.804953282322757, 25.296690858924343 ], [ 82.805463717479142, 25.296296819783855 ], [ 82.805738487686568, 25.29601035143498 ], [ 82.805977232859647, 25.295742257844672 ], [ 82.806248531260479, 25.29543761741775 ], [ 82.806720130113035, 25.295222337319533 ], [ 82.807546034347467, 25.295185083360046 ], [ 82.808332837518179, 25.295290890198444 ], [ 82.810693329030101, 25.295501068205756 ], [ 82.811322400543091, 25.295392696830053 ], [ 82.811912016334063, 25.295212947291233 ], [ 82.81230471780674, 25.294926249918706 ], [ 82.812579232529643, 25.294568377922417 ] ] ], [ [ [ 82.908376089640583, 25.329621930640865 ], [ 82.908112170935723, 25.329023310393094 ], [ 82.907757180854205, 25.328574346590781 ], [ 82.906793276978505, 25.328017170460662 ], [ 82.904750297541213, 25.327007918618921 ], [ 82.90436426583787, 25.326659158030221 ], [ 82.904209302547116, 25.326309867307319 ], [ 82.904014753838112, 25.325575956141812 ], [ 82.903896879618102, 25.324737029216163 ], [ 82.903703816107893, 25.324527685204139 ], [ 82.903395196907354, 25.324283646528606 ], [ 82.902909585601833, 25.324183044233301 ], [ 82.90258699200696, 25.324320515603823 ], [ 82.90227955279434, 25.324496077719449 ], [ 82.901972427860571, 25.324776529424721 ], [ 82.901626599931987, 25.324987141822046 ], [ 82.901126709866773, 25.325163151158545 ], [ 82.900857570492093, 25.325268690560286 ], [ 82.900589126636731, 25.325618978519799 ], [ 82.900551531511468, 25.325933833456894 ], [ 82.900553117815278, 25.326493305312248 ], [ 82.900632074017238, 25.327192449783155 ], [ 82.900633760288073, 25.327786943617046 ], [ 82.900442895263907, 25.328346863230564 ], [ 82.900213226989351, 25.328801963581522 ], [ 82.900021863670148, 25.329187047758932 ], [ 82.899561235262581, 25.329642747735992 ], [ 82.898947543622711, 25.329977301966775 ], [ 82.899140704795471, 25.330221631290126 ], [ 82.89933454300234, 25.33071070534319 ], [ 82.899528102317092, 25.331094949313115 ], [ 82.899567974074728, 25.331584383254029 ], [ 82.89953077131851, 25.33203903239912 ], [ 82.899609528283278, 25.332668244875094 ], [ 82.899879870565002, 25.332982377923486 ], [ 82.900227107099226, 25.333261293223551 ], [ 82.900495486098038, 25.333627606807543 ], [ 82.903385948105949, 25.334093068894756 ], [ 82.903924771163375, 25.334056833275888 ], [ 82.904289653947785, 25.333776238132945 ], [ 82.904461675379736, 25.33335624109808 ], [ 82.90494179102663, 25.332987952719012 ], [ 82.90546140333818, 25.332969240359223 ], [ 82.906115885138234, 25.332967687939483 ], [ 82.906846859980234, 25.332826080132239 ], [ 82.90765440518841, 25.332544369214826 ], [ 82.908154211799101, 25.332333378973686 ], [ 82.908462150089946, 25.332332643356782 ], [ 82.908570566290607, 25.330320794032886 ], [ 82.908376089640583, 25.329621930640865 ] ] ] ] } },
{ "type": "Feature", "properties": { "block_name": "Baragaon" }, "geometry": { "type": "Polygon", "coordinates": [ [ [ 82.724006849987717, 25.389362516962176 ], [ 82.721264719166825, 25.389188307887053 ], [ 82.719697595807531, 25.388968097863799 ], [ 82.719068724524575, 25.388680615646429 ], [ 82.718030911991178, 25.387681354828111 ], [ 82.717246769979198, 25.3871934742528 ], [ 82.715679029652804, 25.386528801321248 ], [ 82.713964640328172, 25.386042073459549 ], [ 82.71179525694896, 25.385509427542875 ], [ 82.710856131168171, 25.385261739666348 ], [ 82.710000754585352, 25.385380612799398 ], [ 82.710348585560169, 25.38571573286081 ], [ 82.710393596641936, 25.386169642389039 ], [ 82.710463412977901, 25.386513004596257 ], [ 82.710494670472713, 25.386776150772942 ], [ 82.710344582867009, 25.387045721302322 ], [ 82.710208234480831, 25.387488118630575 ], [ 82.710044513850519, 25.387858318948378 ], [ 82.710068777525578, 25.388222423773236 ], [ 82.709919787215966, 25.388780189278169 ], [ 82.709530887394337, 25.388702674839902 ], [ 82.708894728144983, 25.388585635112747 ], [ 82.707428644474405, 25.388090038197898 ], [ 82.706887000554545, 25.387959405679265 ], [ 82.705903030578256, 25.38773429809514 ], [ 82.705401193076668, 25.387680458920688 ], [ 82.705078240615563, 25.38775734158596 ], [ 82.704690825070784, 25.387920303521529 ], [ 82.704154267109615, 25.388145998942761 ], [ 82.703162878923919, 25.388780904708582 ], [ 82.702475542241359, 25.389221076783024 ], [ 82.70189943727506, 25.389609546399804 ], [ 82.701218043569895, 25.390109400345608 ], [ 82.699477815197113, 25.391386681995225 ], [ 82.698387661947891, 25.39228273117266 ], [ 82.697474304593186, 25.393010525183946 ], [ 82.696631282559224, 25.39345492469711 ], [ 82.696252236568185, 25.3935437767514 ], [ 82.695755352620424, 25.393557570059215 ], [ 82.695019881046974, 25.393449580428054 ], [ 82.69438882911237, 25.393386628450124 ], [ 82.693914996892261, 25.393481372398693 ], [ 82.693466244606242, 25.393821863792621 ], [ 82.693852547971588, 25.394036909304873 ], [ 82.694528594716971, 25.394447301625377 ], [ 82.695045589868442, 25.394839665064687 ], [ 82.695294142793713, 25.395087842097329 ], [ 82.695516610924827, 25.395620022813553 ], [ 82.695418956885035, 25.396008563462075 ], [ 82.695165671816767, 25.396252440629528 ], [ 82.694867615468041, 25.396406007633185 ], [ 82.694271413745909, 25.39663195482504 ], [ 82.69313381096535, 25.397097435606998 ], [ 82.692014904798157, 25.397466475241206 ], [ 82.691464560121801, 25.397702939540181 ], [ 82.691059662595578, 25.397906268447603 ], [ 82.690719448280518, 25.398231363470302 ], [ 82.69045638023303, 25.398719019433226 ], [ 82.690252871611634, 25.399152342216265 ], [ 82.690019619302419, 25.399833985019168 ], [ 82.689818585657477, 25.400201997870283 ], [ 82.68944859550308, 25.400506757245715 ], [ 82.688728358593892, 25.401057749949143 ], [ 82.68831104581453, 25.401391955524311 ], [ 82.687898791563242, 25.401730672003303 ], [ 82.68746677964829, 25.402272429660286 ], [ 82.68721861107818, 25.402814223552351 ], [ 82.687064696586447, 25.403071505859248 ], [ 82.686667414982708, 25.403631346321241 ], [ 82.686295000511237, 25.404164150300179 ], [ 82.686116232701551, 25.40443502512257 ], [ 82.685412471616303, 25.405319283564882 ], [ 82.685003842582191, 25.405884315468462 ], [ 82.684437694833818, 25.406651885024328 ], [ 82.6842117448506, 25.407024326915561 ], [ 82.684204431003522, 25.407378624151146 ], [ 82.684408281213905, 25.407613216793532 ], [ 82.684845643917399, 25.408077949862147 ], [ 82.685149169941539, 25.40844792468663 ], [ 82.68533326349592, 25.408836048735612 ], [ 82.685427844583913, 25.409237689744185 ], [ 82.685502706393365, 25.409747647381167 ], [ 82.685564334658608, 25.410402680145324 ], [ 82.685602673681345, 25.410903098165694 ], [ 82.68558298646667, 25.411336451171763 ], [ 82.685528830120234, 25.412329425264211 ], [ 82.685434581892281, 25.41266796716107 ], [ 82.685097061023455, 25.413575361122327 ], [ 82.684868713444772, 25.413986182812742 ], [ 82.684173474742551, 25.415047143148382 ], [ 82.683850611029442, 25.415557261872017 ], [ 82.683303471845633, 25.416410176449354 ], [ 82.682961729752989, 25.417051628882223 ], [ 82.682882416112889, 25.417348825082755 ], [ 82.683074729556651, 25.417642842986258 ], [ 82.683349729175944, 25.41778710990889 ], [ 82.68373246571646, 25.417917925187705 ], [ 82.684030837482666, 25.418143437791194 ], [ 82.684339088953138, 25.4184051450944 ], [ 82.684905987177828, 25.419002921159024 ], [ 82.685025446670949, 25.419420384726493 ], [ 82.685000804779222, 25.419704787592952 ], [ 82.684826921025902, 25.420016262467279 ], [ 82.684563728349403, 25.420264569634391 ], [ 82.684245727159578, 25.420494954441022 ], [ 82.683967530715677, 25.420743245801191 ], [ 82.683746500770326, 25.421061560507354 ], [ 82.683724281910699, 25.421418182920359 ], [ 82.683953145010477, 25.421835592223161 ], [ 82.684176896912561, 25.422065598560785 ], [ 82.684475189235954, 25.422282188011131 ], [ 82.685041984454273, 25.422710722296419 ], [ 82.685424783646013, 25.42294977740848 ], [ 82.685971723149606, 25.423233862068727 ], [ 82.686349569930456, 25.42353614777916 ], [ 82.686770184029271, 25.423943578665732 ], [ 82.687030772524125, 25.424203866924568 ], [ 82.687364129286138, 25.424659557752474 ], [ 82.68754323407245, 25.425083754019777 ], [ 82.687812071995722, 25.425981838945436 ], [ 82.687924894971346, 25.426345075060702 ], [ 82.68811577203688, 25.426888983237497 ], [ 82.688279984637433, 25.427238694645162 ], [ 82.688498746530769, 25.427493545861545 ], [ 82.688772264151879, 25.427755291300691 ], [ 82.689304326467095, 25.428183768811067 ], [ 82.689806564182916, 25.428562684702715 ], [ 82.690268898735198, 25.428846834496241 ], [ 82.690711464333589, 25.42906330108276 ], [ 82.691288455980143, 25.429275928545799 ], [ 82.691683345875802, 25.429412673217069 ], [ 82.692317125849144, 25.429437259314639 ], [ 82.692913514794995, 25.429405364010371 ], [ 82.693355826140618, 25.429373569564252 ], [ 82.69367650866829, 25.429364453335012 ], [ 82.694001967054561, 25.429355166981811 ], [ 82.694323660114478, 25.429375311949133 ], [ 82.694765814227438, 25.42947418073614 ], [ 82.695160303243171, 25.429693109216455 ], [ 82.695627797260741, 25.430144224560607 ], [ 82.695891369170923, 25.430428495518349 ], [ 82.696189818268479, 25.430708205419197 ], [ 82.6965129880479, 25.430924704444475 ], [ 82.697052399468788, 25.431113964563625 ], [ 82.697472390309741, 25.431163358741564 ], [ 82.69780541863112, 25.431140628019431 ], [ 82.698163195657386, 25.431032137061067 ], [ 82.698530878808285, 25.430869437963114 ], [ 82.699082490606372, 25.430598416473607 ], [ 82.699559477931658, 25.430336332536687 ], [ 82.700220394708325, 25.430038088358433 ], [ 82.700712320734198, 25.429897984597666 ], [ 82.701281435200428, 25.429836942550587 ], [ 82.701711486796896, 25.429929020395516 ], [ 82.701975026906482, 25.430091412584726 ], [ 82.702164005115662, 25.430298907665023 ], [ 82.702363099120973, 25.430619297410679 ], [ 82.702457689969208, 25.430989349198377 ], [ 82.702468089797719, 25.43163030052278 ], [ 82.702518137278162, 25.432144755809709 ], [ 82.704106031331094, 25.432004002171972 ], [ 82.704081403749655, 25.431561231558426 ], [ 82.703923725383916, 25.430656512312691 ], [ 82.703988163003075, 25.430329519311755 ], [ 82.704559822581885, 25.430392381552291 ], [ 82.704928282923959, 25.430616098657584 ], [ 82.705763100796659, 25.431122975172407 ], [ 82.707640060627071, 25.431605674524889 ], [ 82.708477468920819, 25.431821026834044 ], [ 82.711787682304944, 25.431602392074275 ], [ 82.713597322291079, 25.43215194576749 ], [ 82.715138184968126, 25.432119452632232 ], [ 82.71654511616984, 25.432515767202382 ], [ 82.717220747175745, 25.432515313645744 ], [ 82.717648629004216, 25.432515032884979 ], [ 82.719522030230436, 25.431936152214639 ], [ 82.720461155007015, 25.431668758201624 ], [ 82.720394152570165, 25.434670819503197 ], [ 82.720026698950022, 25.43524871234218 ], [ 82.7197247753178, 25.436891865050594 ], [ 82.719491507918704, 25.437320767501458 ], [ 82.718959992413474, 25.437754438113856 ], [ 82.718423421644147, 25.438088781825645 ], [ 82.718342664637319, 25.438641058781155 ], [ 82.718097055163895, 25.440320693081855 ], [ 82.717902740057099, 25.441649528841399 ], [ 82.715975114128469, 25.442157763164133 ], [ 82.715762229428123, 25.442723340758988 ], [ 82.713938807522524, 25.443476203344176 ], [ 82.713202784176076, 25.443020833645274 ], [ 82.711631837152211, 25.442931491033651 ], [ 82.711298600473398, 25.442984398689379 ], [ 82.710091084676549, 25.443176115472124 ], [ 82.709788179843272, 25.443722385178063 ], [ 82.709893422337203, 25.444909373936106 ], [ 82.709759807076054, 25.445703888856219 ], [ 82.709557138025986, 25.445966003990126 ], [ 82.709054552876268, 25.446615994825059 ], [ 82.708449210593159, 25.448072515774729 ], [ 82.708021343037657, 25.447884887220894 ], [ 82.707384257489423, 25.446770398793419 ], [ 82.70699629126517, 25.446396031031224 ], [ 82.705912664968693, 25.446527510398127 ], [ 82.704858968366338, 25.446957905564375 ], [ 82.704584112942456, 25.447104572626984 ], [ 82.703685812533166, 25.447451027793182 ], [ 82.703447773365284, 25.447612119626118 ], [ 82.703309007007462, 25.447938946848019 ], [ 82.70316989793784, 25.448368273407549 ], [ 82.702719574143529, 25.449480322017585 ], [ 82.702867628057831, 25.449927784872763 ], [ 82.703310102446608, 25.449904993518565 ], [ 82.703752406159964, 25.449778451163688 ], [ 82.704110144217353, 25.449502877945676 ], [ 82.704515343786738, 25.449525226320922 ], [ 82.704697135515261, 25.450129948296304 ], [ 82.705050967261798, 25.450379444577091 ], [ 82.706129418917925, 25.450869386521145 ], [ 82.706547413198876, 25.451446901548653 ], [ 82.706687235217217, 25.452453325804623 ], [ 82.706434314600301, 25.453360653065406 ], [ 82.70668845759235, 25.45416846383727 ], [ 82.706629030457478, 25.454570191279192 ], [ 82.706301194200776, 25.454999155646309 ], [ 82.706078028832863, 25.455707870922744 ], [ 82.706273185718473, 25.457671173125341 ], [ 82.706770972511933, 25.458555470830234 ], [ 82.70715878014181, 25.458704264561227 ], [ 82.707515439423432, 25.458691704441545 ], [ 82.707939349170474, 25.458676750302921 ], [ 82.708734963450766, 25.458969655630312 ], [ 82.708904484838556, 25.459624017725233 ], [ 82.709346960497214, 25.459623763496719 ], [ 82.710206983092107, 25.459447195116628 ], [ 82.711121871217756, 25.459649823725936 ], [ 82.711383265261418, 25.459988877474366 ], [ 82.712092240201187, 25.460908479411319 ], [ 82.712594390693255, 25.461133797619009 ], [ 82.713315269472716, 25.460803982636509 ], [ 82.714812910221326, 25.460068439102777 ], [ 82.715670915961169, 25.459647038172374 ], [ 82.717281274561387, 25.459014170936097 ], [ 82.718529044884249, 25.458887005532304 ], [ 82.719250245366425, 25.459215964502206 ], [ 82.721027615177121, 25.462464501045584 ], [ 82.722026498876474, 25.461832019260989 ], [ 82.722646401305113, 25.461801233272386 ], [ 82.723607305016955, 25.461582714406983 ], [ 82.724492066957367, 25.46140158537634 ], [ 82.724904419077177, 25.460972480068438 ], [ 82.725346362216726, 25.460290638377558 ], [ 82.725902914324351, 25.460014930245002 ], [ 82.728119926727416, 25.459584563710447 ], [ 82.72853933758465, 25.45975734232286 ], [ 82.728831417559192, 25.460188880640136 ], [ 82.729408456725693, 25.460603705283173 ], [ 82.729910794383585, 25.460654479501724 ], [ 82.730770686657863, 25.460602765131746 ], [ 82.732592646032018, 25.459762939696155 ], [ 82.733305292426209, 25.459535749852332 ], [ 82.734862570362182, 25.460861497444984 ], [ 82.73523292479679, 25.461446692659937 ], [ 82.738511305225998, 25.466626537370168 ], [ 82.738363608182425, 25.467105515390852 ], [ 82.737677669344507, 25.468582072916842 ], [ 82.737127973276799, 25.469697240131268 ], [ 82.736639353656173, 25.46999417389296 ], [ 82.736049701814935, 25.470352499422322 ], [ 82.734050729253312, 25.470786652907666 ], [ 82.731128295031297, 25.471421365024032 ], [ 82.730100896724906, 25.471943613213288 ], [ 82.729388849064577, 25.472433673584771 ], [ 82.729389276373837, 25.472866939732665 ], [ 82.72908602789316, 25.473007034302707 ], [ 82.728215937550232, 25.473061823629777 ], [ 82.726858656551187, 25.473591611795293 ], [ 82.72528392368973, 25.474242366528408 ], [ 82.724413503089622, 25.474603621991726 ], [ 82.722793420421894, 25.475696968651629 ], [ 82.722145379042885, 25.476286113439755 ], [ 82.72144964860729, 25.477194778230448 ], [ 82.721177600870746, 25.47729815883039 ], [ 82.720597254097797, 25.477621103941971 ], [ 82.719437516100797, 25.4781745264631 ], [ 82.718171366172101, 25.478511843835363 ], [ 82.716341836772727, 25.478892190421689 ], [ 82.713766514643524, 25.479462478640428 ], [ 82.712861854465928, 25.479955013251928 ], [ 82.712537903450567, 25.480162399577132 ], [ 82.711365899535764, 25.480912686435289 ], [ 82.710479259587373, 25.481786604437644 ], [ 82.710429538732868, 25.482068495216787 ], [ 82.709892270733931, 25.4833060427665 ], [ 82.70971710549621, 25.48385646570253 ], [ 82.71025080297251, 25.484851637962098 ], [ 82.711549396690728, 25.487154753648557 ], [ 82.712390706245216, 25.488381960931111 ], [ 82.713378503462209, 25.490987825886076 ], [ 82.713538530123699, 25.491421137825075 ], [ 82.713801085303658, 25.492538014453125 ], [ 82.71434390609798, 25.493657026203596 ], [ 82.714688156405984, 25.495024351876133 ], [ 82.714992189245663, 25.496030726361997 ], [ 82.715216451569617, 25.496653399993818 ], [ 82.715216744632784, 25.497009956542115 ], [ 82.715272979665556, 25.497426965242223 ], [ 82.715444244648964, 25.498696939595767 ], [ 82.715875370063785, 25.499825939458983 ], [ 82.715939573307864, 25.50033504730569 ], [ 82.715952451930946, 25.500760203948673 ], [ 82.716224329702356, 25.500932485607574 ], [ 82.717003652880734, 25.500789830634965 ], [ 82.717328402515122, 25.500958904976734 ], [ 82.717624514511456, 25.501292727999655 ], [ 82.718005140250909, 25.50136920091153 ], [ 82.719501084748785, 25.500827349878872 ], [ 82.720378461444895, 25.500621985890586 ], [ 82.720551392876772, 25.501290806593211 ], [ 82.720606617659698, 25.501931681893513 ], [ 82.720902755472693, 25.502685019403767 ], [ 82.721288835348176, 25.503086674896633 ], [ 82.721711766352286, 25.503266950413913 ], [ 82.722248869236623, 25.503244013668017 ], [ 82.722910358994326, 25.503166871599618 ], [ 82.725456297813508, 25.502754459689161 ], [ 82.725174415822124, 25.504551011655348 ], [ 82.725204828364852, 25.505268627126014 ], [ 82.725429228912489, 25.505936447337326 ], [ 82.725598912883058, 25.506735196525252 ], [ 82.725291232167336, 25.507480105088007 ], [ 82.724755016814171, 25.508586348602339 ], [ 82.724701603983277, 25.510129990398624 ], [ 82.724804376977275, 25.510952532120267 ], [ 82.724986930585501, 25.512413538194824 ], [ 82.725146691049403, 25.514666762422731 ], [ 82.72470662184449, 25.516227619473817 ], [ 82.724623803455756, 25.516680393439906 ], [ 82.724677389178837, 25.51694526615492 ], [ 82.72501596783269, 25.517382875411986 ], [ 82.725638172443027, 25.517919534336311 ], [ 82.725867266266107, 25.518253432509169 ], [ 82.726066824214413, 25.518934750900168 ], [ 82.726067007156217, 25.519219170223135 ], [ 82.725456582156767, 25.520008004234782 ], [ 82.72484948540513, 25.520583041693449 ], [ 82.724088829878013, 25.521070983617779 ], [ 82.723760271988823, 25.521352717614469 ], [ 82.723522646177571, 25.522068847367645 ], [ 82.723523066304679, 25.522578866989299 ], [ 82.723668309264653, 25.523815442370772 ], [ 82.723524769093544, 25.524686691321822 ], [ 82.723146402576901, 25.525245967219565 ], [ 82.721077208311641, 25.526398241178029 ], [ 82.720099228345532, 25.526909553891517 ], [ 82.716141104344473, 25.528861928107155 ], [ 82.715435149894091, 25.529431060774481 ], [ 82.715228775870202, 25.529982157021156 ], [ 82.715216746692079, 25.530764481210536 ], [ 82.715481464535358, 25.531448536577642 ], [ 82.716387416831722, 25.532246805286487 ], [ 82.717541775412371, 25.532861737252222 ], [ 82.717970014920041, 25.533089858718675 ], [ 82.720318455463556, 25.533630008587785 ], [ 82.720940776704282, 25.534193723617772 ], [ 82.721762915075203, 25.53586320619905 ], [ 82.721932599071465, 25.536503996520619 ], [ 82.722332404141213, 25.538764978633647 ], [ 82.722727504753763, 25.540029464247652 ], [ 82.723458341776308, 25.54074553808621 ], [ 82.724279854019713, 25.541512310486702 ], [ 82.724673102568616, 25.541769304605896 ], [ 82.72501167213187, 25.542026334980807 ], [ 82.725295306666183, 25.542080282052162 ], [ 82.726086313311257, 25.542129436674248 ], [ 82.727275704988628, 25.542539314804038 ], [ 82.727982570509667, 25.542976622437404 ], [ 82.728495224913956, 25.543256083040838 ], [ 82.730914193297878, 25.544432323784878 ], [ 82.732188056571431, 25.544688730938255 ], [ 82.733009051521833, 25.544791910476697 ], [ 82.733740659685836, 25.545152446508904 ], [ 82.734875482101472, 25.545715747616072 ], [ 82.73721513001415, 25.54707550914241 ], [ 82.737252764209885, 25.547386180279471 ], [ 82.737648512872042, 25.547616075117173 ], [ 82.738101243027231, 25.547617993473459 ], [ 82.738364846392159, 25.547513937170301 ], [ 82.739683048582734, 25.547201475861058 ], [ 82.741553537464583, 25.54704659336673 ], [ 82.743190081104501, 25.546661563772506 ], [ 82.743477156144195, 25.546544676475534 ], [ 82.744633095300955, 25.5460618713314 ], [ 82.744942390889662, 25.545901866289196 ], [ 82.746611401552116, 25.54503842912554 ], [ 82.747306565358457, 25.544863902571461 ], [ 82.748130511551025, 25.544657031321574 ], [ 82.748800339742914, 25.544028171977708 ], [ 82.750087333742613, 25.54354951509978 ], [ 82.751406445871908, 25.543045066336383 ], [ 82.752959083080782, 25.542640156795446 ], [ 82.753871203704307, 25.542423816781856 ], [ 82.754257790027111, 25.542415542963219 ], [ 82.754859764229792, 25.542406981697066 ], [ 82.755232941766522, 25.542402753043664 ], [ 82.75614336205561, 25.54238999955593 ], [ 82.75830741233608, 25.542513567293316 ], [ 82.759451717992675, 25.542478322932954 ], [ 82.760138547464749, 25.542203599263615 ], [ 82.760321313646742, 25.541964118606959 ], [ 82.760796055774918, 25.541342053711578 ], [ 82.761746383747351, 25.539106025130621 ], [ 82.761868032617826, 25.538819810061231 ], [ 82.762361640996033, 25.537624098585319 ], [ 82.762600782108677, 25.537263259373479 ], [ 82.763267956542435, 25.536677019788524 ], [ 82.763890510849706, 25.536276420156671 ], [ 82.764540406094184, 25.535900173053722 ], [ 82.76514124798291, 25.535543935504659 ], [ 82.76549787148582, 25.535275000705688 ], [ 82.766203348609238, 25.534863917841786 ], [ 82.766881492082305, 25.534567367809906 ], [ 82.7678172283305, 25.534049035853805 ], [ 82.768603702020499, 25.533422170980259 ], [ 82.76925108675502, 25.532659896231394 ], [ 82.770481353182717, 25.530950189677164 ], [ 82.770971236411029, 25.530371514355473 ], [ 82.771312780864207, 25.530142830389931 ], [ 82.771880206583504, 25.529746105282396 ], [ 82.772255791640958, 25.529759897339723 ], [ 82.772656045843817, 25.530154372265333 ], [ 82.773228144474814, 25.529927572714694 ], [ 82.773692379241382, 25.529661398114971 ], [ 82.77294964899626, 25.52825619782443 ], [ 82.772406921321831, 25.526390760750576 ], [ 82.7720619794203, 25.525413715141731 ], [ 82.771961722708994, 25.524258547470083 ], [ 82.772155018836969, 25.522836280061526 ], [ 82.772252018136541, 25.522302904511054 ], [ 82.772054866492326, 25.521725536499932 ], [ 82.771808889290966, 25.521237119215343 ], [ 82.770974140508656, 25.520394170354692 ], [ 82.769770276242028, 25.518729698572795 ], [ 82.769524143241142, 25.518152416935511 ], [ 82.76922918674272, 25.51766408614915 ], [ 82.769209950336247, 25.517198653208315 ], [ 82.769177784566409, 25.516419938664988 ], [ 82.769125143859839, 25.514509248226126 ], [ 82.769071046764694, 25.511843148618546 ], [ 82.769217059143713, 25.511309676905004 ], [ 82.769412624866277, 25.511087177207866 ], [ 82.770294105609906, 25.510774751630748 ], [ 82.771763544747444, 25.510416915823271 ], [ 82.772204409065537, 25.510327341684409 ], [ 82.772547341541738, 25.51028238221004 ], [ 82.773722385499866, 25.509747246986585 ], [ 82.774408606202485, 25.509835024342109 ], [ 82.774751967570509, 25.510012222744887 ], [ 82.77524228856042, 25.510144753868971 ], [ 82.775683236763314, 25.510099599057515 ], [ 82.77666259551367, 25.509742524353982 ], [ 82.777984034099717, 25.508896101451658 ], [ 82.780383322799182, 25.507959003834824 ], [ 82.781755135347552, 25.507823433818551 ], [ 82.783029031179808, 25.507732457490619 ], [ 82.784204568268578, 25.507463904033639 ], [ 82.786261865725336, 25.507060535658532 ], [ 82.786653666243396, 25.506948791620466 ], [ 82.786653070709249, 25.506659953368448 ], [ 82.786407521518157, 25.506393741875318 ], [ 82.785622753955678, 25.506039567363377 ], [ 82.78515701141103, 25.505929238171312 ], [ 82.78491153961366, 25.505707484217954 ], [ 82.78491091106622, 25.505396415279542 ], [ 82.784959021373126, 25.504951962306649 ], [ 82.784759868729694, 25.503396990234862 ], [ 82.784709703903374, 25.502819394017052 ], [ 82.785150364744311, 25.502640909852925 ], [ 82.785542639426126, 25.502773560676985 ], [ 82.786007606751042, 25.502506168837087 ], [ 82.786031291295785, 25.502106190151775 ], [ 82.785736041016193, 25.501484570944424 ], [ 82.78563613915675, 25.500551541863782 ], [ 82.785242057174642, 25.49953013950201 ], [ 82.785288832440884, 25.498419139498434 ], [ 82.785532207934295, 25.497618852565164 ], [ 82.785580296553334, 25.497174380150138 ], [ 82.785481060774657, 25.496552430606666 ], [ 82.784792296869966, 25.495176009253488 ], [ 82.784642684294326, 25.493887561051885 ], [ 82.784833838312124, 25.49148760211548 ], [ 82.785122263683448, 25.489592960438912 ], [ 82.785361832442476, 25.488719435456233 ], [ 82.785556655586717, 25.488141419917199 ], [ 82.785751802122036, 25.487741156057645 ], [ 82.786241425571916, 25.487562583664879 ], [ 82.786535025327467, 25.487384340500611 ], [ 82.786681125619936, 25.486939726230336 ], [ 82.787068821290703, 25.4848504727285 ], [ 82.78770213971903, 25.483071881504557 ], [ 82.788044018374023, 25.48253802653333 ], [ 82.78823942309343, 25.482271081208868 ], [ 82.788619373658136, 25.482188787561341 ], [ 82.78926837705842, 25.482313792812885 ], [ 82.78951383088814, 25.482535548130063 ], [ 82.790005498918063, 25.483379059730844 ], [ 82.790348923936548, 25.483600677133545 ], [ 82.790692242201288, 25.483777851234638 ], [ 82.791770467820811, 25.483953756048265 ], [ 82.792603298331215, 25.483907889469943 ], [ 82.79304397392599, 25.483773843062774 ], [ 82.793924382658233, 25.483061315741978 ], [ 82.794168979527257, 25.482883140420711 ], [ 82.794560852455547, 25.482838020409829 ], [ 82.795002452918297, 25.483148323000567 ], [ 82.795247977596119, 25.483414533737278 ], [ 82.795787379814442, 25.483635803705511 ], [ 82.796522562868091, 25.483767855886509 ], [ 82.797307234282144, 25.484121989003164 ], [ 82.797797359998668, 25.484210015962443 ], [ 82.798336204258902, 25.484164646009493 ], [ 82.798717678631476, 25.483894466917089 ], [ 82.799070014264686, 25.483630102323183 ], [ 82.799682095707084, 25.483473493075792 ], [ 82.800220952475229, 25.483428119028339 ], [ 82.800808492746071, 25.483249318006113 ], [ 82.802276235725799, 25.482269098490889 ], [ 82.802667500111937, 25.481957342879987 ], [ 82.803009875974141, 25.481690103693069 ], [ 82.803842227286438, 25.48142199706988 ], [ 82.804582975693592, 25.481224590323421 ], [ 82.805017376797892, 25.48110882801954 ], [ 82.806487287434408, 25.481150651691976 ], [ 82.806879022560295, 25.481061086763347 ], [ 82.807465512760615, 25.480393461499094 ], [ 82.809275130214942, 25.478968157005323 ], [ 82.809714799835348, 25.478389664673319 ], [ 82.810008269620567, 25.478166930046733 ], [ 82.810571048236994, 25.477877054533366 ], [ 82.811085219046646, 25.477765018890398 ], [ 82.811820402530842, 25.477897005184484 ], [ 82.812360022858755, 25.478207104823099 ], [ 82.812752435088768, 25.478428561133757 ], [ 82.815154068385809, 25.478868561872424 ], [ 82.816329901266911, 25.478866393734648 ], [ 82.81685981144841, 25.478865414719184 ], [ 82.817309740027966, 25.478864581467892 ], [ 82.818190812451007, 25.478507419765268 ], [ 82.819277772019319, 25.47810304668862 ], [ 82.819610075504329, 25.477838200263193 ], [ 82.819903024531911, 25.477393277995681 ], [ 82.819778993164903, 25.476704700239779 ], [ 82.819532427273231, 25.47599415145309 ], [ 82.819335146207294, 25.475416802521199 ], [ 82.819137497713029, 25.474661712589622 ], [ 82.819380925035446, 25.47399467848162 ], [ 82.819722964034497, 25.473594092746069 ], [ 82.819869014190161, 25.473193860390168 ], [ 82.819868107569448, 25.472793915849291 ], [ 82.819866798950827, 25.472216214416765 ], [ 82.82020782299945, 25.471371237361272 ], [ 82.820207015680978, 25.471015707930498 ], [ 82.820108419939984, 25.470749270468168 ], [ 82.819667205616824, 25.470616770049222 ], [ 82.818883708852695, 25.470751555604682 ], [ 82.81854105516031, 25.470885520296822 ], [ 82.818295090590937, 25.470441567492479 ], [ 82.818096553794689, 25.46928652591739 ], [ 82.818252403243619, 25.46887740367362 ], [ 82.818634013568655, 25.468663371617083 ], [ 82.819025790041024, 25.46859598800722 ], [ 82.81951592529046, 25.468706177009416 ], [ 82.820079402428149, 25.468749557125971 ], [ 82.821131955210944, 25.468436500442518 ], [ 82.822943434640877, 25.467944281177743 ], [ 82.823114195607559, 25.467632882447674 ], [ 82.823088383282013, 25.467055216098483 ], [ 82.822664910976442, 25.463967478335682 ], [ 82.822702280400733, 25.463514356000779 ], [ 82.824173349853325, 25.463728546761871 ], [ 82.825888926422252, 25.464169703118152 ], [ 82.826526186560457, 25.464346249127029 ], [ 82.826942950778928, 25.464500983127969 ], [ 82.827335974852105, 25.46498906212712 ], [ 82.827631957693256, 25.465670975015303 ], [ 82.827782051306556, 25.467003879008665 ], [ 82.828078121791961, 25.467936535796941 ], [ 82.828422706946256, 25.468646891989817 ], [ 82.828790577582524, 25.468846162756595 ], [ 82.829134027647953, 25.469067692610018 ], [ 82.829672908283811, 25.469066654688632 ], [ 82.830064508136019, 25.468932589780081 ], [ 82.830848017896258, 25.468797767236705 ], [ 82.832170002749464, 25.468484122864318 ], [ 82.833051812382891, 25.468482409992372 ], [ 82.833737973878414, 25.468614400534484 ], [ 82.83406584106767, 25.468783507769849 ], [ 82.834424663693241, 25.468968579153984 ], [ 82.834817630011671, 25.469412190969233 ], [ 82.834867679475011, 25.469856487137445 ], [ 82.834721957782961, 25.470390030506255 ], [ 82.834380090717602, 25.470835109556624 ], [ 82.83374406912084, 25.471191849364992 ], [ 82.833107714257665, 25.47141529328221 ], [ 82.832863396560398, 25.471682388990043 ], [ 82.832766048908539, 25.471949228960526 ], [ 82.832864759115594, 25.472260104385651 ], [ 82.83306125140119, 25.47248191276951 ], [ 82.833503114031785, 25.472881015166617 ], [ 82.83468014539821, 25.473411990256384 ], [ 82.834974107781434, 25.473411414531501 ], [ 82.835365698855369, 25.473277323083796 ], [ 82.83575698770025, 25.473009921341411 ], [ 82.836246479476102, 25.472831219241709 ], [ 82.83698111564685, 25.472740879828809 ], [ 82.837716313466075, 25.472872756441724 ], [ 82.838305466964997, 25.47340486570484 ], [ 82.838355192858657, 25.473715819781493 ], [ 82.838161598560717, 25.474693866104406 ], [ 82.838309942026555, 25.475271288903393 ], [ 82.838705161178638, 25.476648114466457 ], [ 82.83914811987745, 25.477491573506256 ], [ 82.839442947699354, 25.47784648608669 ], [ 82.839981769916548, 25.477800984849981 ], [ 82.840422457104182, 25.477711232158157 ], [ 82.84061768268667, 25.477399777284486 ], [ 82.840959437099727, 25.47691027454303 ], [ 82.841350957044867, 25.476731738503705 ], [ 82.841742890072908, 25.476730958078495 ], [ 82.842331535815944, 25.477040834174378 ], [ 82.842773762300936, 25.477573231662745 ], [ 82.842823532450836, 25.477884198612497 ], [ 82.842874025366243, 25.478506228994043 ], [ 82.843218154309483, 25.478994389921265 ], [ 82.843512885759097, 25.479304849747866 ], [ 82.844760475947993, 25.479997787990374 ], [ 82.84562326542121, 25.480811525931333 ], [ 82.846114063778671, 25.481166030185111 ], [ 82.84648177427367, 25.481276395847537 ], [ 82.847461553377869, 25.481229964522988 ], [ 82.84824467551384, 25.480917294776489 ], [ 82.84966359958571, 25.480158951326583 ], [ 82.850397744672534, 25.479846385306757 ], [ 82.850985649343784, 25.479845181122464 ], [ 82.851426588773009, 25.479844277932941 ], [ 82.851817960644794, 25.479621269786822 ], [ 82.852013052783903, 25.479265374536919 ], [ 82.852232919087555, 25.479020504274843 ], [ 82.852649413855772, 25.479041862423067 ], [ 82.853535277513046, 25.478913118214489 ], [ 82.853971428932127, 25.478728085282711 ], [ 82.854264048674054, 25.478194195734165 ], [ 82.85440901825757, 25.477394008295445 ], [ 82.854435767371569, 25.476991041375708 ], [ 82.854456230116227, 25.47668288560768 ], [ 82.854454778460891, 25.476105188321423 ], [ 82.854355461098706, 25.47557212410258 ], [ 82.853518468960189, 25.473929612022911 ], [ 82.853466595109609, 25.472774310506079 ], [ 82.853365708903837, 25.471619095647199 ], [ 82.853462253212783, 25.471041191051857 ], [ 82.853594582660151, 25.470678327850408 ], [ 82.853852259105096, 25.470284907574467 ], [ 82.855513448598813, 25.468503917033708 ], [ 82.855683969989769, 25.468125830520258 ], [ 82.855877659010645, 25.467236635587017 ], [ 82.85587608949514, 25.466614481727753 ], [ 82.856021951026094, 25.466169781612646 ], [ 82.856216772622034, 25.465724980933679 ], [ 82.85655946554219, 25.465635386433377 ], [ 82.856902718229421, 25.465768000223875 ], [ 82.857001476659562, 25.466078879933612 ], [ 82.857101039333628, 25.466700827937029 ], [ 82.857505614816745, 25.466866618302905 ], [ 82.857688662533135, 25.466610706250776 ], [ 82.857979680252654, 25.465454681630952 ], [ 82.858417189516899, 25.464120585592791 ], [ 82.858854577240038, 25.462742041157988 ], [ 82.859390700839583, 25.461674358928562 ], [ 82.861197182382782, 25.459315255079055 ], [ 82.861880477668649, 25.458336131285058 ], [ 82.862303529138316, 25.45746461729561 ], [ 82.862562620791408, 25.456912602092913 ], [ 82.862512505720531, 25.456468319321054 ], [ 82.862439453561791, 25.456205846758596 ], [ 82.862364180122583, 25.455935350563571 ], [ 82.862240530697349, 25.455469006282609 ], [ 82.862043787768727, 25.455158332625384 ], [ 82.861553495899102, 25.454981590580029 ], [ 82.859837903168966, 25.454540816286809 ], [ 82.858319150481918, 25.454455122591501 ], [ 82.85787821077389, 25.454411593985476 ], [ 82.857583948629255, 25.454278895379243 ], [ 82.857533897950503, 25.453856821253225 ], [ 82.857827175784237, 25.453611773928728 ], [ 82.857973283296829, 25.453278185233255 ], [ 82.857776504971767, 25.452945295802113 ], [ 82.857433072735262, 25.452723818523673 ], [ 82.856060524324732, 25.452326705303488 ], [ 82.855471471570866, 25.451839091958096 ], [ 82.854931108802845, 25.451218045106305 ], [ 82.854734164720639, 25.450818493464663 ], [ 82.854780901982537, 25.449929584293439 ], [ 82.854729634578476, 25.449016374987423 ], [ 82.854727864078512, 25.448311814500645 ], [ 82.854873739938483, 25.447885133695024 ], [ 82.855167074395567, 25.447662315011023 ], [ 82.855509713911076, 25.447572736721202 ], [ 82.856391729655329, 25.447704218512897 ], [ 82.856946632494044, 25.447614186678827 ], [ 82.856975695060029, 25.446192029303695 ], [ 82.857218797331484, 25.445480466488608 ], [ 82.857413603340817, 25.44503565030309 ], [ 82.857608825250168, 25.444768611484445 ], [ 82.85800012263185, 25.444545583304844 ], [ 82.858391966107121, 25.444544762496704 ], [ 82.858979609261937, 25.444499083931909 ], [ 82.85951773268738, 25.44423130839446 ], [ 82.859957541686654, 25.443830421184202 ], [ 82.860201753321576, 25.44356326278573 ], [ 82.86081397380255, 25.443539771404829 ], [ 82.861549466248647, 25.443849313056191 ], [ 82.861990293774085, 25.44384838329492 ], [ 82.862332806387442, 25.443714328369861 ], [ 82.862576905188817, 25.443402717642559 ], [ 82.862967733223272, 25.443001927087227 ], [ 82.86350638319874, 25.442956349101841 ], [ 82.863898697148855, 25.443133279387258 ], [ 82.864242255264159, 25.443399181439641 ], [ 82.864536220515589, 25.443443004481587 ], [ 82.864878976350141, 25.443397825768443 ], [ 82.865221370409373, 25.443219330691139 ], [ 82.865443904743657, 25.442938808832086 ], [ 82.865562858944458, 25.442685310321146 ], [ 82.865537626739453, 25.442396514670673 ], [ 82.865169658089783, 25.442152871210535 ], [ 82.864532433175896, 25.441976448873849 ], [ 82.86399311614413, 25.441755411918312 ], [ 82.863208057251413, 25.441223770917453 ], [ 82.861441705869495, 25.440027605296898 ], [ 82.860852264594271, 25.439362237152896 ], [ 82.85873948535847, 25.436744658721747 ], [ 82.857677627875276, 25.435785581951041 ], [ 82.855740160069274, 25.434035603154079 ], [ 82.853734367632725, 25.433022014946022 ], [ 82.853318016309785, 25.432954206363387 ], [ 82.852705753617727, 25.432979702493348 ], [ 82.852069743455601, 25.433247645407789 ], [ 82.8512386526006, 25.433871521036291 ], [ 82.851019474432093, 25.434098573110365 ], [ 82.850163933321369, 25.434984768816065 ], [ 82.849772870513121, 25.435296650040527 ], [ 82.84943025621547, 25.435386234774789 ], [ 82.849087405388133, 25.435386933694449 ], [ 82.848450281453864, 25.435210466813576 ], [ 82.847616787692516, 25.43485662880931 ], [ 82.84707792792689, 25.434813288001795 ], [ 82.846833590672119, 25.435035997858964 ], [ 82.845464833370983, 25.436105346335594 ], [ 82.845073323753539, 25.436239451297315 ], [ 82.844632519470608, 25.436240341341218 ], [ 82.84399548848765, 25.436108305213889 ], [ 82.842916667266607, 25.435577170228079 ], [ 82.842182121764296, 25.435623090462464 ], [ 82.8415943696006, 25.435624264102309 ], [ 82.84115349250385, 25.435580693171502 ], [ 82.840761550352042, 25.43553703963013 ], [ 82.840526072533066, 25.435377512852632 ], [ 82.839803553142417, 25.434316782331397 ], [ 82.83926414892511, 25.434051218139729 ], [ 82.83848034013667, 25.433963887295796 ], [ 82.837843734629018, 25.434009595082532 ], [ 82.837207021648794, 25.434010847893695 ], [ 82.836716834504529, 25.433834048430999 ], [ 82.836177542628349, 25.433612892721726 ], [ 82.835344422035121, 25.433392326106159 ], [ 82.834463148543108, 25.433527381077976 ], [ 82.833924806341912, 25.433706184116108 ], [ 82.833295684380374, 25.433707410192241 ], [ 82.832504381116493, 25.433664499586577 ], [ 82.831867252585724, 25.433487984429178 ], [ 82.830887416377848, 25.433356563352625 ], [ 82.830153173955011, 25.433535747371664 ], [ 82.828978355534957, 25.433804643917188 ], [ 82.828366291410561, 25.433872484999625 ], [ 82.827988904594662, 25.434011245386579 ], [ 82.827363457944855, 25.43438547282771 ], [ 82.826435328950211, 25.435453840781413 ], [ 82.826290465861419, 25.436342931246333 ], [ 82.826081352967492, 25.437550008709398 ], [ 82.825435781527275, 25.437388934732887 ], [ 82.824896698255372, 25.437256627382446 ], [ 82.823966116183428, 25.437258391229744 ], [ 82.822448180299915, 25.437439037694897 ], [ 82.821322384285452, 25.437752249828122 ], [ 82.820636889223891, 25.437842418654451 ], [ 82.820000091713851, 25.437799160814535 ], [ 82.819166637842187, 25.437445186566801 ], [ 82.818627894412103, 25.437446189795885 ], [ 82.81808941771412, 25.437580505374267 ], [ 82.817802777102585, 25.437778122726137 ], [ 82.817442887123491, 25.437679959163287 ], [ 82.817100146657125, 25.437725012688233 ], [ 82.816268309923544, 25.438082099883246 ], [ 82.814751345995248, 25.438707073920678 ], [ 82.812891738658578, 25.43942152714105 ], [ 82.811227332913035, 25.439824524175883 ], [ 82.810909315443809, 25.439980649904186 ], [ 82.810591784008082, 25.440358988243229 ], [ 82.81010093288522, 25.439871017878357 ], [ 82.809684251747342, 25.439716222950754 ], [ 82.809341406541904, 25.439716842935788 ], [ 82.808998836886573, 25.43985077773414 ], [ 82.808558507416095, 25.440073785900971 ], [ 82.808314100282089, 25.440296439811192 ], [ 82.807922769796463, 25.440519340660344 ], [ 82.807482145657019, 25.4406090166739 ], [ 82.807139298048355, 25.44060963179313 ], [ 82.806796434202198, 25.440610245528028 ], [ 82.806061255907352, 25.440389347859949 ], [ 82.805325904288836, 25.440079579676404 ], [ 82.805031434752763, 25.439813457820801 ], [ 82.804834934708097, 25.439547175184927 ], [ 82.80449161072093, 25.439325572951489 ], [ 82.804099447105472, 25.439170722210772 ], [ 82.804049855654384, 25.438881960203226 ], [ 82.804097866574182, 25.438437448210347 ], [ 82.804023593276142, 25.438059839385165 ], [ 82.803459605646239, 25.437727517527303 ], [ 82.803116764767452, 25.437728125618452 ], [ 82.802773717351599, 25.437639865485796 ], [ 82.802315006433076, 25.437115290660163 ], [ 82.802941846600945, 25.436106328278679 ], [ 82.803430550863155, 25.435616614226365 ], [ 82.803576657313002, 25.435216389334684 ], [ 82.803673842718283, 25.434860685877748 ], [ 82.803574842657753, 25.434372012619754 ], [ 82.803461775607914, 25.433782441464626 ], [ 82.803376920028896, 25.433439082365179 ], [ 82.803278287250734, 25.433128188068565 ], [ 82.802983200233754, 25.432550975748725 ], [ 82.802639419180323, 25.432107154308536 ], [ 82.802589181587251, 25.431529506085603 ], [ 82.802441221210216, 25.431040917672959 ], [ 82.80229305543233, 25.430463445506387 ], [ 82.801948806099944, 25.429797432316725 ], [ 82.80185027224752, 25.429530940214118 ], [ 82.801849227960304, 25.429042090633203 ], [ 82.801848372291232, 25.428642107317479 ], [ 82.801687276277519, 25.427770713423428 ], [ 82.80196881099387, 25.427665619755818 ], [ 82.802457330743792, 25.427087020913021 ], [ 82.80455997241036, 25.425572264845439 ], [ 82.805489548754238, 25.42512620200382 ], [ 82.805978415413293, 25.42472535775919 ], [ 82.80641783297807, 25.42410238247146 ], [ 82.807786090935096, 25.422722227674416 ], [ 82.808224719167555, 25.421743709688197 ], [ 82.80827119688476, 25.421064706075303 ], [ 82.809666541977066, 25.420430070778206 ], [ 82.811182907259337, 25.419627387193025 ], [ 82.812504376903874, 25.419269423950166 ], [ 82.813924455028669, 25.419222378732748 ], [ 82.815050911949257, 25.419264756878537 ], [ 82.815785314414228, 25.419174519445974 ], [ 82.816960035083298, 25.418905708415661 ], [ 82.818705157426976, 25.417911617768848 ], [ 82.818110507415099, 25.416670660678939 ], [ 82.817518068083103, 25.414538529795824 ], [ 82.817517168820885, 25.414138553287444 ], [ 82.817565245207646, 25.413738487021607 ], [ 82.818396032556933, 25.412981424679742 ], [ 82.81868985514987, 25.412980878874951 ], [ 82.819155257882073, 25.413155834927061 ], [ 82.820505573691889, 25.414666282284703 ], [ 82.82082058543665, 25.41497648321133 ], [ 82.821241432743051, 25.415242649388343 ], [ 82.822221472065337, 25.415507478465699 ], [ 82.82285817026991, 25.41555071557654 ], [ 82.823201159570942, 25.415638951983485 ], [ 82.82359375425456, 25.415993752035163 ], [ 82.82452654606935, 25.41701415656075 ], [ 82.824820800650272, 25.417191354902965 ], [ 82.825163693350049, 25.417235155254652 ], [ 82.825457507444057, 25.417234596965649 ], [ 82.826044447914384, 25.416922387651805 ], [ 82.826464177020711, 25.416131033040958 ], [ 82.826702744306616, 25.415698973202648 ], [ 82.827926073723916, 25.415296657910663 ], [ 82.828366087903916, 25.414984705958734 ], [ 82.828561253249276, 25.414673256679688 ], [ 82.828609489371786, 25.414362057207132 ], [ 82.828559701933756, 25.414006625502065 ], [ 82.828313098103436, 25.413251566102172 ], [ 82.82778005666907, 25.412449155258088 ], [ 82.826986268989714, 25.41125420060515 ], [ 82.826740603697957, 25.410899112118138 ], [ 82.826739780961447, 25.410543585006423 ], [ 82.827129985646025, 25.409876202837996 ], [ 82.827609994271995, 25.409059210730341 ], [ 82.828252859644692, 25.408407440007583 ], [ 82.8284968698852, 25.408051413456825 ], [ 82.828985938543767, 25.407783830271921 ], [ 82.830503835266384, 25.407736463789508 ], [ 82.830894942449518, 25.407469040108555 ], [ 82.831089779054352, 25.407024247358009 ], [ 82.83123159369562, 25.406473341843014 ], [ 82.831112241336427, 25.40615755307174 ], [ 82.830499474183895, 25.405869866462265 ], [ 82.829526546614545, 25.405783465277882 ], [ 82.826924550628689, 25.405743410044149 ], [ 82.826189829330403, 25.405655924285188 ], [ 82.8251606910774, 25.405302338524653 ], [ 82.822867218570892, 25.404266962671109 ], [ 82.821288155292009, 25.403487485038362 ], [ 82.820161116344252, 25.403134062785199 ], [ 82.818347753643977, 25.402426352515754 ], [ 82.816679298805695, 25.400829484197622 ], [ 82.81533132756455, 25.398726762111462 ], [ 82.81393518434453, 25.39959829870762 ], [ 82.812051503965023, 25.400079155218126 ], [ 82.811732938265578, 25.400135646260772 ], [ 82.81139008185832, 25.400091818817526 ], [ 82.810997758330473, 25.39982588486891 ], [ 82.810752054834509, 25.399426333125614 ], [ 82.810505963170101, 25.398849020279815 ], [ 82.810063812411457, 25.398183175178826 ], [ 82.809573506682014, 25.397872966085608 ], [ 82.809083348292191, 25.397651624226963 ], [ 82.80854446591043, 25.397519274260056 ], [ 82.807262871081193, 25.397096302398293 ], [ 82.80653546659417, 25.396856221413103 ], [ 82.805652660718351, 25.396191150306787 ], [ 82.805014614947098, 25.395481205025312 ], [ 82.804325675455331, 25.39388246644382 ], [ 82.803981969023098, 25.393438625785581 ], [ 82.803638662175459, 25.39317258383516 ], [ 82.803246944566439, 25.393173280773393 ], [ 82.802807036641113, 25.393529594842882 ], [ 82.802663671170933, 25.395174278620335 ], [ 82.802420284228489, 25.395841357639991 ], [ 82.80207768080281, 25.395908634114644 ], [ 82.801758934475231, 25.395686969703036 ], [ 82.800784949448385, 25.393438246151195 ], [ 82.799852231291041, 25.39128474005074 ], [ 82.79964311253444, 25.390801886105876 ], [ 82.799544360102516, 25.390402068938521 ], [ 82.799543322292394, 25.389913180006094 ], [ 82.799885009461917, 25.389423704294636 ], [ 82.800324422099891, 25.388845166305732 ], [ 82.800519139872563, 25.388311493922149 ], [ 82.800416873869636, 25.387819040772268 ], [ 82.799880290701182, 25.387201502603784 ], [ 82.799047184718574, 25.386847420914744 ], [ 82.797036826811635, 25.385428717495607 ], [ 82.795762349506361, 25.384719816428593 ], [ 82.794538088304222, 25.384588587221444 ], [ 82.793558425562296, 25.384368071119749 ], [ 82.793191970112773, 25.384174641093988 ], [ 82.790495082397712, 25.382751077372337 ], [ 82.789514892094545, 25.382263857641973 ], [ 82.788828191132524, 25.381642794979115 ], [ 82.786960430107285, 25.37967204761112 ], [ 82.785589988030921, 25.378226012128529 ], [ 82.784278085011834, 25.37654958901209 ], [ 82.782743931159814, 25.374986286741123 ], [ 82.78004506568216, 25.371835148432304 ], [ 82.778721062107124, 25.370726175246674 ], [ 82.77695754609978, 25.370151257631321 ], [ 82.776505820007259, 25.37009732842515 ], [ 82.775488555055517, 25.369975848645435 ], [ 82.774362676222111, 25.370022110117763 ], [ 82.773457394962392, 25.370223557646064 ], [ 82.770768480321777, 25.371358650761223 ], [ 82.765777499297059, 25.37343568013528 ], [ 82.761179544129959, 25.375576117498674 ], [ 82.758728455687304, 25.376576923082538 ], [ 82.757901872073006, 25.376914420886393 ], [ 82.757417089952227, 25.377079663150752 ], [ 82.75542850770492, 25.377757485980048 ], [ 82.751418946909112, 25.379124072397303 ], [ 82.747044605759442, 25.380956306316929 ], [ 82.7458909696945, 25.381456144572162 ], [ 82.744325608205983, 25.382378796094699 ], [ 82.738603407223621, 25.38594239284501 ], [ 82.737320735732354, 25.386714059303795 ], [ 82.733271988580327, 25.389149710016735 ], [ 82.731363653452917, 25.38986339211279 ], [ 82.729699077967666, 25.389954522725876 ], [ 82.728861638030693, 25.389928829236347 ], [ 82.727630877420722, 25.389891048906318 ], [ 82.724468970341007, 25.389429924441913 ], [ 82.724006849987717, 25.389362516962176 ] ] ] } },
{ "type": "Feature", "properties": { "block_name": "Chiraigaon" }, "geometry": { "type": "Polygon", "coordinates": [ [ [ 83.048229585296653, 25.340866534669644 ], [ 83.048058302077152, 25.340609385000505 ], [ 83.047885934916025, 25.34004308370271 ], [ 83.047826386182123, 25.33932179383757 ], [ 83.047654204748937, 25.338807049640778 ], [ 83.047368127742544, 25.338189540706683 ], [ 83.047194968394635, 25.337417112996672 ], [ 83.047188381102231, 25.335716494706428 ], [ 83.04752472852573, 25.334684719181784 ], [ 83.047015095634364, 25.334185407098214 ], [ 83.046801805119841, 25.333928865644129 ], [ 83.04630552052221, 25.333737543781638 ], [ 83.045739211804232, 25.333739352971772 ], [ 83.04538579162093, 25.33386912878861 ], [ 83.044819730085692, 25.333935189873699 ], [ 83.04389777100458, 25.333488069197458 ], [ 83.043541134320662, 25.332781860321681 ], [ 83.043184022441835, 25.331947079579205 ], [ 83.042544975719736, 25.331434674510028 ], [ 83.041977689995633, 25.331179246990953 ], [ 83.041268883737203, 25.3309242816375 ], [ 83.040257191927708, 25.330091742299064 ], [ 83.039551341709952, 25.330608346297797 ], [ 83.038703965775397, 25.331125450240862 ], [ 83.037926012781824, 25.331320805822838 ], [ 83.036934317871641, 25.331131014665509 ], [ 83.035869417309968, 25.330298436636738 ], [ 83.035228229503645, 25.329207314419257 ], [ 83.034728065877744, 25.327987100512445 ], [ 83.034088841119583, 25.327410387209824 ], [ 83.033521343564118, 25.327090613851002 ], [ 83.032530411008167, 25.327093701511863 ], [ 83.031893845219628, 25.32722433200561 ], [ 83.031399296806896, 25.327483079836682 ], [ 83.031118678963551, 25.328126980093135 ], [ 83.031051197421775, 25.329027426584929 ], [ 83.031339186687049, 25.330312569821224 ], [ 83.032851375271562, 25.337123888819853 ], [ 83.032925068642953, 25.338999920616548 ], [ 83.034406975347665, 25.339979236250379 ], [ 83.035424719623592, 25.34037166896686 ], [ 83.036151632684081, 25.340633148619705 ], [ 83.037255847642797, 25.340840706375523 ], [ 83.038186140176535, 25.341127876900767 ], [ 83.038971377755715, 25.341441945160486 ], [ 83.0395535455947, 25.341809368883148 ], [ 83.040107172384594, 25.342308812821944 ], [ 83.040660903291666, 25.342834549271728 ], [ 83.041214940684355, 25.343439430683976 ], [ 83.041893677329142, 25.344092049900308 ], [ 83.041852171561345, 25.344523030662298 ], [ 83.042043821290136, 25.344953745498405 ], [ 83.042472626945511, 25.345340610923838 ], [ 83.042806568396529, 25.345727793328972 ], [ 83.042950863726659, 25.346201782359067 ], [ 83.042999713722637, 25.34654672632016 ], [ 83.042957951526773, 25.34697263485991 ], [ 83.042524307407746, 25.347261017044211 ], [ 83.042146065223562, 25.347693558871992 ], [ 83.041909303957212, 25.347866828331387 ], [ 83.041576832141729, 25.347867880639697 ], [ 83.041054806374149, 25.347955814505042 ], [ 83.040770023054932, 25.347999855308668 ], [ 83.040486065332914, 25.348259553994357 ], [ 83.040344910679551, 25.348605022847885 ], [ 83.040060785701471, 25.348821638715787 ], [ 83.039514738889181, 25.348844933656938 ], [ 83.039157209257041, 25.348479407421319 ], [ 83.038585994638396, 25.348136123276561 ], [ 83.038158078785671, 25.348008091324708 ], [ 83.03754060844004, 25.347966892869188 ], [ 83.037112939792777, 25.347903524266254 ], [ 83.036828728986777, 25.348098489280748 ], [ 83.036687238560702, 25.34835773655216 ], [ 83.036498992849886, 25.34878970525796 ], [ 83.036453597049899, 25.349350591025019 ], [ 83.036649005227517, 25.350773416321726 ], [ 83.036794809027768, 25.351678719779496 ], [ 83.036796809146509, 25.352204978448224 ], [ 83.03741733264421, 25.353013965897631 ], [ 83.037894498764729, 25.353616345900665 ], [ 83.038275989918475, 25.354003320010193 ], [ 83.038798861249447, 25.354131098699227 ], [ 83.03965412260375, 25.354257778544351 ], [ 83.045519069728115, 25.354961275460688 ], [ 83.045784703681491, 25.355316665672245 ], [ 83.046212966806948, 25.355531018607454 ], [ 83.047495522289509, 25.355613141120418 ], [ 83.048398442755371, 25.355739670219883 ], [ 83.049159454897577, 25.356039168506992 ], [ 83.049920620045796, 25.356381758034999 ], [ 83.050728814045883, 25.356594875754528 ], [ 83.051347451074065, 25.356894821052769 ], [ 83.052013688330803, 25.357237693508662 ], [ 83.05220538484997, 25.357668420521403 ], [ 83.05196936283707, 25.358057370008936 ], [ 83.051542246836675, 25.358145028225852 ], [ 83.051209680492647, 25.358102959480078 ], [ 83.050782059736619, 25.358061196409174 ], [ 83.04995051419661, 25.357956080623985 ], [ 83.049547581190481, 25.358151446124136 ], [ 83.049076067306473, 25.359015650227992 ], [ 83.048715917999743, 25.359707176652602 ], [ 83.048371714739844, 25.359333335356933 ], [ 83.047719892021917, 25.359281597884447 ], [ 83.046713800684088, 25.359499981398596 ], [ 83.045470563559832, 25.359665349742603 ], [ 83.045057210359957, 25.359989421646009 ], [ 83.044643979918547, 25.360367298712582 ], [ 83.044350278238468, 25.361013801830445 ], [ 83.044234976578608, 25.361821060208314 ], [ 83.044238255220478, 25.362991833076091 ], [ 83.044348407416379, 25.364189152375594 ], [ 83.044521188980639, 25.364547937792096 ], [ 83.045009677228776, 25.364666139609135 ], [ 83.045326337904896, 25.364713031219065 ], [ 83.045578346215152, 25.36508352113648 ], [ 83.045560609263347, 25.365622533989949 ], [ 83.045225185653649, 25.365839216149585 ], [ 83.044869662511061, 25.365996011070465 ], [ 83.044674360038059, 25.366631443463923 ], [ 83.044914289079998, 25.367301370390482 ], [ 83.045020953869056, 25.367588445966351 ], [ 83.045048700654888, 25.367947650902092 ], [ 83.044997159094493, 25.368283206610553 ], [ 83.044840794425511, 25.368762777978841 ], [ 83.044591460043137, 25.369086925697403 ], [ 83.044248649669314, 25.369111966850323 ], [ 83.04389169879272, 25.368885576706472 ], [ 83.043679223483409, 25.36850297831943 ], [ 83.042038026147424, 25.366999110881046 ], [ 83.040874063914288, 25.366092528012306 ], [ 83.03977285578425, 25.365529977200165 ], [ 83.039230306961059, 25.365236648050473 ], [ 83.038688129726282, 25.365066198329885 ], [ 83.038254190172751, 25.364870890333044 ], [ 83.037793097691534, 25.364626480266011 ], [ 83.037412682017404, 25.364283452293254 ], [ 83.037167982088874, 25.363989177285966 ], [ 83.036837433613542, 25.36392627636344 ], [ 83.037551188774742, 25.363236179172414 ], [ 83.037976357604208, 25.362630969955962 ], [ 83.038212310638912, 25.362242069955879 ], [ 83.038353154709895, 25.361810256432896 ], [ 83.038350852872171, 25.361206389671867 ], [ 83.038252607593577, 25.360344012706214 ], [ 83.037343874192004, 25.358664665759694 ], [ 83.035384857453167, 25.355565244671901 ], [ 83.034718032565749, 25.355049674710148 ], [ 83.034337462733504, 25.35487834688217 ], [ 83.034331751270486, 25.353368651684104 ], [ 83.034221059112511, 25.353103382794547 ], [ 83.033712025645642, 25.352766765786146 ], [ 83.03252152992691, 25.351907793729616 ], [ 83.031759130652958, 25.351219988820411 ], [ 83.031138937871205, 25.350488655671935 ], [ 83.030708852161297, 25.349756685665984 ], [ 83.030231000705442, 25.348981764652681 ], [ 83.029943947335667, 25.348421911698484 ], [ 83.0297516207483, 25.347775528811876 ], [ 83.029513127330901, 25.347517406279135 ], [ 83.029132907627158, 25.34743235972751 ], [ 83.027899313220345, 25.347738113792364 ], [ 83.026239031920866, 25.348217690054273 ], [ 83.024242371578453, 25.348985434081047 ], [ 83.023763816458398, 25.351712949943675 ], [ 83.023709579302761, 25.3521616824004 ], [ 83.026164708523169, 25.353782199100536 ], [ 83.027117745605338, 25.354641944589453 ], [ 83.027926555558793, 25.355027668417527 ], [ 83.028782235598953, 25.355240683977648 ], [ 83.029780253077448, 25.355410115061872 ], [ 83.030587437478175, 25.35536447417174 ], [ 83.031726381000624, 25.355145280577631 ], [ 83.032294989275115, 25.354798432214327 ], [ 83.032769209550466, 25.354624436932486 ], [ 83.033101534849919, 25.354580261879768 ], [ 83.033529140124443, 25.35462206914767 ], [ 83.033953896600607, 25.354817920177553 ], [ 83.033720336901993, 25.354966554083976 ], [ 83.032632259311796, 25.356091419910939 ], [ 83.031641814919809, 25.357906085307683 ], [ 83.030513605456889, 25.361015213650127 ], [ 83.028975335588314, 25.364569151553653 ], [ 83.028507163552447, 25.36468000842607 ], [ 83.027669463077387, 25.365100534888345 ], [ 83.026509107059141, 25.36613679519369 ], [ 83.023728170506402, 25.368780863676076 ], [ 83.02400439780638, 25.370158802213147 ], [ 83.026255887175637, 25.373825521343523 ], [ 83.030444086644181, 25.378643962635952 ], [ 83.031269883889223, 25.37959397075478 ], [ 83.032199491665381, 25.380680797171014 ], [ 83.032469299523342, 25.380968413372312 ], [ 83.032569156017544, 25.381522837371055 ], [ 83.032399635588249, 25.381856494976351 ], [ 83.031740489924616, 25.382080090605829 ], [ 83.031365624431103, 25.382173037180486 ], [ 83.030348772305288, 25.382921926859208 ], [ 83.029996955335648, 25.382740745579667 ], [ 83.02944457243423, 25.382605831536907 ], [ 83.028140039646431, 25.382564277286406 ], [ 83.024878729574652, 25.382483213815441 ], [ 83.023824543227661, 25.382304232738385 ], [ 83.022269483416267, 25.38235455815753 ], [ 83.020964671313763, 25.382267377454944 ], [ 83.01965947368501, 25.382043608228891 ], [ 83.019221453476689, 25.382018436092661 ], [ 83.018154143178393, 25.381957074524035 ], [ 83.01690717630504, 25.381960845608742 ], [ 83.014742693178732, 25.381967371642542 ], [ 83.013188112139659, 25.382154250713175 ], [ 83.011532524873402, 25.382159207889586 ], [ 83.010328360569133, 25.382117217338191 ], [ 83.009375132340935, 25.382120057392335 ], [ 83.008572395669262, 25.382122444582329 ], [ 83.008021117770895, 25.382260765867979 ], [ 83.00701798632852, 25.38235485463856 ], [ 83.006465725347709, 25.382219805314488 ], [ 83.005863627797126, 25.382221586816648 ], [ 83.005559968149853, 25.382261914482193 ], [ 83.005312900394969, 25.382542106611485 ], [ 83.004911800197291, 25.382588861568152 ], [ 83.004510096437642, 25.382498948542164 ], [ 83.002499157274286, 25.381320386435508 ], [ 82.999483763338802, 25.379825909011679 ], [ 82.998178185688772, 25.379510880332649 ], [ 82.99742472922695, 25.379239703515903 ], [ 82.996571735023053, 25.379196654661975 ], [ 82.995969908757573, 25.379243926583008 ], [ 82.995168465465525, 25.379610713724052 ], [ 82.994267554746799, 25.380205535808432 ], [ 82.99396751519005, 25.380479712411383 ], [ 82.99361708678039, 25.380708506246247 ], [ 82.993115611114661, 25.380755479248329 ], [ 82.992714255112446, 25.380756635270121 ], [ 82.992414052642289, 25.380985295604169 ], [ 82.992062969555462, 25.38103187700527 ], [ 82.99162340964547, 25.380991531971997 ], [ 82.99143112777648, 25.381255208739077 ], [ 82.991073980077246, 25.381433430930755 ], [ 82.990619672580991, 25.381730082859708 ], [ 82.990100986081174, 25.382233642667 ], [ 82.989648313825768, 25.383002831325534 ], [ 82.989389939397611, 25.383535175196148 ], [ 82.989239489767769, 25.384201366043129 ], [ 82.989525219939537, 25.385041024213557 ], [ 82.990785023694968, 25.386710855228149 ], [ 82.990963126074234, 25.386986133080011 ], [ 82.990996845060835, 25.387310912875257 ], [ 82.990835116901977, 25.387577179001187 ], [ 82.990478054391929, 25.387784943407276 ], [ 82.989861072167358, 25.388082040419725 ], [ 82.988853515618018, 25.388820833428586 ], [ 82.989260878566483, 25.389181219276036 ], [ 82.989424851931261, 25.389594216390854 ], [ 82.989656991772875, 25.390863504867376 ], [ 82.989921115810915, 25.391985022029889 ], [ 82.99021761845448, 25.393076915441153 ], [ 82.990675758934003, 25.39387301343568 ], [ 82.990975516226783, 25.39421714921923 ], [ 82.991263679966025, 25.394550603114205 ], [ 82.991719868931341, 25.394708794073704 ], [ 82.993020416656037, 25.394604611084162 ], [ 82.994130380218451, 25.394282847808221 ], [ 82.996301494913226, 25.393384252870558 ], [ 82.9977615573208, 25.39234633288287 ], [ 82.998345527679362, 25.391901640286207 ], [ 82.998930433646564, 25.39172272509089 ], [ 82.999353313114909, 25.391751021422785 ], [ 82.999646972271947, 25.391986433706705 ], [ 82.999745697031898, 25.392311019793908 ], [ 82.999649061525957, 25.39257709968614 ], [ 82.999196095583102, 25.393257701438603 ], [ 82.998710306760415, 25.393879318230283 ], [ 82.998549523908636, 25.394411400212615 ], [ 82.998390631734196, 25.395475069386372 ], [ 82.998360432374994, 25.396124889040731 ], [ 82.998524971776106, 25.396656019683363 ], [ 82.99903138241109, 25.397189019715995 ], [ 82.999928535247264, 25.398010458021709 ], [ 83.001037295298289, 25.398804622549918 ], [ 83.001298362190411, 25.399040124193849 ], [ 83.001721589030325, 25.399127487897143 ], [ 83.002079924978375, 25.399274101381746 ], [ 83.002308419591941, 25.399509696037534 ], [ 83.002439852676147, 25.399863854057621 ], [ 83.002646912651898, 25.400158440655318 ], [ 83.00334979423134, 25.39962477032083 ], [ 83.003674811954724, 25.399535211166356 ], [ 83.004081993134307, 25.399696455363447 ], [ 83.004654713243369, 25.400684010261728 ], [ 83.005014950702503, 25.401332793201142 ], [ 83.005340243637846, 25.402164032793515 ], [ 83.005937733936094, 25.403690744097293 ], [ 83.007116091587079, 25.406701631956299 ], [ 83.007222779970931, 25.407117818115363 ], [ 83.007734833376048, 25.409115505494334 ], [ 83.0086668361308, 25.412751293285957 ], [ 83.008639659200909, 25.414228009184608 ], [ 83.008643701971749, 25.415350251324035 ], [ 83.008575779927753, 25.416172446817747 ], [ 83.008484952521584, 25.416443431109425 ], [ 83.008290636091814, 25.416680269805607 ], [ 83.00790079891263, 25.416829088248782 ], [ 83.007380045535015, 25.416771574142022 ], [ 83.006826059639749, 25.416536952640531 ], [ 83.005749079835851, 25.415595090916288 ], [ 83.003660395150234, 25.413740679400373 ], [ 83.002029392227072, 25.412534626047787 ], [ 83.001019364221648, 25.412094588120976 ], [ 83.000498409084287, 25.411992745516834 ], [ 83.000010483874718, 25.412008934573958 ], [ 82.99965295498437, 25.412098583250614 ], [ 82.999231042149759, 25.412365606872523 ], [ 82.998165393078878, 25.412801185099369 ], [ 82.997769035653235, 25.412930992996557 ], [ 82.997239009295768, 25.413052922646418 ], [ 82.99646914763467, 25.413348234452307 ], [ 82.995299351026347, 25.413735548071557 ], [ 82.994162664774748, 25.414299959588877 ], [ 82.99315574558797, 25.414745844111632 ], [ 82.992473763166373, 25.415102200477268 ], [ 82.992018717386898, 25.415221640765267 ], [ 82.991433191400148, 25.415252867331937 ], [ 82.990782259744918, 25.415166133216623 ], [ 82.990123062581034, 25.414943890636675 ], [ 82.989284093991088, 25.414697896731351 ], [ 82.988600365608235, 25.414552188655328 ], [ 82.988177522138159, 25.414553395985511 ], [ 82.987559602705431, 25.4146142153242 ], [ 82.987065926926917, 25.414780925902392 ], [ 82.985773171642478, 25.415475741172234 ], [ 82.984766606638914, 25.416039721413078 ], [ 82.983954523601952, 25.416396412699761 ], [ 82.982804681492908, 25.417471258834002 ], [ 82.983413031893633, 25.417365892616061 ], [ 82.983756126180396, 25.417453807250691 ], [ 82.984051191590098, 25.417808513932169 ], [ 82.984644633351962, 25.419495640591343 ], [ 82.984549896197535, 25.420429193465569 ], [ 82.984357067284947, 25.421318588487104 ], [ 82.983728483047528, 25.423675802910132 ], [ 82.983729702459129, 25.424031322469425 ], [ 82.983926670133229, 25.424341869846 ], [ 82.984368198090891, 25.424562824867984 ], [ 82.988436064257641, 25.425440109742826 ], [ 82.989219813352975, 25.425482307359562 ], [ 82.989673985041449, 25.425439787026885 ], [ 82.990589695146141, 25.425078400249845 ], [ 82.991762909305919, 25.424452856925946 ], [ 82.992594842106087, 25.424272710284683 ], [ 82.993231353026587, 25.424226427922719 ], [ 82.994064198847994, 25.424312911938642 ], [ 82.995083099166976, 25.424612535725537 ], [ 82.996907649910241, 25.425149061331147 ], [ 82.997153297555769, 25.425370565550736 ], [ 82.997252180435936, 25.425636946101616 ], [ 82.997596729800691, 25.426124786392272 ], [ 82.997842381547201, 25.426346290297825 ], [ 82.999265311985667, 25.427097639766959 ], [ 83.000172839126677, 25.427517194943434 ], [ 83.000464056189344, 25.427929519173972 ], [ 83.000568100835864, 25.428493766442546 ], [ 83.000472378154427, 25.429116219449206 ], [ 82.999648589704421, 25.431607356448694 ], [ 82.999602455418142, 25.432407445643442 ], [ 82.999702290920709, 25.432940440245225 ], [ 82.999949058750161, 25.433473020895537 ], [ 83.00132514256768, 25.434802232443072 ], [ 83.002650069072317, 25.435509413130362 ], [ 83.003532588281203, 25.435773470489515 ], [ 83.004855310071221, 25.43585845833147 ], [ 83.005492029574341, 25.43585657926327 ], [ 83.00603221576192, 25.436132947492887 ], [ 83.006327358325407, 25.436609624445342 ], [ 83.007069200554952, 25.438607274740182 ], [ 83.007217908823179, 25.439095681845576 ], [ 83.007464397046405, 25.439539364580771 ], [ 83.007881357542658, 25.439715895163168 ], [ 83.008322099029897, 25.439692369901877 ], [ 83.008615157963703, 25.439469283961184 ], [ 83.00973397105308, 25.43733278261184 ], [ 83.010172366914475, 25.436664845866261 ], [ 83.010660691416476, 25.436263437853871 ], [ 83.011247447304143, 25.435995023031786 ], [ 83.011639282481269, 25.435993851696988 ], [ 83.012325774244161, 25.4362140149134 ], [ 83.014090748429581, 25.436697573133443 ], [ 83.014653591155991, 25.436584775436081 ], [ 83.015117654400683, 25.436250085611388 ], [ 83.01541040294471, 25.435938106943198 ], [ 83.015947529856277, 25.435492071241683 ], [ 83.016545032026372, 25.435481389894314 ], [ 83.016830108341907, 25.435756075363347 ], [ 83.018739710861823, 25.437609659385416 ], [ 83.019090728420309, 25.437837952160823 ], [ 83.019384943793483, 25.437925941582211 ], [ 83.019727128807901, 25.43774715166159 ], [ 83.020216084894571, 25.437523450962669 ], [ 83.021535549214008, 25.436719506516614 ], [ 83.022171448990321, 25.436495351102423 ], [ 83.022514302431205, 25.436494305623121 ], [ 83.023837339189271, 25.436668029461657 ], [ 83.024277813160282, 25.436577797598471 ], [ 83.024962675817065, 25.436353497268001 ], [ 83.025408548101225, 25.436027591425148 ], [ 83.026623128725802, 25.435059598016128 ], [ 83.026767557673494, 25.434392536565579 ], [ 83.02676589939432, 25.433948124694133 ], [ 83.026270172887592, 25.432349760507499 ], [ 83.02592221366028, 25.430973138780306 ], [ 83.02606581403019, 25.430083860299266 ], [ 83.026111996136606, 25.429328211845963 ], [ 83.025716539173231, 25.428351716905158 ], [ 83.02529524697384, 25.42754917283311 ], [ 83.024878014576203, 25.426754374637742 ], [ 83.024507831217903, 25.425977766381369 ], [ 83.02440772572389, 25.425400331367769 ], [ 83.024700662894475, 25.425154998025508 ], [ 83.025043074061443, 25.425042861098042 ], [ 83.026317557520997, 25.425350037304536 ], [ 83.027786770118922, 25.425345513055973 ], [ 83.028373795912216, 25.425165933688042 ], [ 83.028911174088421, 25.424808735065088 ], [ 83.029351091095194, 25.424585157426925 ], [ 83.029693898377047, 25.424584096353378 ], [ 83.03033106713508, 25.424715457302291 ], [ 83.031311897445178, 25.42506794073406 ], [ 83.032144101634444, 25.424976486527097 ], [ 83.032486406600114, 25.424842102118713 ], [ 83.032729930114257, 25.424485792021134 ], [ 83.032875207225871, 25.424040930250907 ], [ 83.033142027791811, 25.423373464251139 ], [ 83.033445145821219, 25.423385410425315 ], [ 83.034343196092493, 25.423725251902265 ], [ 83.035814767699961, 25.424342856726273 ], [ 83.036696805824903, 25.42447340006585 ], [ 83.037284307630031, 25.424427120966694 ], [ 83.037675264012805, 25.424203690914148 ], [ 83.038750134462106, 25.423533683036741 ], [ 83.039077814725076, 25.42331971473682 ], [ 83.040117984614213, 25.422640526733744 ], [ 83.04070534172223, 25.422549785930016 ], [ 83.04139147250325, 25.422680951962466 ], [ 83.041931181858743, 25.422945899998453 ], [ 83.042079141700953, 25.423212069601647 ], [ 83.042080507750981, 25.42356761944782 ], [ 83.041837317356595, 25.424012798717044 ], [ 83.041789377495675, 25.424279604350108 ], [ 83.041937664311916, 25.424634672870926 ], [ 83.042281495141381, 25.42490023859445 ], [ 83.044097466435375, 25.425916625245957 ], [ 83.044931072148529, 25.426180640136248 ], [ 83.045297951779929, 25.426068355423258 ], [ 83.045689415315579, 25.425978224291786 ], [ 83.046080158301464, 25.425710339756805 ], [ 83.046373848685406, 25.425664967039214 ], [ 83.046716658826213, 25.425663872954832 ], [ 83.047109465002251, 25.425929257857462 ], [ 83.048387112306784, 25.427036231267273 ], [ 83.048584570930231, 25.427435555256714 ], [ 83.048976899628812, 25.427567630483956 ], [ 83.04936902420485, 25.427655257459975 ], [ 83.05020176852409, 25.427697032354001 ], [ 83.050790352274305, 25.427917328070894 ], [ 83.051378906329873, 25.428137651608647 ], [ 83.051722780354126, 25.428403195597376 ], [ 83.052183754712388, 25.42893173318582 ], [ 83.053101564736068, 25.430309746667671 ], [ 83.0533985411614, 25.431108741646277 ], [ 83.053596716387503, 25.431685839352323 ], [ 83.053599330756654, 25.432352451809489 ], [ 83.053008086621134, 25.434462336082273 ], [ 83.052826489013739, 25.435110323867658 ], [ 83.052539249796823, 25.436800016487201 ], [ 83.052592565669812, 25.437910862367815 ], [ 83.052644665418356, 25.438710642485898 ], [ 83.052965389662759, 25.439309569719914 ], [ 83.053367129727221, 25.439711696794468 ], [ 83.053636778658799, 25.43998162171577 ], [ 83.055178156483706, 25.441524461567855 ], [ 83.055816124930033, 25.441833473715178 ], [ 83.056747258490049, 25.44196376510407 ], [ 83.058462240891984, 25.442135959615239 ], [ 83.059441853623269, 25.4421327612318 ], [ 83.059980435692964, 25.442086551762355 ], [ 83.060615769595699, 25.44172894290158 ], [ 83.062277712219228, 25.440879113751521 ], [ 83.063647889331591, 25.440563512653213 ], [ 83.064676104203414, 25.440471242094482 ], [ 83.066488156369857, 25.440420820974754 ], [ 83.067418933382783, 25.440462172675755 ], [ 83.06785974850483, 25.440460709598682 ], [ 83.068000422652332, 25.440080124021904 ], [ 83.068003451954723, 25.439660317578621 ], [ 83.067855457991655, 25.4393941459101 ], [ 83.06760878100674, 25.438950563309824 ], [ 83.067410894410628, 25.438462357054735 ], [ 83.06755352593548, 25.437395301843548 ], [ 83.067551560626399, 25.436906458025373 ], [ 83.067794504083793, 25.436550582201196 ], [ 83.068578134879431, 25.436414186899828 ], [ 83.06897014909994, 25.436457318450813 ], [ 83.069607554308561, 25.436632966600268 ], [ 83.070023344751448, 25.436498257562008 ], [ 83.070535646067512, 25.436007706708772 ], [ 83.070681485855133, 25.435740556026566 ], [ 83.070986969993228, 25.435584009591544 ], [ 83.071563626040358, 25.435870946556953 ], [ 83.072004968253125, 25.436002805411107 ], [ 83.072642014461479, 25.436089558732341 ], [ 83.073156930545991, 25.436243384989691 ], [ 83.073697292100718, 25.436641541532417 ], [ 83.074140265342791, 25.437173341920985 ], [ 83.074579665859275, 25.43784033185937 ], [ 83.075914001174439, 25.439744992998961 ], [ 83.076454672257981, 25.441129971983408 ], [ 83.076948905812145, 25.441296933356337 ], [ 83.077291769864246, 25.44129577700588 ], [ 83.078171767706493, 25.440892843136179 ], [ 83.079981960529125, 25.440397874473092 ], [ 83.081598115849062, 25.440347956589374 ], [ 83.082017787447654, 25.440292100015583 ], [ 83.08433947046511, 25.439983075820393 ], [ 83.086019922434843, 25.439941865569686 ], [ 83.086445350884063, 25.439931441987856 ], [ 83.087032749885353, 25.439840546128426 ], [ 83.087423653600538, 25.439617005852405 ], [ 83.087715862411869, 25.439216022081489 ], [ 83.087958531177378, 25.438681890191901 ], [ 83.088640708230216, 25.437835165060601 ], [ 83.08898319273132, 25.437745103309794 ], [ 83.089325660915051, 25.437655056763031 ], [ 83.091137666777783, 25.43760435961126 ], [ 83.091436657047893, 25.43766039900958 ], [ 83.092068991977257, 25.437778892482996 ], [ 83.093065895801573, 25.438210189218541 ], [ 83.093393841275955, 25.438352068420944 ], [ 83.094007098843989, 25.438594375920921 ], [ 83.094912846853418, 25.438776316142814 ], [ 83.095546589725586, 25.438807540228996 ], [ 83.096015786959924, 25.438720696340997 ], [ 83.096799249531799, 25.438673547645749 ], [ 83.097484947234406, 25.438671156907091 ], [ 83.098219425220577, 25.438624142228083 ], [ 83.099196937198613, 25.438131859647857 ], [ 83.099733116011009, 25.437679299165872 ], [ 83.100759503113366, 25.43701536480339 ], [ 83.101542213195913, 25.436790401301586 ], [ 83.102276490419356, 25.436698936294373 ], [ 83.102814675235734, 25.436563723776224 ], [ 83.103107040399678, 25.436207162120873 ], [ 83.102956293803629, 25.435318858131485 ], [ 83.102708186049597, 25.434564244253593 ], [ 83.102705908206332, 25.434030936533109 ], [ 83.102649832144905, 25.43354136285641 ], [ 83.102898596625195, 25.433274768233822 ], [ 83.103142336689089, 25.433007246318898 ], [ 83.103704617061652, 25.432783062088088 ], [ 83.104121106363252, 25.43282602676334 ], [ 83.104424744314258, 25.432962453051609 ], [ 83.104809338630375, 25.433423558543716 ], [ 83.104859930908674, 25.433801138689848 ], [ 83.104763315681083, 25.434112564737369 ], [ 83.104519957627701, 25.434468959526242 ], [ 83.104424275364906, 25.435002598136361 ], [ 83.104572556773462, 25.435313158789135 ], [ 83.104867168212607, 25.435489885057109 ], [ 83.105259381977817, 25.435577382730063 ], [ 83.105553231496188, 25.43557634288123 ], [ 83.105994230799411, 25.435619225342947 ], [ 83.106338217388483, 25.435884664114607 ], [ 83.106535088952256, 25.436106168150847 ], [ 83.106585583585471, 25.436461523506619 ], [ 83.106736354298633, 25.437349806864546 ], [ 83.106835435779317, 25.437616104473364 ], [ 83.107229377259941, 25.438103559078307 ], [ 83.108605174697416, 25.439120835569238 ], [ 83.109081513865064, 25.439174023965947 ], [ 83.109436835657192, 25.438895662670163 ], [ 83.109679612794153, 25.438405948739874 ], [ 83.109971005296202, 25.437827178903603 ], [ 83.110508234635404, 25.437469722814086 ], [ 83.110997421231644, 25.437334652320086 ], [ 83.111929155334508, 25.437597975042173 ], [ 83.112264678033469, 25.43775898052408 ], [ 83.112519387348925, 25.438173598488032 ], [ 83.112962703835819, 25.438749743733098 ], [ 83.113257365558695, 25.438926468752509 ], [ 83.113918677785307, 25.438946315429138 ], [ 83.114604762792069, 25.43903273772127 ], [ 83.115242236740926, 25.439208213923362 ], [ 83.115585095038, 25.439206981240563 ], [ 83.116025905594441, 25.43920539513201 ], [ 83.11661231185218, 25.438892187191374 ], [ 83.117248037362657, 25.438667680578217 ], [ 83.117982153115463, 25.438531729931615 ], [ 83.118766191151224, 25.438617766977703 ], [ 83.119403489514539, 25.438748794820835 ], [ 83.119893071313584, 25.438702573823658 ], [ 83.120431246746875, 25.438567292059364 ], [ 83.120835461146939, 25.438529150651515 ], [ 83.121938645729259, 25.43866161312862 ], [ 83.12248912270023, 25.438737602381433 ], [ 83.122978735812495, 25.438691372835802 ], [ 83.123565681160429, 25.438511483671103 ], [ 83.12410426081756, 25.438465074754379 ], [ 83.125525605938407, 25.438682087274426 ], [ 83.126752038520138, 25.439122032496186 ], [ 83.127682825272913, 25.439163055881952 ], [ 83.128319557260824, 25.43916071886342 ], [ 83.129348693345634, 25.439290256718557 ], [ 83.130379237284941, 25.439730881451283 ], [ 83.130711458830845, 25.439850567521987 ], [ 83.132204171804972, 25.438619671111613 ], [ 83.133331831144204, 25.437689766097222 ], [ 83.136284291855517, 25.436227160584046 ], [ 83.137186581279266, 25.435841792537413 ], [ 83.138725582720198, 25.434900447708596 ], [ 83.138953407347856, 25.434609023032383 ], [ 83.139167055173033, 25.434335729763117 ], [ 83.141667119789943, 25.433062694267807 ], [ 83.14503693470769, 25.431545708184132 ], [ 83.146821130487396, 25.430678801265344 ], [ 83.148163140464732, 25.430299453403819 ], [ 83.149030594200539, 25.430111898555399 ], [ 83.150096637149289, 25.430407509026114 ], [ 83.151195303737552, 25.431084358663423 ], [ 83.153253238036086, 25.432113048245181 ], [ 83.154088071871499, 25.432188649424376 ], [ 83.154446178150963, 25.432221077421715 ], [ 83.157339974942445, 25.431643945788942 ], [ 83.158808202553288, 25.430863389943585 ], [ 83.160619533550914, 25.429900422407183 ], [ 83.161153589322836, 25.429616504475121 ], [ 83.162412950999681, 25.428946994216926 ], [ 83.165121449250137, 25.427781722308669 ], [ 83.166552555374636, 25.426860568282404 ], [ 83.169969757791506, 25.424523409496089 ], [ 83.170309137031595, 25.424291285490682 ], [ 83.171039738877653, 25.424024734398959 ], [ 83.171795083477861, 25.423749157708265 ], [ 83.17255389410424, 25.423619683774589 ], [ 83.173703428098491, 25.423423543201427 ], [ 83.177683639821382, 25.422337950474759 ], [ 83.178340245247924, 25.422158842483999 ], [ 83.179632360242763, 25.421806386024119 ], [ 83.181142864242304, 25.42139435335444 ], [ 83.181940963547405, 25.421183178286118 ], [ 83.18266347497962, 25.420992041370251 ], [ 83.183093138853096, 25.420828464797349 ], [ 83.183731878107039, 25.420585344139635 ], [ 83.185013690516712, 25.419718262160711 ], [ 83.186712859488253, 25.418498939204259 ], [ 83.187775757153915, 25.417293321586644 ], [ 83.188222504012387, 25.416236976669175 ], [ 83.187953262797834, 25.414585096958739 ], [ 83.187534551484333, 25.412120925510067 ], [ 83.187452856406097, 25.411631402105815 ], [ 83.187134165363105, 25.409910143386277 ], [ 83.186907296916104, 25.409472062101724 ], [ 83.186523917728422, 25.408731631393461 ], [ 83.186025795227934, 25.407567415843086 ], [ 83.185747736521691, 25.406917547814928 ], [ 83.185497711840497, 25.40657402516381 ], [ 83.184700147059488, 25.405478205295079 ], [ 83.183659086648035, 25.404047796958704 ], [ 83.182798487965059, 25.40212541718957 ], [ 83.182563669289848, 25.401167533257006 ], [ 83.182465736738621, 25.400768038157128 ], [ 83.182141315796287, 25.399444616142002 ], [ 83.182036202895134, 25.398106285974251 ], [ 83.181901391648353, 25.396389073220284 ], [ 83.182081528094656, 25.395069920594146 ], [ 83.18237565179497, 25.393496176249077 ], [ 83.182499522180862, 25.392833389962661 ], [ 83.183031212042792, 25.389988386104495 ], [ 83.182923822633612, 25.388904540179638 ], [ 83.182671674705631, 25.386359693420438 ], [ 83.181626761909286, 25.383006503411693 ], [ 83.180583791952799, 25.379975665386635 ], [ 83.179696392805567, 25.377396849711708 ], [ 83.179104280905392, 25.376119800390619 ], [ 83.177637552577082, 25.372956284297146 ], [ 83.176517826632605, 25.370356918643537 ], [ 83.175846133208182, 25.36879756875766 ], [ 83.175668325022912, 25.368384781800806 ], [ 83.175462825318817, 25.367708200171069 ], [ 83.175057988639054, 25.366418987278344 ], [ 83.174514170553564, 25.364584777279404 ], [ 83.174443534953582, 25.363818251308412 ], [ 83.174394381854043, 25.363284849695305 ], [ 83.174247982275404, 25.362138812556598 ], [ 83.173975807741016, 25.36000813911334 ], [ 83.173200411138367, 25.358843978137074 ], [ 83.17236493708306, 25.356465561113264 ], [ 83.172138630945611, 25.355187494083413 ], [ 83.171976568689786, 25.354272021279918 ], [ 83.171696550920174, 25.353624223081439 ], [ 83.171469440600262, 25.353098707049789 ], [ 83.171286974726442, 25.352611045703931 ], [ 83.17093247585251, 25.351663596231802 ], [ 83.169501925715963, 25.349201863074047 ], [ 83.168963416562377, 25.348275166880246 ], [ 83.168462158201024, 25.347412548031862 ], [ 83.167312286195838, 25.346008093245324 ], [ 83.165934951878938, 25.344325700834307 ], [ 83.16491923703056, 25.343085003439395 ], [ 83.164287753034529, 25.342364115243843 ], [ 83.163193072845871, 25.341114444565072 ], [ 83.161381579650254, 25.339046315481923 ], [ 83.15885267130011, 25.336067942074983 ], [ 83.15841466835721, 25.335295058411905 ], [ 83.157777734270809, 25.334192515516552 ], [ 83.156587110098059, 25.332899930039421 ], [ 83.15276481830422, 25.329755187263707 ], [ 83.152479059940248, 25.329520082151035 ], [ 83.15190049123207, 25.32907591785419 ], [ 83.151638993937908, 25.328875167531585 ], [ 83.150363010491944, 25.327895593196168 ], [ 83.150098407343393, 25.327763677597854 ], [ 83.149086713667813, 25.327259320545096 ], [ 83.147919401062325, 25.326677364295801 ], [ 83.14560987331096, 25.325093471856739 ], [ 83.144711613912079, 25.32433851175367 ], [ 83.144120946023705, 25.323842067634761 ], [ 83.143628312688449, 25.323428018942757 ], [ 83.143225772071403, 25.323089690302094 ], [ 83.141749070597939, 25.32209147611681 ], [ 83.14138714706975, 25.32184682293952 ], [ 83.138630191093256, 25.320262710670725 ], [ 83.138074445768595, 25.320281878351778 ], [ 83.13689799012873, 25.3202964938992 ], [ 83.13653126313487, 25.32030104901358 ], [ 83.135855999466202, 25.320427635187041 ], [ 83.135398949035164, 25.32051331292541 ], [ 83.133641082635549, 25.320842846713088 ], [ 83.133033172839859, 25.321030763343007 ], [ 83.132151345264845, 25.321303352709347 ], [ 83.13131245333031, 25.32155821588745 ], [ 83.130279240415419, 25.32187210321527 ], [ 83.129371369526694, 25.321998991938425 ], [ 83.128584376648661, 25.322108984549317 ], [ 83.127038508548964, 25.322354455633434 ], [ 83.124791783421955, 25.32328499568975 ], [ 83.123028128232619, 25.324222371579612 ], [ 83.121072085692902, 25.325261932485155 ], [ 83.118062588153805, 25.32648046536503 ], [ 83.112688958297227, 25.328366843662888 ], [ 83.11082066087738, 25.328867697914291 ], [ 83.110215729681173, 25.328962423074064 ], [ 83.109594129908174, 25.329070961579692 ], [ 83.108327717889679, 25.329292088720816 ], [ 83.106838316686606, 25.329539869956868 ], [ 83.106530975805498, 25.329605820382316 ], [ 83.104935874397057, 25.329859843336568 ], [ 83.104111903628478, 25.32999077563915 ], [ 83.103771009243886, 25.330065865700274 ], [ 83.102470980449567, 25.330352223662619 ], [ 83.102116637231944, 25.330400136978529 ], [ 83.101285936809319, 25.330613253104278 ], [ 83.099606372830621, 25.330794891356611 ], [ 83.099036160489419, 25.330856555841383 ], [ 83.097427162152954, 25.330891603637433 ], [ 83.096567851680206, 25.330910313843678 ], [ 83.093051692384265, 25.33082834946428 ], [ 83.089391617806029, 25.330340057137743 ], [ 83.085434307109111, 25.329712955665229 ], [ 83.084311503921782, 25.329535027930334 ], [ 83.08391399400827, 25.329472018814783 ], [ 83.080002614285931, 25.329227752121891 ], [ 83.079121610010105, 25.329172733711165 ], [ 83.078759595957493, 25.329150186577131 ], [ 83.074498466121369, 25.328884769358986 ], [ 83.073420275726463, 25.328817612238531 ], [ 83.073003267997962, 25.328791613692484 ], [ 83.070086770307597, 25.328352130507607 ], [ 83.069760561473103, 25.328302960469301 ], [ 83.069191205035978, 25.328366889963021 ], [ 83.067645597719476, 25.328540419072766 ], [ 83.066129780576489, 25.328715708405621 ], [ 83.064280645796671, 25.329299656572303 ], [ 83.065417321590076, 25.329140882997663 ], [ 83.065095585281625, 25.330711009096941 ], [ 83.064485303174351, 25.334165806786633 ], [ 83.063816885861002, 25.337260063059063 ], [ 83.063713561381263, 25.339785516678006 ], [ 83.063603952578191, 25.34076501379451 ], [ 83.063702906913534, 25.34109247069777 ], [ 83.063251481478275, 25.341987572360328 ], [ 83.062983814832862, 25.341746188963743 ], [ 83.062585698689219, 25.341489846002744 ], [ 83.060143677673466, 25.340879450801509 ], [ 83.059234948190436, 25.340624783418001 ], [ 83.05838367118703, 25.340575993353909 ], [ 83.05741992306578, 25.340733778935689 ], [ 83.056004228936402, 25.34140830881611 ], [ 83.053173423393261, 25.342911957275263 ], [ 83.05238031375346, 25.3432237301984 ], [ 83.051054773415828, 25.343434729455172 ], [ 83.050916153405367, 25.342898125200605 ], [ 83.050725152847633, 25.342639936059651 ], [ 83.050374018050945, 25.342601203961358 ], [ 83.048571523829409, 25.34127772222179 ], [ 83.048229585296653, 25.340866534669644 ] ], [ [ 83.080792628015402, 25.367220756241213 ], [ 83.079778120900713, 25.367087077949385 ], [ 83.078742374511208, 25.367012242201294 ], [ 83.077771612317818, 25.366995929873344 ], [ 83.076370225892461, 25.367196540480116 ], [ 83.074560827316802, 25.367849155993511 ], [ 83.074152036030881, 25.368105160624513 ], [ 83.073850285867223, 25.368184529729696 ], [ 83.073569052294559, 25.367970010849323 ], [ 83.073330421420209, 25.367657341763422 ], [ 83.073113764067983, 25.367423006164767 ], [ 83.072811563853691, 25.367365248080436 ], [ 83.072509799170248, 25.367425020380203 ], [ 83.07214375186966, 25.367602550370083 ], [ 83.071777783792172, 25.367789882057771 ], [ 83.071411355580338, 25.367859703585307 ], [ 83.070878164112273, 25.367693445273066 ], [ 83.070749572320338, 25.366948034209173 ], [ 83.070306746554891, 25.366207791482154 ], [ 83.069802074798375, 25.365695970950643 ], [ 83.069423524986391, 25.365297897337605 ], [ 83.068926103334604, 25.365014283941967 ], [ 83.068665299797246, 25.364216365584753 ], [ 83.06771738056203, 25.362850177923825 ], [ 83.067084622331748, 25.361711157615449 ], [ 83.066516391836075, 25.361028362412789 ], [ 83.065823738493108, 25.360631259966667 ], [ 83.064996738335836, 25.360459537819754 ], [ 83.064808326667745, 25.358958140560414 ], [ 83.064852720302753, 25.358408001806961 ], [ 83.065084242052791, 25.358068798428626 ], [ 83.065409229445834, 25.357771591287015 ], [ 83.065734609262265, 25.357601237570712 ], [ 83.066060157622971, 25.357473231258318 ], [ 83.066572328954905, 25.357429246288827 ], [ 83.067085446374662, 25.357596764369074 ], [ 83.067598566636804, 25.357764343305945 ], [ 83.06843706381332, 25.357761559337099 ], [ 83.069182019973681, 25.357674442142887 ], [ 83.069833640049524, 25.357545345055122 ], [ 83.070345297632713, 25.357374419327318 ], [ 83.0706709391022, 25.35724640413401 ], [ 83.070987628131306, 25.357245348466549 ], [ 83.071323565678156, 25.357371156793103 ], [ 83.071696401426067, 25.357412198722308 ], [ 83.072115640807837, 25.357410800066091 ], [ 83.072627809831062, 25.357366796014173 ], [ 83.07314007578546, 25.357322791102892 ], [ 83.073652685396524, 25.357363361013746 ], [ 83.074071712692415, 25.357319637379476 ], [ 83.074350529669815, 25.35714945113396 ], [ 83.074581855631607, 25.356767962483676 ], [ 83.074900805714719, 25.356484235170861 ], [ 83.075345255748587, 25.356804089808254 ], [ 83.075710580441282, 25.356839718110027 ], [ 83.076197427107189, 25.356801221729011 ], [ 83.076886489935021, 25.356577765966239 ], [ 83.077373335229012, 25.356539264967608 ], [ 83.078103629377125, 25.356499939279942 ], [ 83.078754085892712, 25.356755734541515 ], [ 83.079160580234387, 25.35693864839465 ], [ 83.079568853235628, 25.357527027281385 ], [ 83.07997697824932, 25.358078487841382 ], [ 83.08042491369244, 25.358445610903381 ], [ 83.081034400848864, 25.358627817197998 ], [ 83.081450299203141, 25.358922911232174 ], [ 83.081888212395341, 25.359092087103623 ], [ 83.081822169530227, 25.3598283258446 ], [ 83.081824443626971, 25.360380233708177 ], [ 83.081913042759069, 25.360813572961533 ], [ 83.082262096636214, 25.361246028061849 ], [ 83.083175601199287, 25.361715966894767 ], [ 83.084044074874356, 25.36179185360216 ], [ 83.083328753113619, 25.362011113133519 ], [ 83.082787868930367, 25.362426884910658 ], [ 83.082572526529304, 25.362841545047512 ], [ 83.082639515517286, 25.363294671966607 ], [ 83.082989049993927, 25.363845378147314 ], [ 83.083775365368709, 25.365045069265125 ], [ 83.083798625407923, 25.365419492599241 ], [ 83.083626461357525, 25.365774869959107 ], [ 83.083301545141637, 25.365933674973217 ], [ 83.082825586936409, 25.366309798496953 ], [ 83.082545866091493, 25.366902072166603 ], [ 83.082055109021113, 25.367598158937945 ], [ 83.080792628015402, 25.367220756241213 ] ], [ [ 83.048924811709483, 25.38824254839712 ], [ 83.049233146514425, 25.387661833070847 ], [ 83.051112899974612, 25.389974657892271 ], [ 83.051539897164261, 25.390311451714751 ], [ 83.051966708716108, 25.390599914665565 ], [ 83.052659074005064, 25.390790872068788 ], [ 83.053617297058139, 25.390932708497303 ], [ 83.054628950998264, 25.391122684377169 ], [ 83.055481354062465, 25.391409758032356 ], [ 83.056441014620631, 25.391889729318756 ], [ 83.057186631556405, 25.3920805551897 ], [ 83.057825106960081, 25.392078475789745 ], [ 83.058675420200814, 25.391834134771688 ], [ 83.059526685973168, 25.391831354135682 ], [ 83.060217916509231, 25.391732487136579 ], [ 83.060802291580003, 25.391488993404927 ], [ 83.061333101739379, 25.391197414054805 ], [ 83.061692034416041, 25.390424262740613 ], [ 83.064233139783369, 25.391650717416848 ], [ 83.064633287062676, 25.391959858961506 ], [ 83.064806102798755, 25.392424933534965 ], [ 83.065036524847542, 25.393045122403841 ], [ 83.065323744280093, 25.393613300234318 ], [ 83.065899832393129, 25.395163618469599 ], [ 83.066187267056094, 25.395783600206162 ], [ 83.066589074366263, 25.396506639657137 ], [ 83.066704724372883, 25.396920210132919 ], [ 83.06676357976589, 25.397385656926538 ], [ 83.067107901174964, 25.397953715730765 ], [ 83.067794670800936, 25.398675805081144 ], [ 83.069226280786935, 25.400378490799085 ], [ 83.06979993312379, 25.401307923294773 ], [ 83.069764335505965, 25.402417602440163 ], [ 83.069525411174553, 25.403895858895172 ], [ 83.069357051235556, 25.404543226608929 ], [ 83.068787870074445, 25.404726227198285 ], [ 83.067703995708214, 25.404471104098747 ], [ 83.067250810545644, 25.404321958958175 ], [ 83.064279866433282, 25.403344116242781 ], [ 83.063424173099378, 25.403139959338382 ], [ 83.06268288753364, 25.403038903119977 ], [ 83.061999006015171, 25.403041148518625 ], [ 83.060119743931978, 25.403409528110732 ], [ 83.059257973802744, 25.403647523499245 ], [ 83.058181437925953, 25.403260616777203 ], [ 83.056013347276462, 25.402646806873491 ], [ 83.053616005033348, 25.401723240417912 ], [ 83.052473152341491, 25.400950837102005 ], [ 83.051729662501501, 25.400280558959626 ], [ 83.050928183457387, 25.399351800651218 ], [ 83.050011917729549, 25.398216428473649 ], [ 83.049187744082914, 25.397208640402088 ], [ 83.049208433800132, 25.396770273953376 ], [ 83.049093253342519, 25.396460185595757 ], [ 83.04886450415465, 25.39625394041688 ], [ 83.048578954125745, 25.396099674291229 ], [ 83.048434479269005, 25.395582692396776 ], [ 83.048575335745127, 25.395168278797161 ], [ 83.048916261333858, 25.394908535508023 ], [ 83.049370551403968, 25.394493106547202 ], [ 83.049539897090284, 25.394078665493133 ], [ 83.049537682255121, 25.393509489202977 ], [ 83.049421095185537, 25.392837239105255 ], [ 83.049189920106812, 25.392010114392363 ], [ 83.048672822175831, 25.390925191564243 ], [ 83.048000706922139, 25.389197161599618 ], [ 83.048554442767525, 25.388775159381758 ], [ 83.048924811709483, 25.38824254839712 ] ] ] } },
{ "type": "Feature", "properties": { "block_name": "Cholapur" }, "geometry": { "type": "Polygon", "coordinates": [ [ [ 83.012972411180726, 25.457447863641249 ], [ 83.011845750407645, 25.457451234612673 ], [ 83.009740047218131, 25.457635277622888 ], [ 83.009152700948434, 25.457770339392265 ], [ 83.008565514828405, 25.457949845103002 ], [ 83.008076630304842, 25.458217938633407 ], [ 83.007637196675532, 25.458619195903267 ], [ 83.00729524870907, 25.458886851382005 ], [ 83.006512122727756, 25.459066930942839 ], [ 83.005924131267165, 25.45902422144081 ], [ 83.005336156782576, 25.458981525037668 ], [ 83.004602002189543, 25.459161450947718 ], [ 83.004210278865102, 25.459207037309913 ], [ 83.003524479556432, 25.459209056147795 ], [ 83.002054914147891, 25.459213371014567 ], [ 83.001296188006961, 25.459371139309102 ], [ 83.000268582307854, 25.459685218385506 ], [ 82.999583409770381, 25.459864976805292 ], [ 82.999045351983227, 25.460088748945566 ], [ 82.998899726520676, 25.460466366237597 ], [ 82.998902163061743, 25.461155720744056 ], [ 82.998808907137317, 25.462489195642696 ], [ 82.999204572375334, 25.463554587919333 ], [ 82.999181882670797, 25.464065710919545 ], [ 82.998962938343155, 25.4644885242014 ], [ 82.998473996582021, 25.464756588534769 ], [ 82.998376967769332, 25.465023509036968 ], [ 82.998427216682217, 25.46537888348341 ], [ 82.99867372279806, 25.465822563331873 ], [ 82.999165481100093, 25.466354394204494 ], [ 82.999313705114758, 25.466709479949827 ], [ 82.99921746233457, 25.467198590000695 ], [ 82.998828070475938, 25.467910760682312 ], [ 82.99868875040795, 25.468186907016829 ], [ 82.998536175739929, 25.468489319385501 ], [ 82.998537588704778, 25.468889281150307 ], [ 82.998735105766002, 25.469333087442092 ], [ 82.998516161209778, 25.46975590411596 ], [ 82.998099978807304, 25.469823779485836 ], [ 82.997364348655708, 25.469603712073813 ], [ 82.996874463139434, 25.469605133500696 ], [ 82.996580681188703, 25.46965043293887 ], [ 82.996288150423354, 25.470051228069508 ], [ 82.996089703192439, 25.470570890220657 ], [ 82.99594835539078, 25.470941004701558 ], [ 82.995655897192776, 25.471364023576918 ], [ 82.994725793761646, 25.471566679742814 ], [ 82.992889526275761, 25.471816396778642 ], [ 82.989510896736704, 25.47231491434944 ], [ 82.987796708544508, 25.472453130797458 ], [ 82.986599340802428, 25.472686625146725 ], [ 82.984860185011655, 25.47330581042004 ], [ 82.982414607669043, 25.474468125636218 ], [ 82.981130795660562, 25.475067918582763 ], [ 82.980310863254047, 25.475318378261491 ], [ 82.979616859195161, 25.475734293769275 ], [ 82.978746318458789, 25.476255990988601 ], [ 82.977503103001538, 25.477182308133518 ], [ 82.975860276183639, 25.478704255343438 ], [ 82.975326783859728, 25.479198467315598 ], [ 82.972346849035702, 25.481784158590717 ], [ 82.971368624020556, 25.482275672379124 ], [ 82.970830123532011, 25.482410478430761 ], [ 82.970532023424965, 25.482388768859778 ], [ 82.970242061328662, 25.482367647662929 ], [ 82.969064429755392, 25.481837611631402 ], [ 82.966562832797536, 25.480955679986124 ], [ 82.965484380749515, 25.480780860481133 ], [ 82.964412878254976, 25.480923740956261 ], [ 82.964414592809632, 25.481444760729133 ], [ 82.964224020979159, 25.483089491595148 ], [ 82.96442234393146, 25.483799975638807 ], [ 82.964718377308429, 25.484421314359025 ], [ 82.965360119908951, 25.485886039516863 ], [ 82.965509906918072, 25.486729958410102 ], [ 82.965511440419277, 25.487194348843261 ], [ 82.965516358822256, 25.488685223528634 ], [ 82.96542344624595, 25.489287974131184 ], [ 82.965225750141883, 25.48970808872582 ], [ 82.965129064544342, 25.490108305152109 ], [ 82.96503298074748, 25.490686257452044 ], [ 82.964936732921245, 25.491219779196708 ], [ 82.964673914534671, 25.491449426004589 ], [ 82.963211272816267, 25.491985829556281 ], [ 82.962832941469642, 25.492158673393142 ], [ 82.962343851430461, 25.492426609693432 ], [ 82.961214209043632, 25.492718513516472 ], [ 82.960507399092464, 25.492720415611441 ], [ 82.959869987377814, 25.492588805819626 ], [ 82.959428718952765, 25.492501114395921 ], [ 82.959134315870472, 25.492368579972684 ], [ 82.958692190397301, 25.492014266811772 ], [ 82.957955632960989, 25.491527415329525 ], [ 82.957758212278648, 25.491083575136514 ], [ 82.957659071608347, 25.490728334902421 ], [ 82.957657629807628, 25.490283953038432 ], [ 82.957850017207491, 25.489172487513862 ], [ 82.957554580725585, 25.488728907174735 ], [ 82.957406599769101, 25.488418224979288 ], [ 82.957013611406239, 25.488108199043218 ], [ 82.956572071261675, 25.487931635123761 ], [ 82.956033422764236, 25.48802194789625 ], [ 82.955677072641052, 25.488387681240962 ], [ 82.954177996588513, 25.490026601240064 ], [ 82.954130744163763, 25.490559972891656 ], [ 82.954181573275619, 25.491137528269881 ], [ 82.954532718564195, 25.493669554375302 ], [ 82.954584602153304, 25.494558180294387 ], [ 82.954782287421779, 25.495090912573552 ], [ 82.955077711687295, 25.495534494083913 ], [ 82.956206401262264, 25.496064762668901 ], [ 82.957824069151144, 25.496282628417038 ], [ 82.958363357969816, 25.496370064399123 ], [ 82.958782078726529, 25.497057727525053 ], [ 82.958030746080325, 25.499570453024337 ], [ 82.957650013023169, 25.500458594302618 ], [ 82.957058090863285, 25.501839369426961 ], [ 82.956149000558526, 25.50317435576423 ], [ 82.95593639010059, 25.503486543560768 ], [ 82.955447533297146, 25.503843345363126 ], [ 82.954811079801104, 25.504022786480075 ], [ 82.954125634239205, 25.504202340807446 ], [ 82.953539067819321, 25.504648277528201 ], [ 82.95358935122276, 25.505048067231389 ], [ 82.954105819869838, 25.505646607980719 ], [ 82.954598839148488, 25.506578478083895 ], [ 82.95465141131514, 25.507689267137394 ], [ 82.954508839874961, 25.509067193924725 ], [ 82.95447566866288, 25.509329519943744 ], [ 82.954182489193784, 25.511415564317232 ], [ 82.953737087509666, 25.5128908056545 ], [ 82.953103588847739, 25.514003414779982 ], [ 82.952077470551558, 25.514939278473125 ], [ 82.951587854043595, 25.515073889853554 ], [ 82.95100834470189, 25.515277468192046 ], [ 82.950708453014485, 25.515920497613553 ], [ 82.950857048336445, 25.5164089040303 ], [ 82.951152204851482, 25.516763637965745 ], [ 82.952429066039301, 25.517604547536408 ], [ 82.953435042347792, 25.518024024332149 ], [ 82.955201539361653, 25.518730327076728 ], [ 82.956330701341912, 25.519349422699946 ], [ 82.956823384126068, 25.520147967783117 ], [ 82.956974276800167, 25.521347345384267 ], [ 82.956831586632731, 25.522680807163969 ], [ 82.956814165998438, 25.525175974035722 ], [ 82.956079395130743, 25.525464253629927 ], [ 82.956388333248796, 25.526292725571722 ], [ 82.956677101534638, 25.526671715254746 ], [ 82.956985576751023, 25.526865551270685 ], [ 82.957298918343568, 25.526815765754169 ], [ 82.958134456420538, 25.526526460174892 ], [ 82.958830528505899, 25.526357908093008 ], [ 82.959197998849874, 25.526321047125215 ], [ 82.959616669191803, 25.526308956025019 ], [ 82.960054507978057, 25.526407954566469 ], [ 82.960915510957975, 25.5270078015234 ], [ 82.961794686532969, 25.527589913741867 ], [ 82.962080069298409, 25.527778863546892 ], [ 82.963100317679576, 25.528464304950187 ], [ 82.963593219976943, 25.528969538718268 ], [ 82.963976631775836, 25.529402598714665 ], [ 82.9641512525981, 25.530147161643747 ], [ 82.96444050621011, 25.53115804143409 ], [ 82.964919264238716, 25.532710410502844 ], [ 82.965223400749551, 25.53366255216778 ], [ 82.96536793741258, 25.534037006485704 ], [ 82.965607543992263, 25.535111146382935 ], [ 82.966360321422826, 25.537159756652869 ], [ 82.966997331875803, 25.538433849484285 ], [ 82.967157765758387, 25.539072929908773 ], [ 82.967175270116527, 25.539874320809997 ], [ 82.967224394023944, 25.540273113855477 ], [ 82.968771237956517, 25.54111195975219 ], [ 82.969736935142706, 25.541783852379556 ], [ 82.970249669621822, 25.542252875865216 ], [ 82.971528960566204, 25.543136728826543 ], [ 82.971922517986016, 25.543741240529542 ], [ 82.972082083540613, 25.544219598410383 ], [ 82.972270033649764, 25.54474442390417 ], [ 82.974152475734655, 25.545057723597633 ], [ 82.975112864596525, 25.54523759396228 ], [ 82.975834378448994, 25.545413096713382 ], [ 82.976631770499424, 25.546987771630405 ], [ 82.97687617665477, 25.547709711793818 ], [ 82.976906227654922, 25.547976029520559 ], [ 82.976753432180615, 25.54868896890564 ], [ 82.976171590969884, 25.54994433690652 ], [ 82.976147130624426, 25.550436340233752 ], [ 82.976068288496208, 25.551433901196656 ], [ 82.976257811799925, 25.551912138220072 ], [ 82.976342369836587, 25.552265600650951 ], [ 82.97661732037156, 25.553414918991628 ], [ 82.97672217352347, 25.553830068158014 ], [ 82.97702095704328, 25.555941195202568 ], [ 82.977102283467275, 25.556194851641692 ], [ 82.977575241334009, 25.556618729476032 ], [ 82.977868974373166, 25.556713339716609 ], [ 82.978441157217972, 25.556694817435837 ], [ 82.979056470135703, 25.556687538519217 ], [ 82.979520779328922, 25.556644468114214 ], [ 82.979993411318006, 25.556616988528294 ], [ 82.980923848109441, 25.556544084422413 ], [ 82.981883956191368, 25.556403502165175 ], [ 82.982620188339581, 25.556231408569058 ], [ 82.983136352814014, 25.556061392331948 ], [ 82.983828994260705, 25.555851408067511 ], [ 82.984264837059754, 25.555750016628078 ], [ 82.984877767800768, 25.555730254875979 ], [ 82.98548077305982, 25.555768937817614 ], [ 82.985978486050456, 25.555876914302786 ], [ 82.986481101922323, 25.555993830213698 ], [ 82.986954064215311, 25.556223690888764 ], [ 82.987521505330889, 25.5564624984201 ], [ 82.987894696854241, 25.556558586841923 ], [ 82.988417247907776, 25.556601667146371 ], [ 82.988988811140828, 25.55664112475316 ], [ 82.989546762151832, 25.556632390797294 ], [ 82.99006903553439, 25.556519150861519 ], [ 82.990869349318103, 25.556208324432113 ], [ 82.991302681220546, 25.556139071103388 ], [ 82.99199593349428, 25.555925703561783 ], [ 82.992347669766843, 25.555818254181744 ], [ 82.992831309459703, 25.555662087748175 ], [ 82.993715000885075, 25.55537880719875 ], [ 82.996167082715701, 25.554474083970856 ], [ 82.996758975252007, 25.554279578481353 ], [ 82.997511358004076, 25.553971291219021 ], [ 82.99811047943966, 25.553659331716833 ], [ 82.998906789984829, 25.553617655677527 ], [ 82.9994428364367, 25.553528412513057 ], [ 82.999418362689596, 25.553116626240172 ], [ 82.999380581059683, 25.552618579168016 ], [ 82.999063406555948, 25.551417772312316 ], [ 82.999183245588227, 25.55059213359306 ], [ 82.999597303384562, 25.549942330294897 ], [ 83.00053763134062, 25.549943122101638 ], [ 83.001329887039915, 25.549694977815761 ], [ 83.002157526826323, 25.549435750438786 ], [ 83.003484497428701, 25.54851481088097 ], [ 83.004394479776934, 25.548277260974512 ], [ 83.006598506101824, 25.547996225869188 ], [ 83.007294332652876, 25.548120139245217 ], [ 83.007882888287483, 25.548224947261371 ], [ 83.009996795308709, 25.548867548464994 ], [ 83.010358170433463, 25.549281889243971 ], [ 83.010492806154488, 25.550551457553887 ], [ 83.010611279205193, 25.551540060320878 ], [ 83.010491190217877, 25.552248583621086 ], [ 83.010152472890567, 25.552622882528084 ], [ 83.01003227682466, 25.553516515557831 ], [ 83.010136297300235, 25.553994981391192 ], [ 83.00976813230892, 25.553981138734667 ], [ 83.008180391314511, 25.554571191127739 ], [ 83.00763527778517, 25.554893824492911 ], [ 83.00714478112485, 25.555184132660887 ], [ 83.005557205081146, 25.555571005646769 ], [ 83.005054744786619, 25.555448709068362 ], [ 83.004731761493176, 25.554992595823879 ], [ 83.003936118666786, 25.55465795846078 ], [ 83.003531836762164, 25.554529434426811 ], [ 83.003168131626794, 25.554423349030824 ], [ 83.002409360905204, 25.554095100535189 ], [ 83.001389816382272, 25.553701118214704 ], [ 83.00144867896519, 25.554258711957942 ], [ 83.00173593875175, 25.555649159495132 ], [ 83.001765228209806, 25.55611407791411 ], [ 83.002060474633538, 25.556501059131659 ], [ 83.003416887176542, 25.556453916864012 ], [ 83.004093203812204, 25.556761331759063 ], [ 83.004430997748941, 25.557312329301663 ], [ 83.005003158217477, 25.557339842526325 ], [ 83.005510610422959, 25.557403469601248 ], [ 83.005948338853784, 25.557588839052926 ], [ 83.006286117790523, 25.558108180643845 ], [ 83.006997260783223, 25.558510449585739 ], [ 83.008738391680495, 25.559150382919597 ], [ 83.009663060259044, 25.559731181533877 ], [ 83.009796467896336, 25.560805481832251 ], [ 83.009860379611141, 25.561541267220168 ], [ 83.010366942403891, 25.562647433238627 ], [ 83.010605065818268, 25.563351675374012 ], [ 83.010266272651094, 25.563870487751323 ], [ 83.010096480869819, 25.5645158111681 ], [ 83.010041534230638, 25.56604150085327 ], [ 83.009835775356848, 25.566985755745627 ], [ 83.010340122732131, 25.567753778861839 ], [ 83.011102383963006, 25.568926183149017 ], [ 83.011269722540462, 25.569174888720482 ], [ 83.011743491564005, 25.569878955720238 ], [ 83.012623169645579, 25.57107572108881 ], [ 83.012960814989952, 25.571811713139766 ], [ 83.0133980476906, 25.572446482028703 ], [ 83.014715121594847, 25.574358579970944 ], [ 83.015012888255285, 25.574672983964664 ], [ 83.016400524132834, 25.576138138903705 ], [ 83.017632617528164, 25.57673203177708 ], [ 83.018116665956072, 25.576965344657221 ], [ 83.018526731361703, 25.577077773117637 ], [ 83.019805487537241, 25.577428361265877 ], [ 83.02024606359538, 25.577549151778204 ], [ 83.020831750468716, 25.577502528053994 ], [ 83.021306049678643, 25.577464773411901 ], [ 83.021662038448639, 25.577436431313089 ], [ 83.022887802483879, 25.57694700802125 ], [ 83.024268110347307, 25.576355822490491 ], [ 83.027350900907123, 25.574054597379725 ], [ 83.029636471632827, 25.571566149152904 ], [ 83.030053367082758, 25.570327287472178 ], [ 83.030215035284826, 25.569846902122485 ], [ 83.030780130921784, 25.565902416048761 ], [ 83.031832150452544, 25.563605802383698 ], [ 83.032159805613986, 25.563023746619692 ], [ 83.032579512576277, 25.562351602015692 ], [ 83.034740509143091, 25.560330902896553 ], [ 83.036524188055381, 25.5584488338081 ], [ 83.037006248250989, 25.557940150006111 ], [ 83.038481767948255, 25.555493478833007 ], [ 83.039298376136841, 25.553328778607444 ], [ 83.039503315460649, 25.551979383996287 ], [ 83.039585398509303, 25.550638784479379 ], [ 83.039677211286076, 25.549139265280999 ], [ 83.039739864509627, 25.548115980820981 ], [ 83.040016879470429, 25.54324162373188 ], [ 83.040127606239849, 25.542962264146961 ], [ 83.040624972834607, 25.541707407087554 ], [ 83.042014005791728, 25.541049484160116 ], [ 83.04304154920689, 25.540596529395625 ], [ 83.043586418002803, 25.540602761541638 ], [ 83.044779840792273, 25.540667102466369 ], [ 83.046525650390862, 25.541155497213222 ], [ 83.048549981929057, 25.541919348826411 ], [ 83.050778165447142, 25.542963053454251 ], [ 83.052055908727993, 25.544224161290728 ], [ 83.052468888285716, 25.544408219159916 ], [ 83.053174766636872, 25.545451174503601 ], [ 83.054089364029664, 25.54685985585273 ], [ 83.055267119325379, 25.549284085772115 ], [ 83.056548839453541, 25.552561482381165 ], [ 83.057160204151828, 25.55382100974666 ], [ 83.057537565879471, 25.554414008708683 ], [ 83.058810799806253, 25.555997214609278 ], [ 83.060163608351658, 25.557008843886845 ], [ 83.061004298767159, 25.557469543542993 ], [ 83.061750685173905, 25.55753309094781 ], [ 83.062830343319945, 25.557565187390523 ], [ 83.063740954556451, 25.55747072850134 ], [ 83.064855685029059, 25.55707400166331 ], [ 83.065119336933705, 25.556901385602661 ], [ 83.066075133389589, 25.556275609930108 ], [ 83.066269302506925, 25.556083892148369 ], [ 83.067966726647001, 25.554407857853636 ], [ 83.0703744932935, 25.55119377925265 ], [ 83.073138967343539, 25.547485103348272 ], [ 83.073445915502148, 25.547005619304624 ], [ 83.074342625581082, 25.545569892664254 ], [ 83.075767715114083, 25.543573833792571 ], [ 83.076748706143221, 25.541367019780409 ], [ 83.077560674338656, 25.538681759567222 ], [ 83.077222884356587, 25.537758616791269 ], [ 83.076989188657819, 25.537119946538436 ], [ 83.076113327544817, 25.53615320704678 ], [ 83.075241702137234, 25.535656398221651 ], [ 83.074691507718796, 25.535368032750046 ], [ 83.074160792730638, 25.535293661829662 ], [ 83.072333661233628, 25.535037657880999 ], [ 83.068816565520009, 25.534819750260478 ], [ 83.067060530161442, 25.534760380655655 ], [ 83.065981307796491, 25.534267977109188 ], [ 83.065142289956512, 25.533295524876415 ], [ 83.064564541711874, 25.53211904661325 ], [ 83.06434709066022, 25.531188811048047 ], [ 83.064127766343532, 25.530250341069905 ], [ 83.064193248879363, 25.528657041306282 ], [ 83.064905270696855, 25.527186011908988 ], [ 83.06534873448949, 25.526756369708004 ], [ 83.065746415396831, 25.526247516756371 ], [ 83.066036378956767, 25.526034317926914 ], [ 83.067537868603225, 25.524930323286753 ], [ 83.069224623047702, 25.523766417426305 ], [ 83.070777246839441, 25.522480692774987 ], [ 83.072230148005488, 25.521465690374743 ], [ 83.073071207383464, 25.520283425420835 ], [ 83.073777336955487, 25.519351803207268 ], [ 83.074186125100496, 25.518812467858616 ], [ 83.075639128470698, 25.517341520755188 ], [ 83.077669236058171, 25.515378885272479 ], [ 83.078609957778284, 25.513641447963188 ], [ 83.079217402459378, 25.512016842525654 ], [ 83.079656011484943, 25.509624838016013 ], [ 83.079915074036961, 25.508582419431892 ], [ 83.080333451592068, 25.50689890806002 ], [ 83.080641013537601, 25.50620349226535 ], [ 83.081080052972752, 25.505211012109122 ], [ 83.08147943130308, 25.503908796662 ], [ 83.081822083723551, 25.502791782238486 ], [ 83.083483830422381, 25.500408422102709 ], [ 83.083384900186132, 25.498968681804275 ], [ 83.083414938753123, 25.498183234686341 ], [ 83.083549350422615, 25.497763567086889 ], [ 83.083683782064526, 25.497357337413629 ], [ 83.083803346108127, 25.496915044477216 ], [ 83.083833317263327, 25.496576525088837 ], [ 83.084012465796434, 25.496224546956142 ], [ 83.084281079565727, 25.49610277766827 ], [ 83.084683839666809, 25.49623827475089 ], [ 83.085101448261852, 25.496725871102687 ], [ 83.085349088510227, 25.496950775203537 ], [ 83.085593589614433, 25.497172827875886 ], [ 83.08610061631417, 25.497940239698604 ], [ 83.086548183406961, 25.498157055745104 ], [ 83.087249238562549, 25.498522810491682 ], [ 83.087577326378707, 25.498861385710516 ], [ 83.087875473915474, 25.499904073575006 ], [ 83.088203569847096, 25.50013434894862 ], [ 83.088785491482923, 25.500080326586961 ], [ 83.089317680607635, 25.500053366249766 ], [ 83.089799957744347, 25.500410020297249 ], [ 83.089187782462659, 25.502112470175895 ], [ 83.089297083392623, 25.50260895389113 ], [ 83.090018070652803, 25.502866422677403 ], [ 83.091191814864985, 25.503060764129412 ], [ 83.091778609801196, 25.503318131810111 ], [ 83.092713595742012, 25.503241596982956 ], [ 83.093409930389299, 25.503002561287385 ], [ 83.094518951010357, 25.503201392975527 ], [ 83.094777537353409, 25.503576029455655 ], [ 83.094717919610318, 25.503954068607545 ], [ 83.09456064965164, 25.505679296683915 ], [ 83.096510962548237, 25.505203888730556 ], [ 83.097627068608062, 25.504899081281227 ], [ 83.0988267820685, 25.504279517112717 ], [ 83.099512827769914, 25.504381679336877 ], [ 83.100566384196554, 25.504822882868709 ], [ 83.101953861302974, 25.505531667583487 ], [ 83.102540701610948, 25.505495635507099 ], [ 83.103471881859988, 25.505130802684207 ], [ 83.10389391366941, 25.503360935255401 ], [ 83.103959016177086, 25.501721991039947 ], [ 83.104421578166111, 25.500412715338481 ], [ 83.10466099002123, 25.499812511885665 ], [ 83.104978041801033, 25.499017664867569 ], [ 83.105484227663396, 25.49774862750818 ], [ 83.105600145397403, 25.497458013911036 ], [ 83.106441336332892, 25.496562983386113 ], [ 83.107403127986373, 25.495465787547548 ], [ 83.108316453718416, 25.49442387594214 ], [ 83.109002814533824, 25.494098989035422 ], [ 83.109919430452507, 25.494066452219624 ], [ 83.110166455628274, 25.49418035345245 ], [ 83.111628561758963, 25.494640865351229 ], [ 83.112488817586893, 25.495263742822658 ], [ 83.113533120887638, 25.496076239795642 ], [ 83.114212048675824, 25.496757380164258 ], [ 83.114666908532811, 25.497213726804784 ], [ 83.116069210013649, 25.499240456533467 ], [ 83.116785241065628, 25.500413917124 ], [ 83.11739692186562, 25.501647103921016 ], [ 83.117461452238601, 25.503195146237893 ], [ 83.117470197077964, 25.50349872920237 ], [ 83.117491228748705, 25.504228844952234 ], [ 83.116585973184769, 25.50595294032329 ], [ 83.11609806081394, 25.506364225114012 ], [ 83.115745404440375, 25.506661496220261 ], [ 83.11381562013797, 25.50705858316179 ], [ 83.112343452354636, 25.50714762571976 ], [ 83.110314119221457, 25.507270367696027 ], [ 83.109524280208504, 25.507390404991614 ], [ 83.106663432898486, 25.507825189947621 ], [ 83.102813510513428, 25.509706787738363 ], [ 83.099952989444546, 25.512585884803698 ], [ 83.09860979949363, 25.514070619094262 ], [ 83.097690534714729, 25.515958506239226 ], [ 83.09697264089543, 25.51743279500861 ], [ 83.0965073669513, 25.520168730462363 ], [ 83.096737790935521, 25.521883094223231 ], [ 83.098259311037296, 25.524853248273018 ], [ 83.100223576822401, 25.526209182093965 ], [ 83.100523455954885, 25.526400663793705 ], [ 83.101198786617218, 25.526862197499412 ], [ 83.102601460575841, 25.527367979169671 ], [ 83.105461954768685, 25.527341242592826 ], [ 83.106392923312342, 25.527301192340516 ], [ 83.108480034272276, 25.527211427813608 ], [ 83.109056397246761, 25.526507720154143 ], [ 83.109517536022366, 25.526088790742094 ], [ 83.110424197682917, 25.52534436171528 ], [ 83.111053276033331, 25.524827845677077 ], [ 83.112720866752511, 25.52343883395498 ], [ 83.113849020629317, 25.522499136544301 ], [ 83.114121082484615, 25.522249169200148 ], [ 83.11541600600232, 25.521059394163185 ], [ 83.116999642442323, 25.519294667012112 ], [ 83.118265762661579, 25.518189559095845 ], [ 83.118800605159748, 25.517758004196761 ], [ 83.119114364571701, 25.517504895409509 ], [ 83.120106881802343, 25.516704148748641 ], [ 83.120596115337818, 25.516369861460667 ], [ 83.121737662764716, 25.515589849441632 ], [ 83.122364902883533, 25.514999122055816 ], [ 83.124598423674641, 25.512894903282277 ], [ 83.125837357553081, 25.511803443727185 ], [ 83.128241225885574, 25.509685689563771 ], [ 83.130345263074162, 25.507832049636178 ], [ 83.130551767600778, 25.507650118444939 ], [ 83.131780308152756, 25.507067773428176 ], [ 83.132929716257891, 25.506836169252082 ], [ 83.136495280377105, 25.507067469591835 ], [ 83.138220920529463, 25.507067353671957 ], [ 83.138628897001368, 25.507067325574692 ], [ 83.140488906362521, 25.506277262936173 ], [ 83.140782404057234, 25.506253129066174 ], [ 83.141720813309178, 25.506071200777381 ], [ 83.143731654154976, 25.506010574066039 ], [ 83.14474891119454, 25.506029666560867 ], [ 83.146058762107884, 25.506054292326127 ], [ 83.147785087660623, 25.506086746253878 ], [ 83.148342416946477, 25.506129775369317 ], [ 83.151226875330238, 25.506352438340137 ], [ 83.155136081731541, 25.506428404700539 ], [ 83.157323637195447, 25.506407226540137 ], [ 83.157995908933557, 25.506400713059485 ], [ 83.162644491109305, 25.506361682070843 ], [ 83.164702140886988, 25.506369205831447 ], [ 83.166053292070401, 25.507007930452282 ], [ 83.166528054351033, 25.508122758035054 ], [ 83.166556679506286, 25.510298030995802 ], [ 83.165668926732181, 25.511659739175858 ], [ 83.16436725482292, 25.513037155228186 ], [ 83.163036134753497, 25.51352640987793 ], [ 83.160198703385603, 25.514569309158016 ], [ 83.159088440209942, 25.514977384417794 ], [ 83.158386021592534, 25.515138692751137 ], [ 83.15588028971051, 25.515707716814916 ], [ 83.155115812376408, 25.516263727256845 ], [ 83.153651686774111, 25.517369399416985 ], [ 83.153447942726771, 25.518578988989734 ], [ 83.153681983890223, 25.519400422673659 ], [ 83.154264104017003, 25.519959958241216 ], [ 83.155259129213036, 25.520618710694226 ], [ 83.157309483963445, 25.52126105091612 ], [ 83.160279674872029, 25.522190095717118 ], [ 83.162258428663719, 25.522787987092002 ], [ 83.16394985664661, 25.523396870465376 ], [ 83.16593482959604, 25.524109480120451 ], [ 83.168506688666341, 25.524402123862739 ], [ 83.170133552037498, 25.524106375779404 ], [ 83.170545990380617, 25.524031398920158 ], [ 83.17167351049072, 25.523531619025533 ], [ 83.172175549373065, 25.523397623297704 ], [ 83.172560289952315, 25.523317625852332 ], [ 83.172824176285346, 25.52398094661779 ], [ 83.172675346548061, 25.525145503738752 ], [ 83.173083907933545, 25.526707007057961 ], [ 83.173233517940972, 25.527555523289834 ], [ 83.172871655038719, 25.527949205603512 ], [ 83.172766121765292, 25.528246167956649 ], [ 83.173492989661028, 25.529464640629033 ], [ 83.173935865368605, 25.529861620952182 ], [ 83.174811062118792, 25.529012885965056 ], [ 83.177173254388663, 25.527369113159871 ], [ 83.176969134664802, 25.526944882166145 ], [ 83.176118037146765, 25.525930347751398 ], [ 83.175236233113267, 25.524879182347661 ], [ 83.174454449315377, 25.523944914933253 ], [ 83.174327721229545, 25.523571079635264 ], [ 83.174974695451468, 25.523243054628225 ], [ 83.175368685675011, 25.523068255434421 ], [ 83.177230625745494, 25.522070246577655 ], [ 83.177982819172087, 25.521661878686462 ], [ 83.177815225936513, 25.520842563928646 ], [ 83.177373435725286, 25.518951444273302 ], [ 83.177114496992786, 25.518292584255942 ], [ 83.17654716900887, 25.516774202151744 ], [ 83.176372574623755, 25.51630691618632 ], [ 83.175356590846022, 25.513256181825742 ], [ 83.174046904605731, 25.509523993745209 ], [ 83.173685422628296, 25.508533606149843 ], [ 83.172518341812108, 25.505335991660477 ], [ 83.171509050354672, 25.502403876099187 ], [ 83.171093618029175, 25.501196947638515 ], [ 83.17082047748454, 25.500403406480999 ], [ 83.169646369010181, 25.499351014254483 ], [ 83.169203520067342, 25.498647097021266 ], [ 83.168842084748377, 25.497402513200154 ], [ 83.16875527452973, 25.49710358493676 ], [ 83.16819210076747, 25.495587740831638 ], [ 83.16779955667063, 25.494531143305128 ], [ 83.167232208545002, 25.493312700035116 ], [ 83.166416517391937, 25.491911133464985 ], [ 83.166097650016425, 25.491363233012876 ], [ 83.165683627319808, 25.490722641409629 ], [ 83.165082655269003, 25.489792785936835 ], [ 83.164838342795875, 25.489546933975195 ], [ 83.163924413106415, 25.488678714144871 ], [ 83.16303327990768, 25.488186512267131 ], [ 83.162218566123215, 25.487730564558696 ], [ 83.160582543773742, 25.486814937259695 ], [ 83.158293398911397, 25.485533769193321 ], [ 83.157802256221572, 25.485280375341791 ], [ 83.156857466649768, 25.484792918244789 ], [ 83.154831549254666, 25.483747656202418 ], [ 83.154568386171661, 25.483611872447174 ], [ 83.150630328429827, 25.481110226723999 ], [ 83.149383332233114, 25.480304528098237 ], [ 83.14723144469086, 25.478914110052674 ], [ 83.145966615270027, 25.47819218246212 ], [ 83.141320055215033, 25.474537320430578 ], [ 83.140837805245425, 25.474036159541164 ], [ 83.136968805776164, 25.470015265564619 ], [ 83.136502549378633, 25.46936360494951 ], [ 83.135994927856103, 25.468654108375876 ], [ 83.134104617898359, 25.466011991673557 ], [ 83.132962564919268, 25.464365498208736 ], [ 83.130263313176357, 25.460473905514846 ], [ 83.12961390182906, 25.459537611956012 ], [ 83.129346257305201, 25.459151730756069 ], [ 83.12767822734169, 25.456010368889952 ], [ 83.127347495687161, 25.455387488861966 ], [ 83.126737218787028, 25.454042578772608 ], [ 83.126343734584083, 25.453175424339701 ], [ 83.126010131774237, 25.452440228824024 ], [ 83.125713733800282, 25.451405758966295 ], [ 83.125532925102931, 25.450774710460969 ], [ 83.125234665729494, 25.450124826263433 ], [ 83.125322589797463, 25.448673341472084 ], [ 83.125174918700793, 25.44695624779385 ], [ 83.125503026679624, 25.445886578260936 ], [ 83.125711722785738, 25.445290824408378 ], [ 83.127232857686636, 25.443313830144159 ], [ 83.129817688103415, 25.440587570313316 ], [ 83.130711458830845, 25.439850567521987 ], [ 83.130379237284941, 25.439730881451283 ], [ 83.129348693345634, 25.439290256718557 ], [ 83.128319557260824, 25.43916071886342 ], [ 83.127682825272913, 25.439163055881952 ], [ 83.126752038520138, 25.439122032496186 ], [ 83.125525605938407, 25.438682087274426 ], [ 83.12410426081756, 25.438465074754379 ], [ 83.123565681160429, 25.438511483671103 ], [ 83.122978735812495, 25.438691372835802 ], [ 83.12248912270023, 25.438737602381433 ], [ 83.121938645729259, 25.43866161312862 ], [ 83.120835461146939, 25.438529150651515 ], [ 83.120431246746875, 25.438567292059364 ], [ 83.119893071313584, 25.438702573823658 ], [ 83.119403489514539, 25.438748794820835 ], [ 83.118766191151224, 25.438617766977703 ], [ 83.117982153115463, 25.438531729931615 ], [ 83.117248037362657, 25.438667680578217 ], [ 83.11661231185218, 25.438892187191374 ], [ 83.116025905594441, 25.43920539513201 ], [ 83.115585095038, 25.439206981240563 ], [ 83.115242236740926, 25.439208213923362 ], [ 83.114604762792069, 25.43903273772127 ], [ 83.113918677785307, 25.438946315429138 ], [ 83.113257365558695, 25.438926468752509 ], [ 83.112962703835819, 25.438749743733098 ], [ 83.112519387348925, 25.438173598488032 ], [ 83.112264678033469, 25.43775898052408 ], [ 83.111929155334508, 25.437597975042173 ], [ 83.110997421231644, 25.437334652320086 ], [ 83.110508234635404, 25.437469722814086 ], [ 83.109971005296202, 25.437827178903603 ], [ 83.109679612794153, 25.438405948739874 ], [ 83.109436835657192, 25.438895662670163 ], [ 83.109081513865064, 25.439174023965947 ], [ 83.108605174697416, 25.439120835569238 ], [ 83.107229377259941, 25.438103559078307 ], [ 83.106835435779317, 25.437616104473364 ], [ 83.106736354298633, 25.437349806864546 ], [ 83.106585583585471, 25.436461523506619 ], [ 83.106535088952256, 25.436106168150847 ], [ 83.106338217388483, 25.435884664114607 ], [ 83.105994230799411, 25.435619225342947 ], [ 83.105553231496188, 25.43557634288123 ], [ 83.105259381977817, 25.435577382730063 ], [ 83.104867168212607, 25.435489885057109 ], [ 83.104572556773462, 25.435313158789135 ], [ 83.104424275364906, 25.435002598136361 ], [ 83.104519957627701, 25.434468959526242 ], [ 83.104763315681083, 25.434112564737369 ], [ 83.104859930908674, 25.433801138689848 ], [ 83.104809338630375, 25.433423558543716 ], [ 83.104424744314258, 25.432962453051609 ], [ 83.104121106363252, 25.43282602676334 ], [ 83.103704617061652, 25.432783062088088 ], [ 83.103142336689089, 25.433007246318898 ], [ 83.102898596625195, 25.433274768233822 ], [ 83.102649832144905, 25.43354136285641 ], [ 83.102705908206332, 25.434030936533109 ], [ 83.102708186049597, 25.434564244253593 ], [ 83.102956293803629, 25.435318858131485 ], [ 83.103107040399678, 25.436207162120873 ], [ 83.102814675235734, 25.436563723776224 ], [ 83.102276490419356, 25.436698936294373 ], [ 83.101542213195913, 25.436790401301586 ], [ 83.100759503113366, 25.43701536480339 ], [ 83.099733116011009, 25.437679299165872 ], [ 83.099196937198613, 25.438131859647857 ], [ 83.098219425220577, 25.438624142228083 ], [ 83.097484947234406, 25.438671156907091 ], [ 83.096799249531799, 25.438673547645749 ], [ 83.096015786959924, 25.438720696340997 ], [ 83.095546589725586, 25.438807540228996 ], [ 83.094912846853418, 25.438776316142814 ], [ 83.094007098843989, 25.438594375920921 ], [ 83.093393841275955, 25.438352068420944 ], [ 83.093065895801573, 25.438210189218541 ], [ 83.092068991977257, 25.437778892482996 ], [ 83.091436657047893, 25.43766039900958 ], [ 83.091137666777783, 25.43760435961126 ], [ 83.089325660915051, 25.437655056763031 ], [ 83.08898319273132, 25.437745103309794 ], [ 83.088640708230216, 25.437835165060601 ], [ 83.087958531177378, 25.438681890191901 ], [ 83.087715862411869, 25.439216022081489 ], [ 83.087423653600538, 25.439617005852405 ], [ 83.087032749885353, 25.439840546128426 ], [ 83.086445350884063, 25.439931441987856 ], [ 83.086019922434843, 25.439941865569686 ], [ 83.08433947046511, 25.439983075820393 ], [ 83.082017787447654, 25.440292100015583 ], [ 83.081598115849062, 25.440347956589374 ], [ 83.079981960529125, 25.440397874473092 ], [ 83.078171767706493, 25.440892843136179 ], [ 83.077291769864246, 25.44129577700588 ], [ 83.076948905812145, 25.441296933356337 ], [ 83.076454672257981, 25.441129971983408 ], [ 83.075914001174439, 25.439744992998961 ], [ 83.074579665859275, 25.43784033185937 ], [ 83.074140265342791, 25.437173341920985 ], [ 83.073697292100718, 25.436641541532417 ], [ 83.073156930545991, 25.436243384989691 ], [ 83.072642014461479, 25.436089558732341 ], [ 83.072004968253125, 25.436002805411107 ], [ 83.071563626040358, 25.435870946556953 ], [ 83.070986969993228, 25.435584009591544 ], [ 83.070681485855133, 25.435740556026566 ], [ 83.070535646067512, 25.436007706708772 ], [ 83.070023344751448, 25.436498257562008 ], [ 83.069607554308561, 25.436632966600268 ], [ 83.06897014909994, 25.436457318450813 ], [ 83.068578134879431, 25.436414186899828 ], [ 83.067794504083793, 25.436550582201196 ], [ 83.067551560626399, 25.436906458025373 ], [ 83.06755352593548, 25.437395301843548 ], [ 83.067410894410628, 25.438462357054735 ], [ 83.06760878100674, 25.438950563309824 ], [ 83.067855457991655, 25.4393941459101 ], [ 83.068003451954723, 25.439660317578621 ], [ 83.068000422652332, 25.440080124021904 ], [ 83.06785974850483, 25.440460709598682 ], [ 83.067418933382783, 25.440462172675755 ], [ 83.066488156369857, 25.440420820974754 ], [ 83.064676104203414, 25.440471242094482 ], [ 83.063647889331591, 25.440563512653213 ], [ 83.062277712219228, 25.440879113751521 ], [ 83.060615769595699, 25.44172894290158 ], [ 83.059980435692964, 25.442086551762355 ], [ 83.059441853623269, 25.4421327612318 ], [ 83.058462240891984, 25.442135959615239 ], [ 83.056747258490049, 25.44196376510407 ], [ 83.055816124930033, 25.441833473715178 ], [ 83.055178156483706, 25.441524461567855 ], [ 83.053636778658799, 25.43998162171577 ], [ 83.053367129727221, 25.439711696794468 ], [ 83.052965389662759, 25.439309569719914 ], [ 83.052644665418356, 25.438710642485898 ], [ 83.052592565669812, 25.437910862367815 ], [ 83.052539249796823, 25.436800016487201 ], [ 83.052826489013739, 25.435110323867658 ], [ 83.053008086621134, 25.434462336082273 ], [ 83.053599330756654, 25.432352451809489 ], [ 83.053596716387503, 25.431685839352323 ], [ 83.0533985411614, 25.431108741646277 ], [ 83.053101564736068, 25.430309746667671 ], [ 83.052183754712388, 25.42893173318582 ], [ 83.051722780354126, 25.428403195597376 ], [ 83.051378906329873, 25.428137651608647 ], [ 83.050790352274305, 25.427917328070894 ], [ 83.05020176852409, 25.427697032354001 ], [ 83.04936902420485, 25.427655257459975 ], [ 83.048976899628812, 25.427567630483956 ], [ 83.048584570930231, 25.427435555256714 ], [ 83.048387112306784, 25.427036231267273 ], [ 83.047109465002251, 25.425929257857462 ], [ 83.046716658826213, 25.425663872954832 ], [ 83.046373848685406, 25.425664967039214 ], [ 83.046080158301464, 25.425710339756805 ], [ 83.045689415315579, 25.425978224291786 ], [ 83.045297951779929, 25.426068355423258 ], [ 83.044931072148529, 25.426180640136248 ], [ 83.044097466435375, 25.425916625245957 ], [ 83.042281495141381, 25.42490023859445 ], [ 83.041937664311916, 25.424634672870926 ], [ 83.041789377495675, 25.424279604350108 ], [ 83.041837317356595, 25.424012798717044 ], [ 83.042080507750981, 25.42356761944782 ], [ 83.042079141700953, 25.423212069601647 ], [ 83.041931181858743, 25.422945899998453 ], [ 83.04139147250325, 25.422680951962466 ], [ 83.04070534172223, 25.422549785930016 ], [ 83.040117984614213, 25.422640526733744 ], [ 83.039077814725076, 25.42331971473682 ], [ 83.038750134462106, 25.423533683036741 ], [ 83.037675264012805, 25.424203690914148 ], [ 83.037284307630031, 25.424427120966694 ], [ 83.036696805824903, 25.42447340006585 ], [ 83.035814767699961, 25.424342856726273 ], [ 83.034343196092493, 25.423725251902265 ], [ 83.033445145821219, 25.423385410425315 ], [ 83.033142027791811, 25.423373464251139 ], [ 83.032875207225871, 25.424040930250907 ], [ 83.032729930114257, 25.424485792021134 ], [ 83.032486406600114, 25.424842102118713 ], [ 83.032144101634444, 25.424976486527097 ], [ 83.031311897445178, 25.42506794073406 ], [ 83.03033106713508, 25.424715457302291 ], [ 83.029693898377047, 25.424584096353378 ], [ 83.029351091095194, 25.424585157426925 ], [ 83.028911174088421, 25.424808735065088 ], [ 83.028373795912216, 25.425165933688042 ], [ 83.027786770118922, 25.425345513055973 ], [ 83.026317557520997, 25.425350037304536 ], [ 83.025043074061443, 25.425042861098042 ], [ 83.024700662894475, 25.425154998025508 ], [ 83.02440772572389, 25.425400331367769 ], [ 83.024507831217903, 25.425977766381369 ], [ 83.024878014576203, 25.426754374637742 ], [ 83.02529524697384, 25.42754917283311 ], [ 83.025716539173231, 25.428351716905158 ], [ 83.026111996136606, 25.429328211845963 ], [ 83.02606581403019, 25.430083860299266 ], [ 83.02592221366028, 25.430973138780306 ], [ 83.026270172887592, 25.432349760507499 ], [ 83.02676589939432, 25.433948124694133 ], [ 83.026767557673494, 25.434392536565579 ], [ 83.026623128725802, 25.435059598016128 ], [ 83.025408548101225, 25.436027591425148 ], [ 83.024962675817065, 25.436353497268001 ], [ 83.024277813160282, 25.436577797598471 ], [ 83.023837339189271, 25.436668029461657 ], [ 83.022514302431205, 25.436494305623121 ], [ 83.022171448990321, 25.436495351102423 ], [ 83.021535549214008, 25.436719506516614 ], [ 83.020216084894571, 25.437523450962669 ], [ 83.019727128807901, 25.43774715166159 ], [ 83.019384943793483, 25.437925941582211 ], [ 83.019090728420309, 25.437837952160823 ], [ 83.018739710861823, 25.437609659385416 ], [ 83.018852777864822, 25.438031806790558 ], [ 83.01939677048928, 25.439452282427332 ], [ 83.020290518615852, 25.442738196842299 ], [ 83.021092731471839, 25.447757561828272 ], [ 83.021152522604439, 25.44803073958257 ], [ 83.02139682086198, 25.449146752644712 ], [ 83.021491314085665, 25.449578415714747 ], [ 83.021541944597161, 25.450022669556382 ], [ 83.021542930976651, 25.450289312000727 ], [ 83.021445954224532, 25.45055625114729 ], [ 83.021177608814327, 25.450845929024862 ], [ 83.020884202068416, 25.450980137418817 ], [ 83.020541569152911, 25.451047844441117 ], [ 83.020100809958208, 25.451071400200288 ], [ 83.018973548048933, 25.450897057765236 ], [ 83.018532372352539, 25.450809512166888 ], [ 83.018238654350441, 25.450854850079033 ], [ 83.018043530896932, 25.451077636464461 ], [ 83.017947038569318, 25.451477887478699 ], [ 83.017752240844203, 25.451789568866417 ], [ 83.017508143165443, 25.452012503283555 ], [ 83.017214404788021, 25.452057838640361 ], [ 83.016822379448641, 25.452014574510958 ], [ 83.016430353708103, 25.451971324131573 ], [ 83.015842550331527, 25.451973095690764 ], [ 83.015156949154729, 25.452019593017301 ], [ 83.014667772315775, 25.452198825765574 ], [ 83.014130722504959, 25.452689279930851 ], [ 83.013936579226041, 25.453178716386919 ], [ 83.013743063967951, 25.453845898438196 ], [ 83.013697810174833, 25.454868157871331 ], [ 83.01404684204239, 25.456555834217998 ], [ 83.013958639028459, 25.456921650855648 ], [ 83.01365739185546, 25.457223600532426 ], [ 83.012972411180726, 25.457447863641249 ] ] ] } },
{ "type": "Feature", "properties": { "block_name": "Harahua" }, "geometry": { "type": "Polygon", "coordinates": [ [ [ 82.898907452669093, 25.362376962478383 ], [ 82.898050964180925, 25.362445615855286 ], [ 82.897708682780575, 25.3625797405677 ], [ 82.897073542370975, 25.363025689194632 ], [ 82.896401945965749, 25.363614985835941 ], [ 82.895803888683389, 25.36413975102651 ], [ 82.894239004720035, 25.364721148027005 ], [ 82.892966857647153, 25.36494631142978 ], [ 82.891059983112541, 25.365132503399305 ], [ 82.891059516974423, 25.365617355782131 ], [ 82.891158421194376, 25.365972695349743 ], [ 82.89125780069071, 25.366505813638149 ], [ 82.891160759894305, 25.36681714679489 ], [ 82.890476267199034, 25.367129836193499 ], [ 82.889546760864889, 25.367354175259212 ], [ 82.888617251272862, 25.367578508725831 ], [ 82.887688097945357, 25.368069857681718 ], [ 82.886174763786087, 25.369495181365558 ], [ 82.885833303387273, 25.369940390906553 ], [ 82.885417914778316, 25.370208013461085 ], [ 82.885050256113516, 25.370031044286641 ], [ 82.884901833107605, 25.369453596337593 ], [ 82.884800520713682, 25.368209370234375 ], [ 82.884187091597255, 25.367655185615895 ], [ 82.883722219311437, 25.367722899342009 ], [ 82.883526999336212, 25.367945556240482 ], [ 82.883088458156777, 25.368702103100038 ], [ 82.881576995201328, 25.370972184512034 ], [ 82.881334606280589, 25.371861629317777 ], [ 82.881238755434808, 25.372617387420775 ], [ 82.881362387244053, 25.373083796646831 ], [ 82.881731188303291, 25.373682971695828 ], [ 82.881737568513088, 25.374329675627834 ], [ 82.881514185896236, 25.374905683252706 ], [ 82.880391056105708, 25.375974847134302 ], [ 82.879804763446515, 25.37642061471383 ], [ 82.878924244441308, 25.376689222520266 ], [ 82.877602628640375, 25.376781034621992 ], [ 82.876010875148154, 25.376540096001779 ], [ 82.875838651099301, 25.376207141045068 ], [ 82.875983613167165, 25.375495703193518 ], [ 82.876128591172929, 25.3747842793281 ], [ 82.876077988333265, 25.374162160984095 ], [ 82.875832264383547, 25.373807153791272 ], [ 82.874606239328926, 25.373009830544969 ], [ 82.87426693514071, 25.372767180763997 ], [ 82.872251886667158, 25.371326053031105 ], [ 82.87179365185203, 25.371142345290099 ], [ 82.871369749118713, 25.370972423625165 ], [ 82.87043937151752, 25.370885533402362 ], [ 82.869656675186448, 25.37110945948163 ], [ 82.869314793433787, 25.371421307439853 ], [ 82.869267243734342, 25.371954752740287 ], [ 82.8691241093439, 25.373377291690428 ], [ 82.8689296708679, 25.37391105053009 ], [ 82.868440779929131, 25.374178775500919 ], [ 82.8680980940631, 25.37417951183237 ], [ 82.865942277661532, 25.373517468407869 ], [ 82.865599593572284, 25.373518200138914 ], [ 82.86491547104481, 25.374008547653666 ], [ 82.863889099475784, 25.374677402583401 ], [ 82.862715179510474, 25.375079908616911 ], [ 82.862298876209366, 25.375014119242362 ], [ 82.861979148268063, 25.374414798874792 ], [ 82.861781266063943, 25.373615206400206 ], [ 82.861437996526504, 25.373393698421793 ], [ 82.861046221199743, 25.373350073721078 ], [ 82.860068473490855, 25.373885475029017 ], [ 82.858769727997924, 25.374523878169612 ], [ 82.858161551042258, 25.374822828204092 ], [ 82.857282574322568, 25.375713565956943 ], [ 82.856990757846603, 25.376469732294424 ], [ 82.857188696268409, 25.377313748998652 ], [ 82.857581606661483, 25.37780183019397 ], [ 82.85804572154656, 25.378221233451526 ], [ 82.85910132562779, 25.378598638491891 ], [ 82.860521563267824, 25.378773430637832 ], [ 82.860816090957215, 25.37908393186596 ], [ 82.860792810148453, 25.379550646520549 ], [ 82.860451585426432, 25.380129139355088 ], [ 82.860012542476056, 25.380752289358639 ], [ 82.859377411066802, 25.381286946821049 ], [ 82.857714645706409, 25.382001544150132 ], [ 82.857618291443643, 25.382623968739459 ], [ 82.857766465572738, 25.3831347681433 ], [ 82.857448850816624, 25.383379872487435 ], [ 82.856591277702535, 25.383070555865384 ], [ 82.856003632535078, 25.383027344683558 ], [ 82.855709889830933, 25.383027952683459 ], [ 82.855269923394985, 25.383295519735881 ], [ 82.85522164467929, 25.383562287715254 ], [ 82.855271264379297, 25.383828837409879 ], [ 82.855541381089907, 25.384161620479649 ], [ 82.855910214351425, 25.384805288259951 ], [ 82.855911222390617, 25.385205277794128 ], [ 82.855912455276084, 25.385694170733451 ], [ 82.855913463349808, 25.386094160988804 ], [ 82.856014163893164, 25.387205051449882 ], [ 82.856800452672047, 25.388358965456614 ], [ 82.858419924092132, 25.389822216542235 ], [ 82.858941162572137, 25.390198941053544 ], [ 82.859400938004995, 25.390531266287439 ], [ 82.85959771417761, 25.390886404991953 ], [ 82.859500796689758, 25.391286598134446 ], [ 82.859256666699281, 25.39155378946592 ], [ 82.85798410912885, 25.391734231528584 ], [ 82.857513191565246, 25.391626990340754 ], [ 82.855982215637894, 25.392574734371546 ], [ 82.855542218581405, 25.392842328351264 ], [ 82.855543114186844, 25.393197861747403 ], [ 82.855838478733148, 25.393819464864855 ], [ 82.856330456974021, 25.39475175498584 ], [ 82.856478230522981, 25.395107013110479 ], [ 82.857262783178342, 25.395549799494173 ], [ 82.857557355320338, 25.395860284408382 ], [ 82.857852363671498, 25.39634855654808 ], [ 82.858049352894483, 25.396792567105443 ], [ 82.858491162928075, 25.397236078825021 ], [ 82.858834259278211, 25.39736868388022 ], [ 82.859323895980651, 25.397367655277094 ], [ 82.859862163381194, 25.39723320083516 ], [ 82.860889966755693, 25.397053277632288 ], [ 82.86172234330661, 25.397051521175509 ], [ 82.862310733272054, 25.397361359411438 ], [ 82.86275229668118, 25.397715987892017 ], [ 82.862970264222838, 25.397948688340136 ], [ 82.863292406799701, 25.398292603609853 ], [ 82.863391262628184, 25.398647927635661 ], [ 82.863318902841115, 25.399070299479501 ], [ 82.86280539411112, 25.399315833273839 ], [ 82.862487116841052, 25.399316505844627 ], [ 82.861488530969794, 25.399387226409868 ], [ 82.861317766434027, 25.399632032692573 ], [ 82.861269608002843, 25.399943231251058 ], [ 82.861270403928415, 25.400254342216833 ], [ 82.861467408955093, 25.400698345653009 ], [ 82.861517616347712, 25.401187110822807 ], [ 82.861469651633413, 25.40168938705478 ], [ 82.86117769014254, 25.402298924361432 ], [ 82.860692027010302, 25.403855442557283 ], [ 82.860203615782297, 25.404345354951513 ], [ 82.859959772412523, 25.404745851941247 ], [ 82.859814245506485, 25.405279475387736 ], [ 82.859913307465646, 25.405723701192208 ], [ 82.860355377279504, 25.406256089516273 ], [ 82.861289053262141, 25.407542964153251 ], [ 82.861781116366927, 25.408475206891232 ], [ 82.861978477376525, 25.409052558367506 ], [ 82.862199748547525, 25.409407627213913 ], [ 82.862861400323723, 25.409628440119505 ], [ 82.863880101951708, 25.409648087854837 ], [ 82.864281364198263, 25.409580987813388 ], [ 82.864574832998585, 25.409447027435732 ], [ 82.864819213058297, 25.40926873372743 ], [ 82.865210055412973, 25.408912371466805 ], [ 82.865552611867955, 25.408822739964805 ], [ 82.865846522473163, 25.408866561862368 ], [ 82.866581168756028, 25.408909438935527 ], [ 82.867217982036678, 25.408996961568953 ], [ 82.867902959951493, 25.408773267530346 ], [ 82.869027260253389, 25.408015322174023 ], [ 82.869906595708528, 25.407213446831655 ], [ 82.870344627420621, 25.406190315567816 ], [ 82.871269746239193, 25.404188386927085 ], [ 82.871779484095001, 25.403511988567072 ], [ 82.872540053339463, 25.403118971401184 ], [ 82.872980754680825, 25.403118011052818 ], [ 82.873177214027706, 25.403339806860156 ], [ 82.873226875300404, 25.403606372764191 ], [ 82.874113105925062, 25.405426593234104 ], [ 82.874464949987399, 25.406379997831682 ], [ 82.874508479070059, 25.40680345974701 ], [ 82.874460952429331, 25.407336867249054 ], [ 82.873681455900268, 25.408849635659831 ], [ 82.873529874794386, 25.409785363825712 ], [ 82.873489455412141, 25.410316665669793 ], [ 82.873490865623936, 25.410849979798289 ], [ 82.87373713480541, 25.411382741541441 ], [ 82.874423898675374, 25.411825671138338 ], [ 82.874939438710129, 25.412335623813469 ], [ 82.875234895561206, 25.412957162030423 ], [ 82.87543326322708, 25.413890032546362 ], [ 82.875336744972842, 25.41442355746808 ], [ 82.875191604444836, 25.415090507182825 ], [ 82.875192785541856, 25.415534917847424 ], [ 82.875487541339623, 25.415889826763717 ], [ 82.875684258142925, 25.416200471952195 ], [ 82.875734756649052, 25.416778137640406 ], [ 82.875879726425936, 25.4175558228204 ], [ 82.876130683200529, 25.418332735463139 ], [ 82.876279596063767, 25.419087921621273 ], [ 82.876623356783938, 25.419442707181638 ], [ 82.876917918541707, 25.419708712998652 ], [ 82.87721378771424, 25.419708061023147 ], [ 82.877774018050417, 25.419603494487554 ], [ 82.87819022878854, 25.419350367732015 ], [ 82.878678510007759, 25.418815993374508 ], [ 82.879704518764868, 25.417924870474963 ], [ 82.880093432652714, 25.416857385972769 ], [ 82.880531660755494, 25.415923124231558 ], [ 82.880922705090384, 25.415655597464124 ], [ 82.881461260696838, 25.415609946728033 ], [ 82.882294003783898, 25.415696975353146 ], [ 82.882930392374362, 25.415606668500157 ], [ 82.883419488286876, 25.415383382605615 ], [ 82.883810299993343, 25.41502694982292 ], [ 82.883906890324184, 25.414537870178123 ], [ 82.884199626016255, 25.414137237702736 ], [ 82.884590536843973, 25.41382525036185 ], [ 82.885567755897313, 25.413023098668305 ], [ 82.885811385903168, 25.412578121032642 ], [ 82.886055136775823, 25.412177578319795 ], [ 82.886445446684036, 25.41164339826263 ], [ 82.886738640308749, 25.411420527292826 ], [ 82.88708094570417, 25.411241982046626 ], [ 82.887623076578066, 25.411158718330547 ], [ 82.888255724852272, 25.411061550872272 ], [ 82.889577622089035, 25.410969645445039 ], [ 82.890017978299213, 25.410835320237151 ], [ 82.890703052290263, 25.41065600168135 ], [ 82.891290471026537, 25.410565775131644 ], [ 82.891829341466789, 25.410653426558049 ], [ 82.893104782000862, 25.411450446035289 ], [ 82.893644540221501, 25.411849199714343 ], [ 82.893987574141676, 25.41193731098749 ], [ 82.894440075526944, 25.411769591877999 ], [ 82.894794261860696, 25.411468805949596 ], [ 82.894891092193774, 25.411068587813443 ], [ 82.895086229655249, 25.41080149580846 ], [ 82.895379282938904, 25.410534146210477 ], [ 82.895965652358214, 25.410088375721628 ], [ 82.896833561254539, 25.409735874323626 ], [ 82.897727412407434, 25.409684295425883 ], [ 82.89820545000741, 25.40963310881294 ], [ 82.899000224225546, 25.409547996736034 ], [ 82.899979093013457, 25.409367955180365 ], [ 82.900614794642721, 25.409055359480547 ], [ 82.901152561347516, 25.408743006794388 ], [ 82.901493831074433, 25.40820888995848 ], [ 82.901639392979291, 25.407741896991727 ], [ 82.901587211756834, 25.406608731238926 ], [ 82.901439061112228, 25.406164646059917 ], [ 82.901143975675254, 25.405720906458225 ], [ 82.900910248488913, 25.405383433259487 ], [ 82.900505407389275, 25.405011308140207 ], [ 82.900259913356209, 25.40478968803605 ], [ 82.899572867747295, 25.404257958885836 ], [ 82.899327408880126, 25.404036322803229 ], [ 82.899179770080579, 25.403770007818693 ], [ 82.899080444188868, 25.403281369183325 ], [ 82.899127766611514, 25.402703501124705 ], [ 82.899322884105061, 25.402436385005053 ], [ 82.899539932671345, 25.402205361592525 ], [ 82.900534097089093, 25.401454300702689 ], [ 82.901130844915599, 25.401098853680303 ], [ 82.901448178258264, 25.400764786086174 ], [ 82.902009954264855, 25.400296806631264 ], [ 82.902523010220989, 25.399917848891292 ], [ 82.902851339834598, 25.399150427112801 ], [ 82.90232324082605, 25.398540572626949 ], [ 82.90195167006938, 25.398167791670581 ], [ 82.900761466764493, 25.397094321272217 ], [ 82.900358473406214, 25.396367445247435 ], [ 82.900111516314254, 25.395612485421811 ], [ 82.900151506334936, 25.395162820932992 ], [ 82.900647198291011, 25.394589031431341 ], [ 82.901087619430996, 25.394499112994286 ], [ 82.901674805043811, 25.394364394321226 ], [ 82.902359894057938, 25.394229477969382 ], [ 82.903192049434125, 25.394138629919819 ], [ 82.90382880236929, 25.394226016100312 ], [ 82.904123093391249, 25.394403082326246 ], [ 82.904369050703338, 25.394802504307865 ], [ 82.904615265524171, 25.395290798422714 ], [ 82.905157578357375, 25.396578379013846 ], [ 82.905334270231606, 25.397035617789214 ], [ 82.905781566511209, 25.398193093848516 ], [ 82.905946875173925, 25.398620904383293 ], [ 82.906340764547707, 25.399375503706896 ], [ 82.906782990732168, 25.399907778452047 ], [ 82.907175622209479, 25.400217956795494 ], [ 82.908890686641641, 25.400658288879349 ], [ 82.909478920339225, 25.400879107043238 ], [ 82.909822703812083, 25.401233818475134 ], [ 82.910657446812394, 25.402031800067551 ], [ 82.911001494681088, 25.402475409480747 ], [ 82.91100240000408, 25.402786503373726 ], [ 82.910954348990813, 25.403097714251704 ], [ 82.91075925307679, 25.403364859661483 ], [ 82.910417400803411, 25.40367676007304 ], [ 82.910124955158651, 25.404144134843197 ], [ 82.909734707475252, 25.404656150550604 ], [ 82.909196571885374, 25.404835225409478 ], [ 82.908315450800856, 25.404926215666237 ], [ 82.905917856760141, 25.40532379064318 ], [ 82.905134509909303, 25.405600417470474 ], [ 82.904792767371788, 25.40595675629379 ], [ 82.904647360134391, 25.406490419879457 ], [ 82.904215428351165, 25.409558008300554 ], [ 82.904119352188658, 25.410114886605218 ], [ 82.903630053123976, 25.410249364801452 ], [ 82.903189583259831, 25.410339273939044 ], [ 82.902504290053145, 25.410429771831822 ], [ 82.901672291909733, 25.410609512797535 ], [ 82.900840971460013, 25.411011426613861 ], [ 82.900205875695221, 25.411546242778833 ], [ 82.89991295517035, 25.411858021151044 ], [ 82.899570681167333, 25.412036591603691 ], [ 82.899276971106744, 25.412081728166786 ], [ 82.898933818219277, 25.411949190197095 ], [ 82.898541813406325, 25.411861218777258 ], [ 82.89806250735306, 25.41177344883841 ], [ 82.897635745506747, 25.411818883716574 ], [ 82.896829261809117, 25.412354069312862 ], [ 82.896439620619645, 25.413110485419956 ], [ 82.896099567690399, 25.414089014375847 ], [ 82.895271818596925, 25.415779736484648 ], [ 82.895128015158022, 25.416891140560548 ], [ 82.895178467952064, 25.417424323136377 ], [ 82.895523017530337, 25.418045723193377 ], [ 82.895671038385856, 25.418445369277357 ], [ 82.895623323159171, 25.418889890307003 ], [ 82.895477543517998, 25.419290203309941 ], [ 82.895283016949662, 25.419779525960681 ], [ 82.89523576430777, 25.420401828573318 ], [ 82.89518929159172, 25.421290768258714 ], [ 82.895925896275685, 25.42200014339053 ], [ 82.896710064875307, 25.422220532166605 ], [ 82.897083590629194, 25.422214089737757 ], [ 82.897542371898098, 25.422129718351538 ], [ 82.897982505866878, 25.421906506569755 ], [ 82.898520186191689, 25.421549701037446 ], [ 82.899229678266465, 25.420990761966458 ], [ 82.899595209154555, 25.420702796935569 ], [ 82.900132896531545, 25.420346002748694 ], [ 82.900671069781964, 25.420166973629282 ], [ 82.901553334510865, 25.420431577122919 ], [ 82.903417101560791, 25.421404895756318 ], [ 82.904153700925733, 25.422114236424576 ], [ 82.904694710314104, 25.422912919576245 ], [ 82.905188094002185, 25.42397475439261 ], [ 82.905581691168862, 25.424821826823369 ], [ 82.905927600380139, 25.425887619049121 ], [ 82.906055787596287, 25.426574496581793 ], [ 82.906054323850682, 25.427376116766819 ], [ 82.905899485231728, 25.427801326611387 ], [ 82.905762756985041, 25.42817676293042 ], [ 82.905079274419634, 25.428933887810562 ], [ 82.903759564294759, 25.430783458246037 ], [ 82.902982118831929, 25.432005299557776 ], [ 82.902983515131751, 25.43249414906602 ], [ 82.903278866500187, 25.433026769508366 ], [ 82.903504068560068, 25.433230040578195 ], [ 82.904211838290053, 25.433868937416417 ], [ 82.904947023981393, 25.434044965357295 ], [ 82.905632958079863, 25.43413222492109 ], [ 82.906661596838575, 25.434174234375735 ], [ 82.907200999867683, 25.434395153535394 ], [ 82.907544987354697, 25.434794313902042 ], [ 82.907718329111063, 25.435460519044003 ], [ 82.907351635994246, 25.435683606959309 ], [ 82.906458597295952, 25.435769943124662 ], [ 82.906078869086841, 25.435908817106831 ], [ 82.90583487925926, 25.43622049136453 ], [ 82.905592003099585, 25.436932131577901 ], [ 82.905546866767011, 25.43826546628614 ], [ 82.905451977266651, 25.439332267540536 ], [ 82.905632419701007, 25.442464928927254 ], [ 82.905954790051382, 25.444167526338944 ], [ 82.906226177917418, 25.444552243187598 ], [ 82.90671674619054, 25.444817723594817 ], [ 82.910343525807079, 25.445564561638431 ], [ 82.91166641332866, 25.445694700686886 ], [ 82.912058128660405, 25.445649324543179 ], [ 82.912352018068958, 25.445648617152642 ], [ 82.912597569083374, 25.445870222021156 ], [ 82.91287614883413, 25.446508658707465 ], [ 82.913140766597323, 25.447379903996254 ], [ 82.913142848075665, 25.448090937401719 ], [ 82.912752959834947, 25.448758495694367 ], [ 82.912657973076605, 25.449780838690973 ], [ 82.912807780971079, 25.450758173352803 ], [ 82.912989005041084, 25.451405938015125 ], [ 82.913202909784502, 25.451868227518659 ], [ 82.915147478714999, 25.45517432438853 ], [ 82.916331878755216, 25.458148927192873 ], [ 82.916432730022166, 25.459126350542952 ], [ 82.916484098149141, 25.459926147518438 ], [ 82.916192521909991, 25.460726777980003 ], [ 82.915642636676637, 25.462126372820169 ], [ 82.915267426056744, 25.462639923476928 ], [ 82.914730121358744, 25.463174503519113 ], [ 82.914364100929561, 25.46364200545624 ], [ 82.914429630019413, 25.464067719763563 ], [ 82.914832157052487, 25.464551886815951 ], [ 82.916133391029462, 25.465593054064417 ], [ 82.918439923262198, 25.466965059161666 ], [ 82.920403567949421, 25.468337870602735 ], [ 82.921040816568166, 25.468469618577121 ], [ 82.921334088610351, 25.468246704102821 ], [ 82.921185529619137, 25.467713795715532 ], [ 82.921086098889504, 25.467225210693041 ], [ 82.92108450772011, 25.466691952668782 ], [ 82.921572658611694, 25.466113027561555 ], [ 82.922352473262634, 25.464777928072102 ], [ 82.922692725881191, 25.463888289937355 ], [ 82.924111369629316, 25.463218190512283 ], [ 82.925802996591486, 25.461999055182368 ], [ 82.926140189855303, 25.461835521972112 ], [ 82.927299220911678, 25.462363313127554 ], [ 82.927930207002746, 25.462497651089297 ], [ 82.928273108074066, 25.462496794035509 ], [ 82.928570648765117, 25.462621096999097 ], [ 82.928861916516411, 25.462806407662164 ], [ 82.929211910409819, 25.463024918477526 ], [ 82.929597995718893, 25.463226730271955 ], [ 82.930627191646664, 25.463379687980964 ], [ 82.931802877649076, 25.4633767288915 ], [ 82.933076155690884, 25.463240186739252 ], [ 82.933566156392743, 25.463283391543154 ], [ 82.934301500095174, 25.463459289416608 ], [ 82.934743073847571, 25.463680361387077 ], [ 82.935209752299031, 25.464101344876095 ], [ 82.935604409932822, 25.464989137635087 ], [ 82.93614421884061, 25.465298849822329 ], [ 82.936536271964087, 25.465342283082528 ], [ 82.936927622490884, 25.465163526893328 ], [ 82.937122618057316, 25.464851941521744 ], [ 82.938342340235323, 25.463249016899471 ], [ 82.939124071461578, 25.462580408702777 ], [ 82.939760740454162, 25.462534340347588 ], [ 82.940153065041073, 25.462666630940589 ], [ 82.94045794094248, 25.462941662536895 ], [ 82.940742578480481, 25.463198408164132 ], [ 82.943496173977977, 25.466479834554846 ], [ 82.944310715283279, 25.4680875255107 ], [ 82.94448309675046, 25.46874366401617 ], [ 82.94458413317605, 25.469721072018064 ], [ 82.945080623817319, 25.471808430528849 ], [ 82.945622337458403, 25.472695795336534 ], [ 82.946358869337828, 25.473227165053306 ], [ 82.94724083095025, 25.473269304854526 ], [ 82.947729477419443, 25.472868057732079 ], [ 82.94850950729942, 25.471666175716788 ], [ 82.948801345947587, 25.470998810458223 ], [ 82.949093848522168, 25.470553664501377 ], [ 82.949770236414309, 25.470229389413365 ], [ 82.950072234787399, 25.470106685297857 ], [ 82.950512576435045, 25.46992778320443 ], [ 82.950707389056262, 25.469571753496648 ], [ 82.950999481122352, 25.468993277267362 ], [ 82.951389970358221, 25.468547853524036 ], [ 82.951781042155062, 25.468280183648542 ], [ 82.952953629736285, 25.467299428132421 ], [ 82.953393673229584, 25.467031625587261 ], [ 82.953834573286116, 25.467030456225988 ], [ 82.954178055849525, 25.467207304737542 ], [ 82.955109550252132, 25.467427022485548 ], [ 82.956362128899372, 25.468467996937662 ], [ 82.957540017028833, 25.469131439064352 ], [ 82.957786219047364, 25.46950853656837 ], [ 82.957347399375195, 25.470154073732157 ], [ 82.95659911440039, 25.470961054022322 ], [ 82.956273351162238, 25.471312351433028 ], [ 82.955637939569954, 25.471758452125901 ], [ 82.955394538119279, 25.472247926681582 ], [ 82.955347709693399, 25.472914634758432 ], [ 82.955496673350083, 25.473536389970697 ], [ 82.955843205046591, 25.474646428019998 ], [ 82.955747794568822, 25.475446588682139 ], [ 82.955567941664739, 25.475899411594295 ], [ 82.955505997164607, 25.476424895865701 ], [ 82.95560514011072, 25.476780143786712 ], [ 82.955802119374667, 25.477090702661616 ], [ 82.956194610935725, 25.477267398933996 ], [ 82.956586560595483, 25.477266354917866 ], [ 82.956882779799258, 25.477198334333927 ], [ 82.957565665007422, 25.477041553861508 ], [ 82.958250252904421, 25.476639761753205 ], [ 82.958935125951172, 25.47632686260479 ], [ 82.959670023959958, 25.476324891442271 ], [ 82.960307327735933, 25.476456490020116 ], [ 82.961191218197186, 25.477076274693541 ], [ 82.961878704637542, 25.477563244692373 ], [ 82.962174132436445, 25.478006823365455 ], [ 82.962568899764463, 25.478872316996064 ], [ 82.962961648223882, 25.479115681973539 ], [ 82.963794522897302, 25.479113427330628 ], [ 82.964212139790305, 25.479467792997589 ], [ 82.963944261990846, 25.479957340625901 ], [ 82.964018864929827, 25.480290435698908 ], [ 82.964264849521925, 25.480600832965955 ], [ 82.964412878254976, 25.480923740956261 ], [ 82.965484380749515, 25.480780860481133 ], [ 82.966562832797536, 25.480955679986124 ], [ 82.969064429755392, 25.481837611631402 ], [ 82.970242061328662, 25.482367647662929 ], [ 82.970532023424965, 25.482388768859778 ], [ 82.970830123532011, 25.482410478430761 ], [ 82.971368624020556, 25.482275672379124 ], [ 82.972346849035702, 25.481784158590717 ], [ 82.975326783859728, 25.479198467315598 ], [ 82.975860276183639, 25.478704255343438 ], [ 82.977503103001538, 25.477182308133518 ], [ 82.978746318458789, 25.476255990988601 ], [ 82.979616859195161, 25.475734293769275 ], [ 82.980310863254047, 25.475318378261491 ], [ 82.981130795660562, 25.475067918582763 ], [ 82.982414607669043, 25.474468125636218 ], [ 82.984860185011655, 25.47330581042004 ], [ 82.986599340802428, 25.472686625146725 ], [ 82.987796708544508, 25.472453130797458 ], [ 82.989510896736704, 25.47231491434944 ], [ 82.992889526275761, 25.471816396778642 ], [ 82.994725793761646, 25.471566679742814 ], [ 82.995655897192776, 25.471364023576918 ], [ 82.99594835539078, 25.470941004701558 ], [ 82.996089703192439, 25.470570890220657 ], [ 82.996288150423354, 25.470051228069508 ], [ 82.996580681188703, 25.46965043293887 ], [ 82.996874463139434, 25.469605133500696 ], [ 82.997364348655708, 25.469603712073813 ], [ 82.998099978807304, 25.469823779485836 ], [ 82.998516161209778, 25.46975590411596 ], [ 82.998735105766002, 25.469333087442092 ], [ 82.998537588704778, 25.468889281150307 ], [ 82.998536175739929, 25.468489319385501 ], [ 82.99868875040795, 25.468186907016829 ], [ 82.998828070475938, 25.467910760682312 ], [ 82.99921746233457, 25.467198590000695 ], [ 82.999313705114758, 25.466709479949827 ], [ 82.999165481100093, 25.466354394204494 ], [ 82.99867372279806, 25.465822563331873 ], [ 82.998427216682217, 25.46537888348341 ], [ 82.998376967769332, 25.465023509036968 ], [ 82.998473996582021, 25.464756588534769 ], [ 82.998962938343155, 25.4644885242014 ], [ 82.999181882670797, 25.464065710919545 ], [ 82.999204572375334, 25.463554587919333 ], [ 82.998808907137317, 25.462489195642696 ], [ 82.998902163061743, 25.461155720744056 ], [ 82.998899726520676, 25.460466366237597 ], [ 82.999045351983227, 25.460088748945566 ], [ 82.999583409770381, 25.459864976805292 ], [ 83.000268582307854, 25.459685218385506 ], [ 83.001296188006961, 25.459371139309102 ], [ 83.002054914147891, 25.459213371014567 ], [ 83.003524479556432, 25.459209056147795 ], [ 83.004210278865102, 25.459207037309913 ], [ 83.004602002189543, 25.459161450947718 ], [ 83.005336156782576, 25.458981525037668 ], [ 83.005924131267165, 25.45902422144081 ], [ 83.006512122727756, 25.459066930942839 ], [ 83.00729524870907, 25.458886851382005 ], [ 83.007637196675532, 25.458619195903267 ], [ 83.008076630304842, 25.458217938633407 ], [ 83.008565514828405, 25.457949845103002 ], [ 83.009152700948434, 25.457770339392265 ], [ 83.009740047218131, 25.457635277622888 ], [ 83.011845750407645, 25.457451234612673 ], [ 83.012972411180726, 25.457447863641249 ], [ 83.01365739185546, 25.457223600532426 ], [ 83.013958639028459, 25.456921650855648 ], [ 83.01404684204239, 25.456555834217998 ], [ 83.013697810174833, 25.454868157871331 ], [ 83.013743063967951, 25.453845898438196 ], [ 83.013936579226041, 25.453178716386919 ], [ 83.014130722504959, 25.452689279930851 ], [ 83.014667772315775, 25.452198825765574 ], [ 83.015156949154729, 25.452019593017301 ], [ 83.015842550331527, 25.451973095690764 ], [ 83.016430353708103, 25.451971324131573 ], [ 83.016822379448641, 25.452014574510958 ], [ 83.017214404788021, 25.452057838640361 ], [ 83.017508143165443, 25.452012503283555 ], [ 83.017752240844203, 25.451789568866417 ], [ 83.017947038569318, 25.451477887478699 ], [ 83.018043530896932, 25.451077636464461 ], [ 83.018238654350441, 25.450854850079033 ], [ 83.018532372352539, 25.450809512166888 ], [ 83.018973548048933, 25.450897057765236 ], [ 83.020100809958208, 25.451071400200288 ], [ 83.020541569152911, 25.451047844441117 ], [ 83.020884202068416, 25.450980137418817 ], [ 83.021177608814327, 25.450845929024862 ], [ 83.021445954224532, 25.45055625114729 ], [ 83.021542930976651, 25.450289312000727 ], [ 83.021541944597161, 25.450022669556382 ], [ 83.021491314085665, 25.449578415714747 ], [ 83.02139682086198, 25.449146752644712 ], [ 83.021152522604439, 25.44803073958257 ], [ 83.021092731471839, 25.447757561828272 ], [ 83.020290518615852, 25.442738196842299 ], [ 83.01939677048928, 25.439452282427332 ], [ 83.018852777864822, 25.438031806790558 ], [ 83.018739710861823, 25.437609659385416 ], [ 83.016830108341907, 25.435756075363347 ], [ 83.016545032026372, 25.435481389894314 ], [ 83.015947529856277, 25.435492071241683 ], [ 83.01541040294471, 25.435938106943198 ], [ 83.015117654400683, 25.436250085611388 ], [ 83.014653591155991, 25.436584775436081 ], [ 83.014090748429581, 25.436697573133443 ], [ 83.012325774244161, 25.4362140149134 ], [ 83.011639282481269, 25.435993851696988 ], [ 83.011247447304143, 25.435995023031786 ], [ 83.010660691416476, 25.436263437853871 ], [ 83.010172366914475, 25.436664845866261 ], [ 83.00973397105308, 25.43733278261184 ], [ 83.008615157963703, 25.439469283961184 ], [ 83.008322099029897, 25.439692369901877 ], [ 83.007881357542658, 25.439715895163168 ], [ 83.007464397046405, 25.439539364580771 ], [ 83.007217908823179, 25.439095681845576 ], [ 83.007069200554952, 25.438607274740182 ], [ 83.006327358325407, 25.436609624445342 ], [ 83.00603221576192, 25.436132947492887 ], [ 83.005492029574341, 25.43585657926327 ], [ 83.004855310071221, 25.43585845833147 ], [ 83.003532588281203, 25.435773470489515 ], [ 83.002650069072317, 25.435509413130362 ], [ 83.00132514256768, 25.434802232443072 ], [ 82.999949058750161, 25.433473020895537 ], [ 82.999702290920709, 25.432940440245225 ], [ 82.999602455418142, 25.432407445643442 ], [ 82.999648589704421, 25.431607356448694 ], [ 83.000472378154427, 25.429116219449206 ], [ 83.000568100835864, 25.428493766442546 ], [ 83.000464056189344, 25.427929519173972 ], [ 83.000172839126677, 25.427517194943434 ], [ 82.999265311985667, 25.427097639766959 ], [ 82.997842381547201, 25.426346290297825 ], [ 82.997596729800691, 25.426124786392272 ], [ 82.997252180435936, 25.425636946101616 ], [ 82.997153297555769, 25.425370565550736 ], [ 82.996907649910241, 25.425149061331147 ], [ 82.995083099166976, 25.424612535725537 ], [ 82.994064198847994, 25.424312911938642 ], [ 82.993231353026587, 25.424226427922719 ], [ 82.992594842106087, 25.424272710284683 ], [ 82.991762909305919, 25.424452856925946 ], [ 82.990589695146141, 25.425078400249845 ], [ 82.989673985041449, 25.425439787026885 ], [ 82.989219813352975, 25.425482307359562 ], [ 82.988436064257641, 25.425440109742826 ], [ 82.984368198090891, 25.424562824867984 ], [ 82.983926670133229, 25.424341869846 ], [ 82.983729702459129, 25.424031322469425 ], [ 82.983728483047528, 25.423675802910132 ], [ 82.984357067284947, 25.421318588487104 ], [ 82.984549896197535, 25.420429193465569 ], [ 82.984644633351962, 25.419495640591343 ], [ 82.984051191590098, 25.417808513932169 ], [ 82.983756126180396, 25.417453807250691 ], [ 82.983413031893633, 25.417365892616061 ], [ 82.982804681492908, 25.417471258834002 ], [ 82.983954523601952, 25.416396412699761 ], [ 82.984766606638914, 25.416039721413078 ], [ 82.985773171642478, 25.415475741172234 ], [ 82.987065926926917, 25.414780925902392 ], [ 82.987559602705431, 25.4146142153242 ], [ 82.988177522138159, 25.414553395985511 ], [ 82.988600365608235, 25.414552188655328 ], [ 82.989284093991088, 25.414697896731351 ], [ 82.990123062581034, 25.414943890636675 ], [ 82.990782259744918, 25.415166133216623 ], [ 82.991433191400148, 25.415252867331937 ], [ 82.992018717386898, 25.415221640765267 ], [ 82.992473763166373, 25.415102200477268 ], [ 82.99315574558797, 25.414745844111632 ], [ 82.994162664774748, 25.414299959588877 ], [ 82.995299351026347, 25.413735548071557 ], [ 82.99646914763467, 25.413348234452307 ], [ 82.997239009295768, 25.413052922646418 ], [ 82.997769035653235, 25.412930992996557 ], [ 82.998165393078878, 25.412801185099369 ], [ 82.999231042149759, 25.412365606872523 ], [ 82.99965295498437, 25.412098583250614 ], [ 83.000010483874718, 25.412008934573958 ], [ 83.000498409084287, 25.411992745516834 ], [ 83.001019364221648, 25.412094588120976 ], [ 83.002029392227072, 25.412534626047787 ], [ 83.003660395150234, 25.413740679400373 ], [ 83.005749079835851, 25.415595090916288 ], [ 83.006826059639749, 25.416536952640531 ], [ 83.007380045535015, 25.416771574142022 ], [ 83.00790079891263, 25.416829088248782 ], [ 83.008290636091814, 25.416680269805607 ], [ 83.008484952521584, 25.416443431109425 ], [ 83.008575779927753, 25.416172446817747 ], [ 83.008643701971749, 25.415350251324035 ], [ 83.008639659200909, 25.414228009184608 ], [ 83.0086668361308, 25.412751293285957 ], [ 83.007734833376048, 25.409115505494334 ], [ 83.007222779970931, 25.407117818115363 ], [ 83.007116091587079, 25.406701631956299 ], [ 83.005937733936094, 25.403690744097293 ], [ 83.005340243637846, 25.402164032793515 ], [ 83.005014950702503, 25.401332793201142 ], [ 83.004654713243369, 25.400684010261728 ], [ 83.004081993134307, 25.399696455363447 ], [ 83.003674811954724, 25.399535211166356 ], [ 83.00334979423134, 25.39962477032083 ], [ 83.002646912651898, 25.400158440655318 ], [ 83.002439852676147, 25.399863854057621 ], [ 83.002308419591941, 25.399509696037534 ], [ 83.002079924978375, 25.399274101381746 ], [ 83.001721589030325, 25.399127487897143 ], [ 83.001298362190411, 25.399040124193849 ], [ 83.001037295298289, 25.398804622549918 ], [ 82.999928535247264, 25.398010458021709 ], [ 82.99903138241109, 25.397189019715995 ], [ 82.998524971776106, 25.396656019683363 ], [ 82.998360432374994, 25.396124889040731 ], [ 82.998390631734196, 25.395475069386372 ], [ 82.998549523908636, 25.394411400212615 ], [ 82.998710306760415, 25.393879318230283 ], [ 82.999196095583102, 25.393257701438603 ], [ 82.999649061525957, 25.39257709968614 ], [ 82.999745697031898, 25.392311019793908 ], [ 82.999646972271947, 25.391986433706705 ], [ 82.999353313114909, 25.391751021422785 ], [ 82.998930433646564, 25.39172272509089 ], [ 82.998345527679362, 25.391901640286207 ], [ 82.9977615573208, 25.39234633288287 ], [ 82.996301494913226, 25.393384252870558 ], [ 82.994130380218451, 25.394282847808221 ], [ 82.993020416656037, 25.394604611084162 ], [ 82.991719868931341, 25.394708794073704 ], [ 82.991263679966025, 25.394550603114205 ], [ 82.990975516226783, 25.39421714921923 ], [ 82.990675758934003, 25.39387301343568 ], [ 82.99021761845448, 25.393076915441153 ], [ 82.989921115810915, 25.391985022029889 ], [ 82.989656991772875, 25.390863504867376 ], [ 82.989424851931261, 25.389594216390854 ], [ 82.989260878566483, 25.389181219276036 ], [ 82.988853515618018, 25.388820833428586 ], [ 82.989861072167358, 25.388082040419725 ], [ 82.990478054391929, 25.387784943407276 ], [ 82.990835116901977, 25.387577179001187 ], [ 82.990996845060835, 25.387310912875257 ], [ 82.990963126074234, 25.386986133080011 ], [ 82.990785023694968, 25.386710855228149 ], [ 82.989525219939537, 25.385041024213557 ], [ 82.989239489767769, 25.384201366043129 ], [ 82.989389939397611, 25.383535175196148 ], [ 82.989648313825768, 25.383002831325534 ], [ 82.990100986081174, 25.382233642667 ], [ 82.990619672580991, 25.381730082859708 ], [ 82.991073980077246, 25.381433430930755 ], [ 82.99143112777648, 25.381255208739077 ], [ 82.99162340964547, 25.380991531971997 ], [ 82.991720437072431, 25.380279756260308 ], [ 82.992389586784569, 25.376290712822744 ], [ 82.992549652476455, 25.375551898079493 ], [ 82.992807880230103, 25.374989999643063 ], [ 82.992937107195431, 25.374753352472176 ], [ 82.993229379369794, 25.374604842951406 ], [ 82.993619511883907, 25.374574171339926 ], [ 82.994144634996502, 25.374748371889009 ], [ 82.994616597354366, 25.374919534883794 ], [ 82.99537755510984, 25.375071185078632 ], [ 82.99591424632608, 25.375084397056781 ], [ 82.996271378374985, 25.374891390611907 ], [ 82.996643659308333, 25.374417751739319 ], [ 82.997032970294427, 25.37412128700716 ], [ 82.997682780052926, 25.373942183821729 ], [ 82.998267821550044, 25.373822345215199 ], [ 82.999015605028291, 25.373746332447578 ], [ 82.99914429589063, 25.373347247881835 ], [ 82.99891533380152, 25.372993495883208 ], [ 82.995816190798777, 25.370314879819514 ], [ 82.994431162122183, 25.368844661905488 ], [ 82.993596390260294, 25.367958534962483 ], [ 82.993270782793687, 25.367582667427602 ], [ 82.992911647373816, 25.367458408940024 ], [ 82.99252112185269, 25.367370940237297 ], [ 82.991707676954974, 25.367255142699175 ], [ 82.991251876205141, 25.367108766536791 ], [ 82.990923464682467, 25.366939613004249 ], [ 82.989896659280703, 25.36916750001112 ], [ 82.989435971635672, 25.369887109935657 ], [ 82.989119375642829, 25.37011482974404 ], [ 82.988713544301945, 25.370155169836693 ], [ 82.987753165071538, 25.370030137939281 ], [ 82.987134421031271, 25.36979562265244 ], [ 82.986482684264772, 25.369413519059009 ], [ 82.985927293786943, 25.3687062672746 ], [ 82.985665172736304, 25.368145866732075 ], [ 82.985078012348779, 25.367615902293387 ], [ 82.98462191407431, 25.367380917135513 ], [ 82.984133332530249, 25.367175569330197 ], [ 82.983774980590539, 25.366999367662608 ], [ 82.981754496538386, 25.36660499220423 ], [ 82.981397171496212, 25.366989108092373 ], [ 82.980841012616722, 25.367379683095077 ], [ 82.980228420263856, 25.367583082967943 ], [ 82.979155615388009, 25.367704230636402 ], [ 82.976598692716721, 25.367762524777472 ], [ 82.971773653108414, 25.36787241304474 ], [ 82.960589359287766, 25.367382640598084 ], [ 82.955900559395914, 25.367177080042573 ], [ 82.954728921911041, 25.36694392200355 ], [ 82.949840366233317, 25.366759260403924 ], [ 82.943767661298594, 25.366529678674961 ], [ 82.940744160428949, 25.366862378318903 ], [ 82.938949893070429, 25.367107221322691 ], [ 82.937655863857643, 25.367283796230929 ], [ 82.93705363256781, 25.367221752507216 ], [ 82.936256944078707, 25.367139686425205 ], [ 82.935476945351283, 25.367318887708372 ], [ 82.935217774720343, 25.367644430814952 ], [ 82.934991262472153, 25.367999422559432 ], [ 82.934699602669156, 25.368325030028014 ], [ 82.934505022367119, 25.368532270559253 ], [ 82.933985459400901, 25.36879939634516 ], [ 82.933433061468136, 25.368948480479787 ], [ 82.932100016335085, 25.369167178994317 ], [ 82.931385358045247, 25.369337600751042 ], [ 82.930767422851432, 25.369339150087203 ], [ 82.930408600640035, 25.368985645385262 ], [ 82.930146339701935, 25.36830700826151 ], [ 82.930275135021091, 25.367863661329697 ], [ 82.930566910710823, 25.367567591657579 ], [ 82.931086459564341, 25.367300475608722 ], [ 82.932189801296872, 25.366529784065911 ], [ 82.932805543175775, 25.365819397105184 ], [ 82.933518834533743, 25.365108758887395 ], [ 82.934198908517502, 25.364161927349961 ], [ 82.934457909025838, 25.363777320583299 ], [ 82.934619534852871, 25.363452024269812 ], [ 82.934651111663015, 25.363156603601187 ], [ 82.934453458430895, 25.362330132294158 ], [ 82.934124770740326, 25.361211883027082 ], [ 82.934123126075434, 25.360677024373498 ], [ 82.934542561948831, 25.359583173279834 ], [ 82.935351530598936, 25.358281582141252 ], [ 82.935676222186459, 25.358103538324201 ], [ 82.936098356773755, 25.357895714861471 ], [ 82.936683102871612, 25.357717019879374 ], [ 82.937268601516834, 25.357745056389501 ], [ 82.937919128522012, 25.357802470038099 ], [ 82.938179664690963, 25.357919941391092 ], [ 82.938748260991801, 25.357756041694444 ], [ 82.938958415790395, 25.357356778178097 ], [ 82.939216932160463, 25.356824478687198 ], [ 82.940286927551412, 25.355817547048613 ], [ 82.941130909798559, 25.355313280927287 ], [ 82.941617718505796, 25.355016666131462 ], [ 82.941812171496352, 25.354809414175005 ], [ 82.941908248015125, 25.35430707559696 ], [ 82.941906307943327, 25.353686847400148 ], [ 82.942261321855909, 25.352829415720961 ], [ 82.94238959508472, 25.352267910561984 ], [ 82.942451976258383, 25.351411233268152 ], [ 82.942578382037254, 25.350259029476629 ], [ 82.942443651198346, 25.348753078192171 ], [ 82.942538328733079, 25.347837249814049 ], [ 82.943280703532992, 25.346092738044668 ], [ 82.943406649095621, 25.344792853957337 ], [ 82.943349355190009, 25.34445811026816 ], [ 82.94315753464015, 25.343337192536087 ], [ 82.9439261284098, 25.341695102552489 ], [ 82.944751474008427, 25.340742569372487 ], [ 82.945315627557676, 25.3399491277344 ], [ 82.946793505799121, 25.338598968584183 ], [ 82.948619814216656, 25.337129066149522 ], [ 82.951664070257607, 25.334863950499294 ], [ 82.95390841993428, 25.333052417234168 ], [ 82.954314445301762, 25.329526065836482 ], [ 82.954583334406024, 25.328285995855147 ], [ 82.954898730195083, 25.327376249983828 ], [ 82.955215303934239, 25.326838391691634 ], [ 82.955714300262898, 25.326465229970552 ], [ 82.955940788879857, 25.326175435949263 ], [ 82.956076014629133, 25.325803242521101 ], [ 82.956074281552063, 25.325266170745 ], [ 82.956026867721562, 25.324687959127271 ], [ 82.95578338432162, 25.324067978268868 ], [ 82.954938967404075, 25.323054883984508 ], [ 82.952974787323186, 25.322188910573406 ], [ 82.952494294049714, 25.322102941950956 ], [ 82.952102482036537, 25.322032854025537 ], [ 82.95105663594174, 25.322114826822016 ], [ 82.949792310720312, 25.322038947012452 ], [ 82.948615863955396, 25.322160851996799 ], [ 82.947823510396873, 25.322389415570186 ], [ 82.946247369190473, 25.323970098718586 ], [ 82.945749660540756, 25.324756357988736 ], [ 82.945388779509827, 25.3256661470162 ], [ 82.945072316437333, 25.32628668972437 ], [ 82.94430108867725, 25.326867090792149 ], [ 82.943393280013112, 25.327406462354762 ], [ 82.942666694668347, 25.327738854765919 ], [ 82.94198529634555, 25.327988499368736 ], [ 82.941849627603858, 25.328236734172808 ], [ 82.941805470094295, 25.328649987919686 ], [ 82.941829263082042, 25.329054395809194 ], [ 82.941568684104766, 25.328907392846183 ], [ 82.941276174348801, 25.328967210950225 ], [ 82.940626316471139, 25.329087030702549 ], [ 82.939845887313467, 25.32905950710926 ], [ 82.939325486455473, 25.329001778991874 ], [ 82.937341770019884, 25.328859172377019 ], [ 82.936334998196102, 25.329245722801897 ], [ 82.93542792953177, 25.330311329081379 ], [ 82.934200495913146, 25.332943143519216 ], [ 82.93226285404667, 25.337260269369754 ], [ 82.93198369993307, 25.337789967171766 ], [ 82.931389986744065, 25.338916470806069 ], [ 82.931100361849843, 25.339891872462097 ], [ 82.931397110838233, 25.341249769563063 ], [ 82.931579570673179, 25.341719013187831 ], [ 82.932311430335162, 25.342487946391142 ], [ 82.933353497927627, 25.343016955560206 ], [ 82.934005084962592, 25.3433992613184 ], [ 82.934494411494825, 25.343929650894164 ], [ 82.934788839080284, 25.344519611959054 ], [ 82.934960469197634, 25.345103948061801 ], [ 82.935215591948833, 25.345818085121774 ], [ 82.935316850436038, 25.347028789219873 ], [ 82.935253699450243, 25.347649187405054 ], [ 82.935027418012126, 25.348063250565112 ], [ 82.934768537810342, 25.348477410262571 ], [ 82.934101125687249, 25.349184474037234 ], [ 82.933595817602935, 25.348225449144451 ], [ 82.933399237007251, 25.347959254092778 ], [ 82.933056190039437, 25.34782677639906 ], [ 82.932468803681871, 25.347828262840459 ], [ 82.931295029346558, 25.348142359059583 ], [ 82.929485735745857, 25.34872470799197 ], [ 82.927039726666109, 25.349175295646276 ], [ 82.925087956983418, 25.349288240663661 ], [ 82.923026669591238, 25.349407506621876 ], [ 82.921718033504206, 25.349626904293789 ], [ 82.920874036023022, 25.349768388121081 ], [ 82.919945088650877, 25.350126228280949 ], [ 82.918358293506472, 25.351485727880167 ], [ 82.917949864723866, 25.352098708029054 ], [ 82.917676039399183, 25.352509668080302 ], [ 82.917092455767076, 25.353800026389035 ], [ 82.916655842874391, 25.35513446129524 ], [ 82.916219220837718, 25.356468892152087 ], [ 82.915326358942096, 25.357728588365674 ], [ 82.914684843021334, 25.358272355595496 ], [ 82.913777593375769, 25.358474879754628 ], [ 82.913288075101718, 25.358476062439966 ], [ 82.912944892025223, 25.358299106987186 ], [ 82.912356715453541, 25.358033864602394 ], [ 82.911769303443194, 25.358035278660761 ], [ 82.911378234272945, 25.358213988008053 ], [ 82.910644984071496, 25.358571318959832 ], [ 82.910046376552756, 25.358717791569404 ], [ 82.908882773100018, 25.358575540838235 ], [ 82.907412441245384, 25.357956818705418 ], [ 82.906681686004802, 25.357862800916831 ], [ 82.906237615910356, 25.357959612696416 ], [ 82.905993760626174, 25.358271291030054 ], [ 82.905945969884087, 25.358671423956572 ], [ 82.906684445579799, 25.36013636322421 ], [ 82.906538613121796, 25.36049229120561 ], [ 82.906148009442319, 25.360848771367522 ], [ 82.905315973724839, 25.360895198794722 ], [ 82.903946217343105, 25.361209551858558 ], [ 82.903310722814084, 25.36152216385852 ], [ 82.90257848104423, 25.36223502057506 ], [ 82.901062293383788, 25.36444045103358 ], [ 82.900872102988146, 25.36468353292792 ], [ 82.900431892602967, 25.364817891954679 ], [ 82.899942000059525, 25.364685709255202 ], [ 82.899891262357272, 25.364063603003046 ], [ 82.899691671317896, 25.362730699899117 ], [ 82.899446160136861, 25.362464599288657 ], [ 82.898907452669093, 25.362376962478383 ] ] ] } },
{ "type": "Feature", "properties": { "block_name": "Kashi Vidyapeeth" }, "geometry": { "type": "MultiPolygon", "coordinates": [ [ [ [ 82.92170571833536, 25.204145548227466 ], [ 82.919140608577024, 25.20366787599545 ], [ 82.917339385784217, 25.20280631550057 ], [ 82.915974975032597, 25.202386884856015 ], [ 82.913444587079525, 25.201769264566444 ], [ 82.910452695061394, 25.20082212640974 ], [ 82.908790539883327, 25.20008683351082 ], [ 82.908456429392189, 25.199902039583932 ], [ 82.907460808466197, 25.199351356411398 ], [ 82.906893539819421, 25.197920578168873 ], [ 82.907086680455762, 25.196832064334902 ], [ 82.907251224244305, 25.195865002492383 ], [ 82.906700809797044, 25.195636814344091 ], [ 82.9049450430485, 25.197320771233073 ], [ 82.903382679138375, 25.198490121698342 ], [ 82.902430291208788, 25.199352399219947 ], [ 82.901909592148868, 25.20034550451016 ], [ 82.901766189811966, 25.202074221053714 ], [ 82.902764076399279, 25.205274274065676 ], [ 82.903131578394209, 25.206853933358254 ], [ 82.903682427789462, 25.207454173131747 ], [ 82.903836308480379, 25.207715973473945 ], [ 82.90549060561041, 25.20905241190837 ], [ 82.906721653875024, 25.210105169094167 ], [ 82.908498270764056, 25.212616038784386 ], [ 82.908681623081264, 25.213251196971985 ], [ 82.908790418246085, 25.213803653705583 ], [ 82.908827875022766, 25.214388742530044 ], [ 82.90872227017816, 25.214974174478005 ], [ 82.908544667162602, 25.215364722268227 ], [ 82.908296001223633, 25.215918032367217 ], [ 82.907833410655158, 25.216699366722313 ], [ 82.907157052112169, 25.21770881675101 ], [ 82.906480322817401, 25.218620727559696 ], [ 82.905838961757752, 25.219402480127471 ], [ 82.905447692552642, 25.220118652903967 ], [ 82.904775438556811, 25.22144996213682 ], [ 82.904436183018632, 25.221597051307349 ], [ 82.904098210633123, 25.222199329050639 ], [ 82.904062826592948, 25.222683872356598 ], [ 82.904029370360817, 25.223142248309451 ], [ 82.904176994052548, 25.224734897144874 ], [ 82.904502714227021, 25.226099593229442 ], [ 82.905225876144087, 25.228926266592172 ], [ 82.90590732652656, 25.231839752531023 ], [ 82.906267823018467, 25.23284671276166 ], [ 82.90667887071595, 25.233536539039122 ], [ 82.907093219611966, 25.233885086417089 ], [ 82.907452323204794, 25.234404398377745 ], [ 82.907739872026085, 25.23492381915915 ], [ 82.908099544831714, 25.235638192014989 ], [ 82.908423449803308, 25.236352632493794 ], [ 82.908711680616648, 25.237099695885668 ], [ 82.908966383621589, 25.238626999914064 ], [ 82.909077700325781, 25.240211012875829 ], [ 82.909119154265582, 25.242007676646899 ], [ 82.909058535887425, 25.243232327902593 ], [ 82.908746779859584, 25.24953049217304 ], [ 82.908848535794206, 25.250076941919804 ], [ 82.909071185364809, 25.250439980099017 ], [ 82.90939351209397, 25.250601733346944 ], [ 82.90985857828629, 25.250633138408581 ], [ 82.910287677204408, 25.250632109762737 ], [ 82.910609911337133, 25.250761401369793 ], [ 82.910753670298632, 25.250988561909722 ], [ 82.910897899237241, 25.251410857024002 ], [ 82.911113777486378, 25.2518329626579 ], [ 82.911472091058684, 25.252059680589714 ], [ 82.911901092770876, 25.252009889982006 ], [ 82.912401169968561, 25.251797342291614 ], [ 82.912906275701189, 25.252118894097414 ], [ 82.913011615750236, 25.252641120121947 ], [ 82.913125761040902, 25.255013993475121 ], [ 82.912845270760073, 25.25693270016205 ], [ 82.91241918836603, 25.257974033499259 ], [ 82.912063417198411, 25.258625045556659 ], [ 82.912021754845483, 25.259060792541948 ], [ 82.911665248710577, 25.259150888060205 ], [ 82.911256103426979, 25.259205031560477 ], [ 82.910554451565901, 25.259206718391393 ], [ 82.909852068566281, 25.258995841279805 ], [ 82.909033129689504, 25.258891482575866 ], [ 82.90833163249475, 25.258946318958312 ], [ 82.907571185926201, 25.258841813692044 ], [ 82.906751638641282, 25.258524896510618 ], [ 82.906000310369592, 25.257903106506259 ], [ 82.906368905553322, 25.257416374798524 ], [ 82.906653672483074, 25.256331813229526 ], [ 82.90751034876466, 25.252163581657758 ], [ 82.907630937918896, 25.251191515091403 ], [ 82.907843270574205, 25.250697686197924 ], [ 82.907257081148146, 25.249884231879289 ], [ 82.906516364607967, 25.249661770775521 ], [ 82.905940544442188, 25.249588383950744 ], [ 82.905323352496964, 25.249440380921232 ], [ 82.904418819893436, 25.249442523557203 ], [ 82.902856679062083, 25.249520907796885 ], [ 82.901828863908221, 25.249560744091159 ], [ 82.901129657420313, 25.249487628239304 ], [ 82.900595124215116, 25.249464043450061 ], [ 82.900225335800684, 25.249564506401306 ], [ 82.899876631367036, 25.249845638202643 ], [ 82.89985694314862, 25.250163338583885 ], [ 82.900063092252495, 25.250349738732847 ], [ 82.900290367639229, 25.250760357963816 ], [ 82.900106072328626, 25.251022426178626 ], [ 82.89981842163975, 25.251060456237528 ], [ 82.899489279261175, 25.250986455090555 ], [ 82.898995478143092, 25.250838155529308 ], [ 82.89839934036273, 25.250858216086012 ], [ 82.897976147880428, 25.251162210295703 ], [ 82.898051883627275, 25.251587838907312 ], [ 82.898178764191414, 25.252820960823144 ], [ 82.898146743915632, 25.25597710673965 ], [ 82.898067142573268, 25.257007238836415 ], [ 82.898151169092529, 25.257642426890651 ], [ 82.898440196073807, 25.258052898359015 ], [ 82.898811153016439, 25.25838836599446 ], [ 82.899099444561841, 25.258537217345697 ], [ 82.899634140219703, 25.258610737781069 ], [ 82.900497653416124, 25.258608716601316 ], [ 82.901484252260673, 25.258531633201741 ], [ 82.902306074626267, 25.258342835225317 ], [ 82.902881388320054, 25.258191954441454 ], [ 82.903292556500091, 25.258190987053293 ], [ 82.903703740781239, 25.258190014589587 ], [ 82.904133789266723, 25.258414787404124 ], [ 82.904069985373511, 25.258692587238016 ], [ 82.904071161142198, 25.259103729814246 ], [ 82.903619987983575, 25.259515896395193 ], [ 82.903086697590496, 25.25996565330265 ], [ 82.902923074367266, 25.260265028579859 ], [ 82.90292435291353, 25.260713526219998 ], [ 82.903131801346404, 25.261348402211265 ], [ 82.903257660666313, 25.262245117061461 ], [ 82.903382783310278, 25.262842845623272 ], [ 82.903384170008707, 25.263328695236915 ], [ 82.904045896739049, 25.264378352001987 ], [ 82.904733862418311, 25.265096078547522 ], [ 82.90605644116404, 25.26629190949431 ], [ 82.906638409331762, 25.26681805803759 ], [ 82.907183523863651, 25.267008638930484 ], [ 82.907905333160443, 25.267006918480885 ], [ 82.908643477607882, 25.266813278442669 ], [ 82.909433709998879, 25.266379785833845 ], [ 82.910856386807538, 25.265704941242539 ], [ 82.911488663273005, 25.265415668991885 ], [ 82.912121751107065, 25.265366179678747 ], [ 82.912860879502389, 25.265508293262677 ], [ 82.913185201187389, 25.265749740014979 ], [ 82.913759782475552, 25.266177505553852 ], [ 82.915188916621389, 25.267708721643139 ], [ 82.91598364767637, 25.268809821786114 ], [ 82.916515848055127, 25.270343215329895 ], [ 82.916634927347232, 25.270712335948417 ], [ 82.91699511798339, 25.27182869362294 ], [ 82.917190951700633, 25.273016888071176 ], [ 82.917263767580536, 25.273458652870858 ], [ 82.917426003142211, 25.27480106032926 ], [ 82.917482612500379, 25.276095760646982 ], [ 82.917698207036423, 25.277629895930598 ], [ 82.918058279707125, 25.278648743336408 ], [ 82.918443210228418, 25.279738235895156 ], [ 82.918763399340392, 25.280936336569933 ], [ 82.918712884770642, 25.281703823826035 ], [ 82.918511181377696, 25.282165708628803 ], [ 82.918082110980833, 25.282520636319742 ], [ 82.917766017844798, 25.282713223226427 ], [ 82.917449372938222, 25.282713995311152 ], [ 82.917026952284715, 25.282619082471918 ], [ 82.916498516057473, 25.282380591378612 ], [ 82.916181970181924, 25.282381360866275 ], [ 82.915637848752311, 25.282603309295357 ], [ 82.915392094799458, 25.282958769536631 ], [ 82.915076842088169, 25.283439154017159 ], [ 82.914709194893035, 25.284015534658522 ], [ 82.914342273083832, 25.284879593187675 ], [ 82.913866463301403, 25.285444494888427 ], [ 82.913237110248943, 25.285937370864911 ], [ 82.912446599815596, 25.2862750004379 ], [ 82.910917168658557, 25.28661433054052 ], [ 82.909915598640239, 25.287000406962377 ], [ 82.909441352184686, 25.28724132035898 ], [ 82.909276007071767, 25.28746800287173 ], [ 82.908915702777833, 25.287961970992015 ], [ 82.908498124261413, 25.289545511953666 ], [ 82.907343129943271, 25.291658398610185 ], [ 82.906959000159816, 25.292200963101369 ], [ 82.906186823024697, 25.293291663515184 ], [ 82.905314710631558, 25.293900924357271 ], [ 82.904922688954713, 25.29415788065527 ], [ 82.904553348691692, 25.294206719504402 ], [ 82.904025278922617, 25.294064075408283 ], [ 82.90354939499467, 25.293777458770673 ], [ 82.903232533929966, 25.293682322826374 ], [ 82.902810264432205, 25.293683319107956 ], [ 82.902335984952003, 25.293924210732481 ], [ 82.901598506471487, 25.294405493954542 ], [ 82.900808192716255, 25.294838921419437 ], [ 82.899858823983408, 25.295080978769587 ], [ 82.89885609741637, 25.295083319457749 ], [ 82.897435169677024, 25.294585424977761 ], [ 82.897788866253947, 25.294208499429828 ], [ 82.897787202860442, 25.293617580392116 ], [ 82.897785237065875, 25.292919132410997 ], [ 82.897782968737516, 25.292113283332036 ], [ 82.897721271926613, 25.291200091988003 ], [ 82.897778735393004, 25.29060897032895 ], [ 82.897954586555926, 25.2900712843179 ], [ 82.897953074438774, 25.289534070451893 ], [ 82.89765579519208, 25.288943772459287 ], [ 82.897122182315911, 25.288407793481245 ], [ 82.896411815321898, 25.288087047697527 ], [ 82.895405689917993, 25.28771331706352 ], [ 82.894045845129867, 25.287662760002728 ], [ 82.893744573301646, 25.287693882471167 ], [ 82.893175887157568, 25.288539331619706 ], [ 82.892385999622633, 25.289164548510726 ], [ 82.890700204551507, 25.290223504673964 ], [ 82.890490052265704, 25.290559689911323 ], [ 82.890438701802736, 25.291087324326128 ], [ 82.890599112590962, 25.291854236277295 ], [ 82.890684524298933, 25.29225885603536 ], [ 82.890973494943637, 25.293627800693059 ], [ 82.891082695977772, 25.294970322390139 ], [ 82.891032158607601, 25.295785692286071 ], [ 82.890989058555732, 25.296568540380978 ], [ 82.890985037156952, 25.297799970216744 ], [ 82.890936074899642, 25.299190810863308 ], [ 82.890781256226248, 25.300486020721266 ], [ 82.890625490417392, 25.301397492017955 ], [ 82.890417573512011, 25.302548914212313 ], [ 82.889893357768401, 25.303844960774679 ], [ 82.889610925299891, 25.304321314127332 ], [ 82.888685049655251, 25.305882919691683 ], [ 82.888580906767885, 25.306410662080204 ], [ 82.888713781451258, 25.306746097017406 ], [ 82.889163222054279, 25.307032773616786 ], [ 82.889849467547435, 25.307079173200279 ], [ 82.890905093341772, 25.307076763773861 ], [ 82.892066746250052, 25.307265911412227 ], [ 82.892876041848709, 25.307713226628039 ], [ 82.893441911303057, 25.308317826877605 ], [ 82.893813564989657, 25.30908424840521 ], [ 82.894080412984465, 25.310138627388003 ], [ 82.894187918857611, 25.310857752392991 ], [ 82.894190057780904, 25.31162502304182 ], [ 82.894033231802879, 25.312152886266716 ], [ 82.893758790912301, 25.312403534679518 ], [ 82.89319118186242, 25.31301802351372 ], [ 82.89282232103524, 25.313258641841625 ], [ 82.892241959697344, 25.313355898483668 ], [ 82.891766931888071, 25.31335698909081 ], [ 82.891344169770264, 25.313166148779093 ], [ 82.890709801045247, 25.312831903196024 ], [ 82.890129009172142, 25.31273730338658 ], [ 82.889443000861206, 25.312786830328335 ], [ 82.888651904643766, 25.313028400118931 ], [ 82.887545145630511, 25.313654338668186 ], [ 82.886335367103072, 25.315191619554884 ], [ 82.886048491583622, 25.316097768462765 ], [ 82.885864375445848, 25.316679302253331 ], [ 82.885814979763296, 25.317926280825262 ], [ 82.885758513905898, 25.318670932172211 ], [ 82.885713141224684, 25.319269223858353 ], [ 82.885504927817109, 25.320372651168054 ], [ 82.885191680311792, 25.321620216692097 ], [ 82.884982659736011, 25.322387952078383 ], [ 82.884050002180359, 25.324410240027657 ], [ 82.883242451254077, 25.326161209024335 ], [ 82.882487752729077, 25.327360367503687 ], [ 82.882033539755412, 25.328082082915728 ], [ 82.880928831185301, 25.329523182328199 ], [ 82.880456072021985, 25.330387413446697 ], [ 82.880351364626421, 25.330723333345539 ], [ 82.880352527601886, 25.331154896795958 ], [ 82.880564556527531, 25.331490113597951 ], [ 82.881040278658119, 25.331680857735471 ], [ 82.881563960019207, 25.331895753937488 ], [ 82.882044951273556, 25.332302029771796 ], [ 82.88236318232218, 25.332876771024928 ], [ 82.882470872834304, 25.333643783698939 ], [ 82.882842175057434, 25.334314325510274 ], [ 82.883208701866906, 25.334881809837064 ], [ 82.883953417537427, 25.335270946947301 ], [ 82.88464018936736, 25.335461189857085 ], [ 82.885273862744995, 25.335507726602277 ], [ 82.886223938533135, 25.335457621064293 ], [ 82.887280039337767, 25.335551172769726 ], [ 82.888124877776249, 25.33564512134598 ], [ 82.888705349637178, 25.335547939167551 ], [ 82.889338379100408, 25.33540259961531 ], [ 82.890130261966107, 25.335400797224519 ], [ 82.890869319674991, 25.335399108766971 ], [ 82.891819409825331, 25.335348975056643 ], [ 82.892347052571068, 25.335251902112187 ], [ 82.893071542099079, 25.33501047472874 ], [ 82.893454815463457, 25.335009594735606 ], [ 82.893877323563103, 25.335008621136492 ], [ 82.894564241364634, 25.335246801488264 ], [ 82.895462676537946, 25.33558041292369 ], [ 82.896202542187922, 25.335866425056658 ], [ 82.896929097232544, 25.335864741590594 ], [ 82.897786736690932, 25.336054551186891 ], [ 82.898367608688588, 25.336101159933992 ], [ 82.898842579041258, 25.336052092758344 ], [ 82.899596437781071, 25.336053985519477 ], [ 82.900162784418399, 25.336192833551909 ], [ 82.900427692009259, 25.336527899414349 ], [ 82.900799207261883, 25.337246377094708 ], [ 82.901508317257068, 25.338311280325222 ], [ 82.901931440319231, 25.338598011609083 ], [ 82.902353979561141, 25.338644920118515 ], [ 82.902810432745, 25.33849292544582 ], [ 82.90330283889466, 25.338163160300414 ], [ 82.903672196038187, 25.338114326733457 ], [ 82.9040948725047, 25.338209254110897 ], [ 82.904517863045072, 25.338448015510505 ], [ 82.905152678550678, 25.338926037500006 ], [ 82.90568172056868, 25.339308430502257 ], [ 82.906262592037493, 25.339355012688795 ], [ 82.906843204582799, 25.339305672245203 ], [ 82.907449840948971, 25.339350155855595 ], [ 82.908058230216383, 25.339590498934854 ], [ 82.908958013736552, 25.34040355926038 ], [ 82.909552581834433, 25.340543987641109 ], [ 82.909907974923996, 25.340305362530852 ], [ 82.910381856731746, 25.33987266505844 ], [ 82.9110666926248, 25.339343536926332 ], [ 82.912649124553312, 25.338908119315125 ], [ 82.913546221572886, 25.338762113030892 ], [ 82.914337304897543, 25.338520450442743 ], [ 82.914970014503794, 25.338231193028356 ], [ 82.915760924438075, 25.337893573122297 ], [ 82.916340140490249, 25.337412654879422 ], [ 82.917183001254827, 25.33678717450719 ], [ 82.918547256747217, 25.336048237949051 ], [ 82.917175880613712, 25.333219216638533 ], [ 82.91680518384365, 25.332836470581523 ], [ 82.916909240270471, 25.33230872856733 ], [ 82.91696093106718, 25.331924938105733 ], [ 82.916747949930453, 25.331302041899828 ], [ 82.916587960420244, 25.330774941239593 ], [ 82.916267774030615, 25.329576851253695 ], [ 82.915258444086675, 25.327421372157282 ], [ 82.914901481688759, 25.3260330532352 ], [ 82.917631417110982, 25.324473995390843 ], [ 82.918105493032442, 25.324276824246443 ], [ 82.91853676753334, 25.324236597104726 ], [ 82.919097753006568, 25.324235224088781 ], [ 82.919615923841533, 25.324390717772456 ], [ 82.920868445384173, 25.324818851984642 ], [ 82.92242526999155, 25.325158243167962 ], [ 82.923890734737469, 25.32547771136656 ], [ 82.925185367937161, 25.325552918585998 ], [ 82.925832337903728, 25.325472890187509 ], [ 82.926479072147629, 25.325314513840979 ], [ 82.92708240185587, 25.325077806591192 ], [ 82.92768584759061, 25.324880288458566 ], [ 82.928548612822951, 25.324838956414208 ], [ 82.929281535492336, 25.324641165520276 ], [ 82.929928142054649, 25.324443527060332 ], [ 82.930531342703986, 25.324167638692813 ], [ 82.931091613599065, 25.323970213553419 ], [ 82.9315199136432, 25.323586100971227 ], [ 82.932333621537254, 25.324600513157755 ], [ 82.933332573344785, 25.32532234343941 ], [ 82.934431255246849, 25.326089190153496 ], [ 82.93613331758597, 25.327550168695531 ], [ 82.936334998196102, 25.329245722801897 ], [ 82.937341770019884, 25.328859172377019 ], [ 82.939325486455473, 25.329001778991874 ], [ 82.939845887313467, 25.32905950710926 ], [ 82.940626316471139, 25.329087030702549 ], [ 82.941276174348801, 25.328967210950225 ], [ 82.941568684104766, 25.328907392846183 ], [ 82.941829263082042, 25.329054395809194 ], [ 82.941805470094295, 25.328649987919686 ], [ 82.941849627603858, 25.328236734172808 ], [ 82.94198529634555, 25.327988499368736 ], [ 82.942666694668347, 25.327738854765919 ], [ 82.943393280013112, 25.327406462354762 ], [ 82.94430108867725, 25.326867090792149 ], [ 82.945072316437333, 25.32628668972437 ], [ 82.945388779509827, 25.3256661470162 ], [ 82.945749660540756, 25.324756357988736 ], [ 82.946247369190473, 25.323970098718586 ], [ 82.947823510396873, 25.322389415570186 ], [ 82.948615863955396, 25.322160851996799 ], [ 82.949792310720312, 25.322038947012452 ], [ 82.95105663594174, 25.322114826822016 ], [ 82.952102482036537, 25.322032854025537 ], [ 82.952494294049714, 25.322102941950956 ], [ 82.951714076719469, 25.320517093127485 ], [ 82.951136066435637, 25.319794495555499 ], [ 82.950736193332901, 25.31939325425234 ], [ 82.950149052411319, 25.318959800665045 ], [ 82.949804539312879, 25.319134092448362 ], [ 82.949341990640676, 25.31921941510543 ], [ 82.948539734143893, 25.319193510611758 ], [ 82.947459835791818, 25.319196337742088 ], [ 82.946070944509657, 25.319059779979188 ], [ 82.94505180737724, 25.318754079291271 ], [ 82.944433580508772, 25.318391294894745 ], [ 82.944031354720423, 25.318027966065369 ], [ 82.943814035421639, 25.317608057007696 ], [ 82.943596541458575, 25.317132068745071 ], [ 82.943316098993279, 25.316235845463023 ], [ 82.943036086037395, 25.315507740996519 ], [ 82.943003775812656, 25.315031270089609 ], [ 82.943187623001734, 25.314638391414281 ], [ 82.94364525415024, 25.314173006596601 ], [ 82.944544418163133, 25.314382594246077 ], [ 82.945285372339725, 25.314548850144877 ], [ 82.945670814503487, 25.314477761220061 ], [ 82.945994081894625, 25.314266658822717 ], [ 82.946302000400223, 25.31406964619913 ], [ 82.946610007840448, 25.313900657641458 ], [ 82.94709754838307, 25.313871374001938 ], [ 82.947566951085776, 25.31405233542819 ], [ 82.947814731995607, 25.314345993959282 ], [ 82.949299933328376, 25.315715664161992 ], [ 82.949825540328746, 25.316050649006833 ], [ 82.950257887033345, 25.316161629407812 ], [ 82.951029757107975, 25.316327778609619 ], [ 82.951308011322553, 25.316523239399906 ], [ 82.951648349665277, 25.316802640447381 ], [ 82.951858964884138, 25.31707117673545 ], [ 82.953516895178367, 25.316569759979515 ], [ 82.954046988616653, 25.316166012740148 ], [ 82.954577078067942, 25.315762323450816 ], [ 82.955151201231558, 25.315278019856951 ], [ 82.955858107776848, 25.314793357833828 ], [ 82.956343486820629, 25.314269069545119 ], [ 82.958519598194897, 25.311719567828259 ], [ 82.95768825107767, 25.311118778251895 ], [ 82.956633424749285, 25.310039094377586 ], [ 82.956737923848507, 25.309615510002086 ], [ 82.956609469782364, 25.309192571442146 ], [ 82.956607604377567, 25.308615330048951 ], [ 82.956732574745004, 25.307960793160575 ], [ 82.9570257054731, 25.306921022227698 ], [ 82.95731831848947, 25.305727303438989 ], [ 82.957569865414314, 25.304918505432266 ], [ 82.957568370555549, 25.304456723051814 ], [ 82.957566751432324, 25.303956497030217 ], [ 82.957437926582344, 25.30341809563809 ], [ 82.957267652398258, 25.30314917003761 ], [ 82.956502073152578, 25.30215068032598 ], [ 82.954970821895884, 25.300115243530598 ], [ 82.954453583739806, 25.299571711817723 ], [ 82.95441758540511, 25.299270080499735 ], [ 82.954458808343233, 25.298923641621354 ], [ 82.954675263027056, 25.298601406852985 ], [ 82.955050002751648, 25.298383319263507 ], [ 82.955768772355199, 25.298035078834936 ], [ 82.95644607975342, 25.297917808644453 ], [ 82.957420363705594, 25.297992165144095 ], [ 82.958648809331123, 25.298104337491761 ], [ 82.959008496897653, 25.298007132335847 ], [ 82.959262693116784, 25.297669910007691 ], [ 82.958981714246477, 25.296068915958024 ], [ 82.959088796919531, 25.289949939833804 ], [ 82.958975482323083, 25.287882235072825 ], [ 82.95884170602163, 25.2875383518567 ], [ 82.958756287527606, 25.286853451987962 ], [ 82.958654274860507, 25.28652615143978 ], [ 82.958589765550457, 25.286237685684355 ], [ 82.958330662754733, 25.285791500849406 ], [ 82.957719660235767, 25.285605060343581 ], [ 82.956449018128325, 25.285531495610055 ], [ 82.95526339715596, 25.285573160393511 ], [ 82.954458333384352, 25.285421333187244 ], [ 82.953652389797824, 25.285000179343104 ], [ 82.952973160140871, 25.28446321839877 ], [ 82.952548193009903, 25.284002546113747 ], [ 82.952292458474574, 25.283464463102 ], [ 82.952204018154589, 25.282310229418449 ], [ 82.952388070117976, 25.281089682111762 ], [ 82.947645448772604, 25.28226329627492 ], [ 82.9475935620775, 25.281628585593324 ], [ 82.947385017134593, 25.280787237620043 ], [ 82.947171444303606, 25.278355803611493 ], [ 82.946859861413742, 25.277467980438477 ], [ 82.946639920922593, 25.277021631403226 ], [ 82.947988473675892, 25.276342531253324 ], [ 82.949119427878912, 25.27596539318391 ], [ 82.949993529041365, 25.275729283370055 ], [ 82.951570441576251, 25.275501090598453 ], [ 82.952217715836312, 25.276229496357573 ], [ 82.953286618252875, 25.276573407159862 ], [ 82.953539553119398, 25.276226369850416 ], [ 82.954004654509063, 25.275994233294831 ], [ 82.954766484515517, 25.275876743626039 ], [ 82.955909222625522, 25.275719775113711 ], [ 82.956628887085174, 25.275679352183889 ], [ 82.957814673505055, 25.275714683533941 ], [ 82.959127667273833, 25.275826643762539 ], [ 82.959550879800759, 25.275748544163683 ], [ 82.960284632414258, 25.276088385560492 ], [ 82.961407838315964, 25.276425352726491 ], [ 82.962448476296487, 25.276913521772521 ], [ 82.963073639604303, 25.277440639902046 ], [ 82.963699302542636, 25.278118873037553 ], [ 82.964410239930459, 25.278827304816819 ], [ 82.965070686706454, 25.278917975151526 ], [ 82.965991958017312, 25.278961968473418 ], [ 82.966810801655399, 25.278959733934194 ], [ 82.967578264907814, 25.278911133182859 ], [ 82.968754313498479, 25.278628839006615 ], [ 82.969623721400538, 25.278486931824663 ], [ 82.970186707379554, 25.27848538325075 ], [ 82.970852398982458, 25.278623073791916 ], [ 82.971313690880862, 25.278854376449878 ], [ 82.972081757415495, 25.278991779464548 ], [ 82.972797934576846, 25.278896781368687 ], [ 82.973586300095164, 25.278770664342147 ], [ 82.973432604825149, 25.278411075999582 ], [ 82.97342944261861, 25.27746677940377 ], [ 82.973384687420662, 25.276522598387601 ], [ 82.97338177906903, 25.275653859761192 ], [ 82.973378995629531, 25.274822907608826 ], [ 82.973336032353728, 25.274226120668896 ], [ 82.973124117207291, 25.273161657747487 ], [ 82.973122726335035, 25.272746180710556 ], [ 82.973710825353578, 25.272843774831415 ], [ 82.97418618505894, 25.273015718090864 ], [ 82.974804152758907, 25.273252142151879 ], [ 82.975089368644518, 25.273445578602495 ], [ 82.975588496004988, 25.273703492888014 ], [ 82.975992551057473, 25.273853943114272 ], [ 82.976420374410466, 25.274025884922168 ], [ 82.97708587730564, 25.27436977042051 ], [ 82.97737109379824, 25.274649175880995 ], [ 82.978155437411772, 25.275014550540067 ], [ 82.979058619231054, 25.275315448007323 ], [ 82.980413393590965, 25.275465895150685 ], [ 82.980532233399245, 25.274369770292775 ], [ 82.980579769574533, 25.272994225647949 ], [ 82.980460929456811, 25.272091517270628 ], [ 82.980460929977241, 25.271511199888383 ], [ 82.980389625821317, 25.270930881413197 ], [ 82.980175713975058, 25.270694453568741 ], [ 82.979890498424552, 25.270329065471081 ], [ 82.978844708327784, 25.269920687709543 ], [ 82.978416883933235, 25.269641271586917 ], [ 82.977656310045163, 25.269103931346123 ], [ 82.977180949959845, 25.268738536845468 ], [ 82.976724048283856, 25.268467897728531 ], [ 82.97626422488446, 25.267675981799421 ], [ 82.975804244006071, 25.266709338105819 ], [ 82.97568031037666, 25.265937721702656 ], [ 82.975916986404812, 25.265107092564481 ], [ 82.975186128492695, 25.264455825229334 ], [ 82.974490579015864, 25.263995154889081 ], [ 82.973137332908379, 25.263342833915395 ], [ 82.973008555517865, 25.263578701986674 ], [ 82.97213056153042, 25.263917577841593 ], [ 82.970930625664636, 25.264804049247712 ], [ 82.969593094605301, 25.266111387435195 ], [ 82.969215069045546, 25.26652457280758 ], [ 82.968854079167471, 25.266491919318657 ], [ 82.96838994365514, 25.266072647874797 ], [ 82.967647865225999, 25.265527965654282 ], [ 82.966952874517432, 25.265235459844952 ], [ 82.966073069243635, 25.265027609479255 ], [ 82.964961735421781, 25.264778286332152 ], [ 82.963480162247322, 25.264487961666752 ], [ 82.962508661708384, 25.264532633667361 ], [ 82.96130662451624, 25.264830288108556 ], [ 82.960335959029877, 25.265127250656366 ], [ 82.959411676154559, 25.265466201337958 ], [ 82.958765152468061, 25.265846440559994 ], [ 82.958350124031, 25.266268053402815 ], [ 82.957751203875617, 25.267068718940045 ], [ 82.957061410450208, 25.268374281654356 ], [ 82.956416741003153, 25.270300610105739 ], [ 82.955534240647012, 25.270071003015669 ], [ 82.954431955528051, 25.26996261874606 ], [ 82.953819113837966, 25.269797336087088 ], [ 82.95314554391436, 25.269743458256841 ], [ 82.952227016241608, 25.269690297932389 ], [ 82.951638444824937, 25.269841794180806 ], [ 82.951309652838304, 25.269970890416491 ], [ 82.95081946410177, 25.269860926497888 ], [ 82.950084530309127, 25.269751543296078 ], [ 82.949715945095349, 25.269363029157184 ], [ 82.949439382348203, 25.269029891683228 ], [ 82.949529714888953, 25.26855670664483 ], [ 82.95020231175593, 25.268304532765431 ], [ 82.95081414029643, 25.26819166401749 ], [ 82.951854253610307, 25.267966341598335 ], [ 82.952281891285296, 25.267686982546181 ], [ 82.952464315452346, 25.267297010976279 ], [ 82.952401785650466, 25.266907677887556 ], [ 82.952232621980258, 25.265866173588311 ], [ 82.952709104756053, 25.265720418663658 ], [ 82.953094479759315, 25.265492343269948 ], [ 82.953229690273716, 25.265161685911476 ], [ 82.953228366034125, 25.264748754259944 ], [ 82.953135541043508, 25.264129743681565 ], [ 82.953087201906357, 25.263221501502514 ], [ 82.952947758258588, 25.262230987548488 ], [ 82.953082172618835, 25.261652620228322 ], [ 82.953352320876633, 25.260908668168682 ], [ 82.953669068928519, 25.260494966826954 ], [ 82.954076536791803, 25.26008100778153 ], [ 82.955164009528843, 25.259252377174249 ], [ 82.956343105408308, 25.258671222037052 ], [ 82.95702390327159, 25.25850425134681 ], [ 82.957324819958501, 25.258167569969647 ], [ 82.957952611833818, 25.257816090546726 ], [ 82.958737173981419, 25.257225228113558 ], [ 82.959291286911068, 25.256887289430018 ], [ 82.960169267507283, 25.25654852097955 ], [ 82.961833022740251, 25.255997329208903 ], [ 82.962932318138897, 25.254881345164947 ], [ 82.96321753436149, 25.253178833856992 ], [ 82.962190757019556, 25.251734261222566 ], [ 82.959509729712508, 25.25168266687859 ], [ 82.957691785962723, 25.252752177167377 ], [ 82.956809691435524, 25.253767893054839 ], [ 82.956013966007973, 25.255203865397469 ], [ 82.95565192547177, 25.255617708119434 ], [ 82.955516997433804, 25.256030993327137 ], [ 82.955549642355436, 25.256291028795697 ], [ 82.953618475566032, 25.25542775880411 ], [ 82.952106697417648, 25.254932593521239 ], [ 82.949668374989699, 25.254471031849601 ], [ 82.949290712711345, 25.254440845538689 ], [ 82.948878520262994, 25.254317117998177 ], [ 82.948499966633975, 25.254006120452054 ], [ 82.947984305639437, 25.253726732596057 ], [ 82.947346951674973, 25.253497007724423 ], [ 82.946815810305267, 25.253230619668297 ], [ 82.946299776314703, 25.252857547501467 ], [ 82.945749315388085, 25.252422253716027 ], [ 82.945164430025343, 25.251986974467041 ], [ 82.944613681521162, 25.251458057882733 ], [ 82.94395937527878, 25.250773405394199 ], [ 82.942721107830153, 25.249907505344201 ], [ 82.941859926660413, 25.249034989331488 ], [ 82.943067770159118, 25.248813393998933 ], [ 82.944695061470739, 25.248551737795186 ], [ 82.945720329714447, 25.248162974561104 ], [ 82.946037968882109, 25.247872553027953 ], [ 82.946814677456288, 25.247259236089537 ], [ 82.947449928763817, 25.246678389718205 ], [ 82.947908093272957, 25.246065900443391 ], [ 82.94836492379909, 25.245349884251148 ], [ 82.948565345273352, 25.246272686436019 ], [ 82.948811655786812, 25.246741822292385 ], [ 82.949220315963856, 25.246938578396836 ], [ 82.949601075640061, 25.246937578452219 ], [ 82.950253578266839, 25.2468616566814 ], [ 82.950769646763618, 25.246662488663048 ], [ 82.951231873636829, 25.246587124415978 ], [ 82.951802766738751, 25.246511458371444 ], [ 82.952618319870979, 25.246385650755567 ], [ 82.953216703066914, 25.246408778648302 ], [ 82.953679384959543, 25.246506487377239 ], [ 82.954032730640321, 25.246431344133985 ], [ 82.954413012965517, 25.246281956392501 ], [ 82.954987568742084, 25.245925234568176 ], [ 82.955481329824835, 25.245791247467434 ], [ 82.955916579353669, 25.245839519022127 ], [ 82.956583276864819, 25.245936672172192 ], [ 82.95697726276363, 25.245811970860924 ], [ 82.957302947903145, 25.245613292252003 ], [ 82.957764492791199, 25.245364832147743 ], [ 82.958443791253075, 25.245140488704635 ], [ 82.958797131129828, 25.245065323479722 ], [ 82.959205204751939, 25.245113730205038 ], [ 82.959858513568136, 25.245284993160688 ], [ 82.960675904918389, 25.245727882924683 ], [ 82.961139799345219, 25.246196391960385 ], [ 82.961658451272541, 25.246763671201332 ], [ 82.96215064308663, 25.247578241496942 ], [ 82.96234167899361, 25.247775534422193 ], [ 82.962611558165477, 25.247897068148429 ], [ 82.963049176256945, 25.247872491874563 ], [ 82.963510573318459, 25.247574559984315 ], [ 82.963863835482115, 25.24747468360842 ], [ 82.964543588224558, 25.247423391425389 ], [ 82.964924348314113, 25.247422358440318 ], [ 82.966210930221806, 25.247221494227698 ], [ 82.967276897869098, 25.247092127528909 ], [ 82.968088287454691, 25.247089909093312 ], [ 82.968639424101283, 25.247010802372856 ], [ 82.969221044007242, 25.247066504658942 ], [ 82.969637513009147, 25.246995238957048 ], [ 82.969954991784192, 25.246756076606896 ], [ 82.97062821780851, 25.246550014306496 ], [ 82.971040187531443, 25.24654887956229 ], [ 82.971788922907933, 25.246512757479543 ], [ 82.973099725084097, 25.246611231416473 ], [ 82.975048131217363, 25.247014306533465 ], [ 82.97568468886287, 25.247012537451621 ], [ 82.976283258633103, 25.246857716248758 ], [ 82.976694312028073, 25.246601244908504 ], [ 82.977292764049608, 25.246429421698846 ], [ 82.977779709815565, 25.24646205931171 ], [ 82.978341535032413, 25.246528603073319 ], [ 82.979127831440877, 25.246526399554025 ], [ 82.979726279019445, 25.24632045130874 ], [ 82.980025032421679, 25.246081345429722 ], [ 82.980361446820282, 25.245910246423271 ], [ 82.980661238723869, 25.245977459570064 ], [ 82.981224569343539, 25.24648645195365 ], [ 82.982462607120155, 25.247197752089956 ], [ 82.984525190522504, 25.248110976711374 ], [ 82.985724757378122, 25.248516036981599 ], [ 82.986286475923734, 25.248514439810513 ], [ 82.986660436513759, 25.248377219913301 ], [ 82.987034630198735, 25.248308038080786 ], [ 82.987409075587465, 25.24830697222442 ], [ 82.98785848534591, 25.248339748017102 ], [ 82.988418589147557, 25.248181329877333 ], [ 82.988730494694721, 25.248140747136677 ], [ 82.989105275730893, 25.248241772787175 ], [ 82.989629446897098, 25.248240271203336 ], [ 82.990603141725785, 25.248271539011505 ], [ 82.991650871297523, 25.248064316776656 ], [ 82.993297511573715, 25.247821245438299 ], [ 82.99584190044682, 25.247303366270561 ], [ 82.997450972824367, 25.247026380646062 ], [ 82.997862345242538, 25.246854969331707 ], [ 82.998160969924442, 25.24661583040686 ], [ 82.99838459034487, 25.246308870046413 ], [ 82.998906951609897, 25.245796767185311 ], [ 82.99928017219689, 25.245455252118791 ], [ 82.999653391183159, 25.245113795926319 ], [ 82.999764715135001, 25.244807160182489 ], [ 83.000049136688773, 25.24402310532944 ], [ 83.000506821600823, 25.242898822574137 ], [ 83.001215583159208, 25.242147894917853 ], [ 83.001738280602467, 25.241737878820647 ], [ 83.002523581540828, 25.241463258884579 ], [ 83.003309954724529, 25.241495003105111 ], [ 83.003872250109936, 25.241663559800351 ], [ 83.004809331829151, 25.241967103928307 ], [ 83.006122162283077, 25.242609961744662 ], [ 83.010925647445021, 25.244997723518829 ], [ 83.011383452137267, 25.245576386179629 ], [ 83.012122987398712, 25.246153165070684 ], [ 83.01373684625753, 25.247458639614361 ], [ 83.014475292758448, 25.247730684965273 ], [ 83.015146118817171, 25.247850551914436 ], [ 83.01598393957488, 25.247787043198521 ], [ 83.016687021803421, 25.247541174504502 ], [ 83.017959316039963, 25.24711064853437 ], [ 83.01893064211049, 25.246894404362049 ], [ 83.019868599898501, 25.246708715885404 ], [ 83.020873748732981, 25.246583768303822 ], [ 83.021678629398352, 25.246672740223779 ], [ 83.02228301789745, 25.246945173630703 ], [ 83.023055662848165, 25.247399917597527 ], [ 83.024097244730513, 25.248036640894714 ], [ 83.024904526942464, 25.24879599366114 ], [ 83.026450070798973, 25.249735877099692 ], [ 83.027259512169522, 25.250016616532637 ], [ 83.028266159451874, 25.250257267902327 ], [ 83.028629412894844, 25.250591349086498 ], [ 83.028738097879199, 25.250956671768222 ], [ 83.028772732004612, 25.25126128953956 ], [ 83.028740491224369, 25.251596633595387 ], [ 83.027948779293126, 25.255042501604184 ], [ 83.027621759633377, 25.255445749762146 ], [ 83.02832919241169, 25.256080294437506 ], [ 83.028331213579463, 25.25662108163019 ], [ 83.028333683599058, 25.257282096643927 ], [ 83.028272817691104, 25.258582976722888 ], [ 83.029008589596643, 25.257977225001088 ], [ 83.030829509294904, 25.256957316309784 ], [ 83.031386275480656, 25.256843041970725 ], [ 83.032253008165995, 25.256840345628909 ], [ 83.033059096628847, 25.257175449531704 ], [ 83.033741382690394, 25.257510995414201 ], [ 83.035727390921537, 25.258799130537337 ], [ 83.03622266749521, 25.258797578067821 ], [ 83.036717104054176, 25.258570879671112 ], [ 83.037273426987852, 25.258344045246524 ], [ 83.037892541978081, 25.258342097582325 ], [ 83.038450362661521, 25.258509162794535 ], [ 83.039381816298103, 25.259237796277191 ], [ 83.039572012255093, 25.259449060687754 ], [ 83.040190085734352, 25.260135619864215 ], [ 83.040873048485963, 25.260639957016608 ], [ 83.041137106464049, 25.260766886353426 ], [ 83.042733828019024, 25.261534433372265 ], [ 83.044534458694542, 25.262879296179456 ], [ 83.045278488667023, 25.263158333000725 ], [ 83.046145694577618, 25.263268108227773 ], [ 83.046702907792536, 25.263266326619416 ], [ 83.047321155835093, 25.263039217479797 ], [ 83.048155084577147, 25.262817444098022 ], [ 83.049688088027693, 25.261569539422524 ], [ 83.050564855863513, 25.260621318229248 ], [ 83.051168696594559, 25.259968261163834 ], [ 83.051694589604963, 25.259399502513368 ], [ 83.053038624879733, 25.25826976575992 ], [ 83.054728539187835, 25.257243486789651 ], [ 83.055955226332443, 25.255953130640016 ], [ 83.057271332936295, 25.254933384489494 ], [ 83.059878044038186, 25.252938853798582 ], [ 83.061019669158568, 25.252317387154527 ], [ 83.062930628725823, 25.251454246175928 ], [ 83.063832884606029, 25.250864616356477 ], [ 83.065770835410419, 25.249623169667416 ], [ 83.06684808865657, 25.248910434564344 ], [ 83.067239494592371, 25.248387081645294 ], [ 83.067483857901408, 25.247931256340074 ], [ 83.067347846060898, 25.247412584278948 ], [ 83.066382841359768, 25.24637359413153 ], [ 83.065896828299316, 25.245779479400845 ], [ 83.065202280334148, 25.245082278759398 ], [ 83.064398541616299, 25.244621563553611 ], [ 83.063769178334525, 25.244469193446719 ], [ 83.063252199769408, 25.244467570677234 ], [ 83.061901982315078, 25.244927437076598 ], [ 83.060417703671519, 25.245716678320104 ], [ 83.059339401496743, 25.246269279627796 ], [ 83.058580900526948, 25.246498882479777 ], [ 83.057754340515316, 25.246526650634156 ], [ 83.05694810541965, 25.246735218516857 ], [ 83.056191121170727, 25.247025547078305 ], [ 83.055800251908693, 25.247067061663966 ], [ 83.054883906439642, 25.246804275329946 ], [ 83.054049910537543, 25.246701741915693 ], [ 83.052199258569601, 25.246498774255013 ], [ 83.050733185866918, 25.247126758954817 ], [ 83.050317086104954, 25.247304985798138 ], [ 83.050018253444023, 25.2474329861525 ], [ 83.049110881668724, 25.247792133390483 ], [ 83.048063660447895, 25.247877377275174 ], [ 83.047224987981863, 25.247750535488876 ], [ 83.046446001444934, 25.247443175638203 ], [ 83.046033199170438, 25.24747106545566 ], [ 83.045336078382135, 25.247713194136477 ], [ 83.044396138501483, 25.247717421243888 ], [ 83.04334886170777, 25.247866197661669 ], [ 83.04300647430928, 25.247686607279793 ], [ 83.04274855985166, 25.24747431209407 ], [ 83.042311860228807, 25.247406386066004 ], [ 83.041870077917352, 25.247473892797704 ], [ 83.041353777531711, 25.247687955200316 ], [ 83.041045856158405, 25.248015030502895 ], [ 83.040812492628305, 25.24822703434852 ], [ 83.040499631969851, 25.24841647582987 ], [ 83.040150941085628, 25.248626941941101 ], [ 83.039626055964902, 25.248697379516415 ], [ 83.038355419210745, 25.248774735699961 ], [ 83.03715942607846, 25.248790695721311 ], [ 83.036211302264803, 25.248836671856228 ], [ 83.033575969500106, 25.248789896029983 ], [ 83.030893903532458, 25.249042198229677 ], [ 83.03084389217463, 25.248705184204457 ], [ 83.030600372343557, 25.246344423641172 ], [ 83.03030575366256, 25.243600613355142 ], [ 83.030333323388689, 25.24257054744189 ], [ 83.03037836886466, 25.240983467509441 ], [ 83.03039021971702, 25.239885741740661 ], [ 83.030216302968839, 25.238708599197953 ], [ 83.029902895790784, 25.236587296922718 ], [ 83.028788159645501, 25.234280046447015 ], [ 83.028388413514989, 25.231422710231865 ], [ 83.028043299790937, 25.230725359837013 ], [ 83.027476746181122, 25.229580545827556 ], [ 83.027092508120049, 25.228981906490016 ], [ 83.023662282281819, 25.223637487913741 ], [ 83.023271068653358, 25.223027921848903 ], [ 83.022675872087092, 25.222124918605843 ], [ 83.021496999207315, 25.220525496934613 ], [ 83.018220270785989, 25.216179909853693 ], [ 83.017917199228506, 25.215837726802388 ], [ 83.015533448806437, 25.213230297544982 ], [ 83.014919227226031, 25.212558429439966 ], [ 83.013970319391078, 25.211520458877871 ], [ 83.013623967932077, 25.21114159949617 ], [ 83.012917669452975, 25.210582124436041 ], [ 83.012106857951238, 25.209939833145487 ], [ 83.00985535894155, 25.208126226672416 ], [ 83.008562092499716, 25.207084470510104 ], [ 83.006643935318039, 25.205146543443636 ], [ 83.004884890408391, 25.204683631895641 ], [ 83.001578667182059, 25.204587282725601 ], [ 82.998061642465686, 25.204569804505311 ], [ 82.997443894903327, 25.204435392992135 ], [ 82.995850373569354, 25.204300345237826 ], [ 82.994457408850664, 25.204451941753096 ], [ 82.993122933034726, 25.204624499828689 ], [ 82.991029586944904, 25.204887939274609 ], [ 82.989982517608624, 25.204984538343687 ], [ 82.988316003810979, 25.205138281637737 ], [ 82.987069223203505, 25.205248885385313 ], [ 82.985954631088632, 25.205347720801722 ], [ 82.985002258717486, 25.2054617354664 ], [ 82.984546272257944, 25.205516324446553 ], [ 82.983905868248883, 25.205592988457692 ], [ 82.981812397553966, 25.205869839325569 ], [ 82.980180050047494, 25.206037938916523 ], [ 82.979649454938297, 25.206092575698989 ], [ 82.977635202123238, 25.206380538233816 ], [ 82.976762305079845, 25.206505329536753 ], [ 82.975505349283225, 25.206627041574144 ], [ 82.974743221561639, 25.206700833330842 ], [ 82.971503610678681, 25.206892582162869 ], [ 82.971052206638504, 25.206901601184615 ], [ 82.968149854589768, 25.206962437660973 ], [ 82.966490341878057, 25.207027703383964 ], [ 82.965118537268381, 25.207081656058957 ], [ 82.963617749158047, 25.207087522891833 ], [ 82.962103551658331, 25.2070963595541 ], [ 82.959046023402792, 25.207247736258473 ], [ 82.957131000363617, 25.207397842963751 ], [ 82.954805771657533, 25.207513198307709 ], [ 82.95430199001791, 25.207540325889859 ], [ 82.952288848012415, 25.207648697250413 ], [ 82.951742739184482, 25.207675817921146 ], [ 82.949142506815519, 25.207725868787595 ], [ 82.946831495898905, 25.207877138778873 ], [ 82.94641608576552, 25.20788184631224 ], [ 82.945581306980131, 25.207891273493736 ], [ 82.943527256212107, 25.207892305925022 ], [ 82.941408661960764, 25.207784898261849 ], [ 82.940870536194566, 25.207732845437281 ], [ 82.940108735697549, 25.207659155930347 ], [ 82.938327471403781, 25.207429666864162 ], [ 82.93625351681429, 25.207114656602755 ], [ 82.935044450966672, 25.206921384099626 ], [ 82.93425394681455, 25.206794987867891 ], [ 82.933729803572191, 25.20670420411783 ], [ 82.933058153899921, 25.206587871769976 ], [ 82.931185271617707, 25.206343091066167 ], [ 82.930200273875059, 25.206214355111019 ], [ 82.926881120703598, 25.205439230634063 ], [ 82.924032686960743, 25.204487826780795 ], [ 82.92170571833536, 25.204145548227466 ] ], [ [ 82.929466418321539, 25.309372336046046 ], [ 82.928964887364955, 25.309161221122562 ], [ 82.928538081598333, 25.308915938009992 ], [ 82.928187716425484, 25.308318573667744 ], [ 82.927953538345548, 25.307720930007587 ], [ 82.928105324016457, 25.306700010723425 ], [ 82.928333741886362, 25.305397398374669 ], [ 82.928486688692317, 25.304728421272436 ], [ 82.928485301452255, 25.304270966221253 ], [ 82.928406428818121, 25.303813660668762 ], [ 82.928196706571285, 25.303413625660887 ], [ 82.927243861360424, 25.303121892011927 ], [ 82.926974559061833, 25.298527748514434 ], [ 82.926416789221719, 25.298409944537323 ], [ 82.925735556005193, 25.297886696266197 ], [ 82.925257999628656, 25.297270367078678 ], [ 82.924916783774847, 25.296808021973408 ], [ 82.924678187125167, 25.296592461824538 ], [ 82.924338179894576, 25.296531538013522 ], [ 82.924066140767863, 25.296439583782341 ], [ 82.923827460657435, 25.296162256610483 ], [ 82.923690084940247, 25.295699461305258 ], [ 82.923516743185019, 25.294557424117357 ], [ 82.923447150606393, 25.294001756613998 ], [ 82.92324211218704, 25.293631713789956 ], [ 82.922901742646431, 25.293447340008978 ], [ 82.922522787695328, 25.29342488583222 ], [ 82.922217872752768, 25.293498840412077 ], [ 82.92191607032143, 25.293357130374712 ], [ 82.921711595667176, 25.293141481787607 ], [ 82.921676569489932, 25.29280189461014 ], [ 82.921777327358413, 25.292400218662632 ], [ 82.921810226316069, 25.292060523446988 ], [ 82.921809397615121, 25.291782603689633 ], [ 82.921554958972308, 25.291259190481128 ], [ 82.921395016168645, 25.290877037554914 ], [ 82.92134144651051, 25.290444399443757 ], [ 82.921604602623916, 25.290203974096606 ], [ 82.922077691352129, 25.289579357971729 ], [ 82.922076402386153, 25.289147786805714 ], [ 82.921969390373093, 25.288668495094413 ], [ 82.921968244537538, 25.288284813301871 ], [ 82.922125771077063, 25.287996682810899 ], [ 82.922441325437674, 25.287660196333125 ], [ 82.923027769887241, 25.287371383578119 ], [ 82.923863661802713, 25.286793450013146 ], [ 82.92448135225699, 25.287407338289693 ], [ 82.925444477697582, 25.287900182949496 ], [ 82.926536342649186, 25.288509271948676 ], [ 82.9270181822247, 25.288828522554809 ], [ 82.927692058670601, 25.289059900363888 ], [ 82.928044629783969, 25.28904443936128 ], [ 82.928428712263297, 25.288854110865234 ], [ 82.930346949219242, 25.287130498230091 ], [ 82.930729683039274, 25.286562041666578 ], [ 82.931090121429023, 25.28642222936444 ], [ 82.931692043007857, 25.286704738066057 ], [ 82.932140952489249, 25.286718125654737 ], [ 82.932525455864862, 25.286688036664973 ], [ 82.932974262690237, 25.286686900392137 ], [ 82.933455305674087, 25.2867439743004 ], [ 82.934128377899427, 25.286713090010998 ], [ 82.934737448756678, 25.286682426264019 ], [ 82.935122057744394, 25.286681449257255 ], [ 82.935698998845922, 25.286621703724492 ], [ 82.936179388177607, 25.286503969609416 ], [ 82.936467668791167, 25.286415841260244 ], [ 82.936207852999175, 25.286919564786285 ], [ 82.936208822659353, 25.28723385326693 ], [ 82.936304089636394, 25.287519352664287 ], [ 82.936493543223861, 25.287804598011704 ], [ 82.937060172023891, 25.288003139707421 ], [ 82.937720549505116, 25.288058564069132 ], [ 82.938003860602421, 25.288172155248635 ], [ 82.938444425284942, 25.288285325000441 ], [ 82.938790783139595, 25.288455865176264 ], [ 82.939169013519006, 25.28874056111988 ], [ 82.93939009655638, 25.289054297584631 ], [ 82.939768497973475, 25.289424789626562 ], [ 82.940052347360364, 25.289709740209499 ], [ 82.940524870955315, 25.289994251019767 ], [ 82.941454798363324, 25.290763273877307 ], [ 82.941188571562577, 25.291092533921685 ], [ 82.941189672881208, 25.291464007950118 ], [ 82.940970912997059, 25.291878834664736 ], [ 82.940909160914927, 25.292250432616271 ], [ 82.941036498898242, 25.292735819859509 ], [ 82.941321516885651, 25.293392242031544 ], [ 82.941480828836333, 25.294048972883186 ], [ 82.941736550322574, 25.295419721473959 ], [ 82.941802110640268, 25.29624817697335 ], [ 82.941937806800084, 25.296754343804647 ], [ 82.942120618248865, 25.297027372399082 ], [ 82.942264740483978, 25.297339139407164 ], [ 82.942322812775487, 25.297599149212736 ], [ 82.942352582101435, 25.297963218323869 ], [ 82.942296463157291, 25.298327568546615 ], [ 82.942297554204984, 25.298676324774952 ], [ 82.942384793956876, 25.299107686163975 ], [ 82.942386422633945, 25.299627926069299 ], [ 82.942359095696716, 25.300044195852752 ], [ 82.942246042290179, 25.300512737870541 ], [ 82.942133232671523, 25.301059280706976 ], [ 82.942163246119634, 25.301501404512678 ], [ 82.942392855012301, 25.301682904800995 ], [ 82.942851424348646, 25.301837756489316 ], [ 82.94345272077868, 25.301888266032488 ], [ 82.944139824983054, 25.301912479430982 ], [ 82.944827110366376, 25.301962745613842 ], [ 82.945170589424137, 25.301935794817087 ], [ 82.94548509404693, 25.301830916043556 ], [ 82.945885668634787, 25.301751882082439 ], [ 82.946229145913222, 25.301724929876272 ], [ 82.946544306560256, 25.301828152558894 ], [ 82.946860471645891, 25.302217535261629 ], [ 82.946872851371452, 25.302906201876308 ], [ 82.946750061961538, 25.303518414731126 ], [ 82.946437347144581, 25.304221567737404 ], [ 82.946305400187612, 25.304821050819275 ], [ 82.945805692455252, 25.305125523119621 ], [ 82.945121121110361, 25.305321859318646 ], [ 82.944522023490919, 25.30547909939887 ], [ 82.943922540069067, 25.30551953137709 ], [ 82.943194286701384, 25.30548254430467 ], [ 82.942508881492003, 25.305445385593679 ], [ 82.941695290332476, 25.305486422799497 ], [ 82.940154070395707, 25.305684950747935 ], [ 82.939169586291555, 25.305882022078354 ], [ 82.938313627402508, 25.306078832095366 ], [ 82.937543023491358, 25.306197550510774 ], [ 82.936729787833386, 25.306355248004131 ], [ 82.936044859362696, 25.306473741088535 ], [ 82.93527482982995, 25.306748128485456 ], [ 82.934504681489983, 25.307022509600866 ], [ 82.933863073499168, 25.307296502667118 ], [ 82.933478423017945, 25.307569902744905 ], [ 82.933093988440874, 25.307882158576287 ], [ 82.932580669858396, 25.308116949657908 ], [ 82.931982021366593, 25.308429819346618 ], [ 82.931554257136312, 25.308586579356803 ], [ 82.930826702265804, 25.30878296747558 ], [ 82.929834759955227, 25.309302507908129 ], [ 82.929466418321539, 25.309372336046046 ] ], [ [ 82.900633760288073, 25.327786943617046 ], [ 82.900632074017238, 25.327192449783155 ], [ 82.900553117815278, 25.326493305312248 ], [ 82.900551531511468, 25.325933833456894 ], [ 82.900589126636731, 25.325618978519799 ], [ 82.900857570492093, 25.325268690560286 ], [ 82.901126709866773, 25.325163151158545 ], [ 82.901626599931987, 25.324987141822046 ], [ 82.901972427860571, 25.324776529424721 ], [ 82.90227955279434, 25.324496077719449 ], [ 82.90258699200696, 25.324320515603823 ], [ 82.902909585601833, 25.324183044233301 ], [ 82.903395196907354, 25.324283646528606 ], [ 82.903703816107893, 25.324527685204139 ], [ 82.903896879618102, 25.324737029216163 ], [ 82.904014753838112, 25.325575956141812 ], [ 82.904209302547116, 25.326309867307319 ], [ 82.90436426583787, 25.326659158030221 ], [ 82.904750297541213, 25.327007918618921 ], [ 82.906793276978505, 25.328017170460662 ], [ 82.907757180854205, 25.328574346590781 ], [ 82.908112170935723, 25.329023310393094 ], [ 82.908376089640583, 25.329621930640865 ], [ 82.908570566290607, 25.330320794032886 ], [ 82.908462150089946, 25.332332643356782 ], [ 82.908154211799101, 25.332333378973686 ], [ 82.90765440518841, 25.332544369214826 ], [ 82.906846859980234, 25.332826080132239 ], [ 82.906115885138234, 25.332967687939483 ], [ 82.90546140333818, 25.332969240359223 ], [ 82.90494179102663, 25.332987952719012 ], [ 82.904461675379736, 25.33335624109808 ], [ 82.904289653947785, 25.333776238132945 ], [ 82.903924771163375, 25.334056833275888 ], [ 82.903385948105949, 25.334093068894756 ], [ 82.900495486098038, 25.333627606807543 ], [ 82.900227107099226, 25.333261293223551 ], [ 82.899879870565002, 25.332982377923486 ], [ 82.899609528283278, 25.332668244875094 ], [ 82.89953077131851, 25.33203903239912 ], [ 82.899567974074728, 25.331584383254029 ], [ 82.899528102317092, 25.331094949313115 ], [ 82.89933454300234, 25.33071070534319 ], [ 82.899140704795471, 25.330221631290126 ], [ 82.898947543622711, 25.329977301966775 ], [ 82.899561235262581, 25.329642747735992 ], [ 82.900021863670148, 25.329187047758932 ], [ 82.900213226989351, 25.328801963581522 ], [ 82.900442895263907, 25.328346863230564 ], [ 82.900633760288073, 25.327786943617046 ] ] ], [ [ [ 82.934494411494825, 25.343929650894164 ], [ 82.934005084962592, 25.3433992613184 ], [ 82.933353497927627, 25.343016955560206 ], [ 82.932311430335162, 25.342487946391142 ], [ 82.931579570673179, 25.341719013187831 ], [ 82.930557696805451, 25.342110126066729 ], [ 82.930153671624595, 25.342495952903437 ], [ 82.929933725010827, 25.342881313519619 ], [ 82.929861266135319, 25.343283030546608 ], [ 82.929936678386909, 25.343851644490719 ], [ 82.929974835870496, 25.344286586551981 ], [ 82.930086875498986, 25.344754724396225 ], [ 82.930087791424882, 25.345055873770757 ], [ 82.929923091647552, 25.345441102738896 ], [ 82.929537166742918, 25.345726502347166 ], [ 82.928800741109029, 25.345828733670913 ], [ 82.928321858987573, 25.345829933183467 ], [ 82.92773246382977, 25.345864848218312 ], [ 82.927253785243551, 25.3459329881358 ], [ 82.926812039429237, 25.346034473821202 ], [ 82.926370494745228, 25.346202841206775 ], [ 82.925929453589205, 25.34653853344604 ], [ 82.925525865009163, 25.347074955651834 ], [ 82.925196245793444, 25.34774495933129 ], [ 82.925013856316937, 25.348347713107113 ], [ 82.925087956983418, 25.349288240663661 ], [ 82.927039726666109, 25.349175295646276 ], [ 82.929485735745857, 25.34872470799197 ], [ 82.931295029346558, 25.348142359059583 ], [ 82.932468803681871, 25.347828262840459 ], [ 82.933056190039437, 25.34782677639906 ], [ 82.933399237007251, 25.347959254092778 ], [ 82.933595817602935, 25.348225449144451 ], [ 82.934101125687249, 25.349184474037234 ], [ 82.934768537810342, 25.348477410262571 ], [ 82.935027418012126, 25.348063250565112 ], [ 82.935253699450243, 25.347649187405054 ], [ 82.935316850436038, 25.347028789219873 ], [ 82.935215591948833, 25.345818085121774 ], [ 82.934960469197634, 25.345103948061801 ], [ 82.934788839080284, 25.344519611959054 ], [ 82.934494411494825, 25.343929650894164 ] ] ], [ [ [ 82.955714300262898, 25.326465229970552 ], [ 82.955215303934239, 25.326838391691634 ], [ 82.954898730195083, 25.327376249983828 ], [ 82.954583334406024, 25.328285995855147 ], [ 82.954314445301762, 25.329526065836482 ], [ 82.95390841993428, 25.333052417234168 ], [ 82.954272755242386, 25.332758337492471 ], [ 82.958188289926326, 25.330371959740905 ], [ 82.95936209307763, 25.329418482178006 ], [ 82.959926347152845, 25.328664585070989 ], [ 82.960750635405731, 25.327474403021352 ], [ 82.961008706542344, 25.326404544064339 ], [ 82.961050473139096, 25.325850014445081 ], [ 82.960874893401424, 25.325454553647479 ], [ 82.960525670177788, 25.325297072936152 ], [ 82.95686238343572, 25.324752495378281 ], [ 82.956294546973481, 25.324397620782065 ], [ 82.95578338432162, 25.324067978268868 ], [ 82.956026867721562, 25.324687959127271 ], [ 82.956074281552063, 25.325266170745 ], [ 82.956076014629133, 25.325803242521101 ], [ 82.955940788879857, 25.326175435949263 ], [ 82.955714300262898, 25.326465229970552 ] ] ], [ [ [ 82.980565588533224, 25.254431704218774 ], [ 82.979963132981766, 25.25413898683048 ], [ 82.979175139947245, 25.253720632564928 ], [ 82.978712269444614, 25.25363783064661 ], [ 82.978018593664032, 25.253723869443714 ], [ 82.976863778463766, 25.254273816381623 ], [ 82.97658746602805, 25.254653094634829 ], [ 82.976496516987496, 25.255115955829787 ], [ 82.976498643411375, 25.25574676710179 ], [ 82.976778803549195, 25.256503003419812 ], [ 82.977429639071431, 25.257426410529575 ], [ 82.978033809935482, 25.25822373518459 ], [ 82.978313030676503, 25.258727613766325 ], [ 82.978593333404774, 25.259525898971837 ], [ 82.978780447751802, 25.260114134335648 ], [ 82.979060058997106, 25.260702108714906 ], [ 82.979062767920212, 25.261501169596201 ], [ 82.979111295510336, 25.262173884392592 ], [ 82.979298114523431, 25.262678021955558 ], [ 82.979392481227805, 25.263224454582993 ], [ 82.979563795994935, 25.264363391457778 ], [ 82.979982797656604, 25.264547206449922 ], [ 82.980331039765133, 25.264711691633764 ], [ 82.980832614958146, 25.264710281129002 ], [ 82.981317028253116, 25.264433181515887 ], [ 82.98180125136895, 25.264101026411087 ], [ 82.98246774076793, 25.263878595962229 ], [ 82.983316425660533, 25.263710735908077 ], [ 82.983921973758854, 25.263378247166564 ], [ 82.984284838700432, 25.263046382206706 ], [ 82.984525515375353, 25.262494283979027 ], [ 82.984705820153437, 25.261997547052264 ], [ 82.984935259821711, 25.258137153170477 ], [ 82.984994402024171, 25.257695856201632 ], [ 82.985306780371104, 25.257497585083186 ], [ 82.984227049672256, 25.256313809682773 ], [ 82.983251345041793, 25.255139050307623 ], [ 82.982926198466117, 25.254761446185736 ], [ 82.982601629948277, 25.254552124647319 ], [ 82.982184840572543, 25.254427145727082 ], [ 82.981167186709456, 25.254472070146154 ], [ 82.980565588533224, 25.254431704218774 ] ] ], [ [ [ 83.033706392470521, 25.313377335609196 ], [ 83.032995013604676, 25.312024978656247 ], [ 83.032598605685223, 25.310956802616666 ], [ 83.03054785148116, 25.308182710088897 ], [ 83.028167210644412, 25.305574504244174 ], [ 83.020637162741309, 25.312377075145001 ], [ 83.019434588602195, 25.313463655917321 ], [ 83.020690391139993, 25.31485328281904 ], [ 83.023618612412278, 25.316759998671287 ], [ 83.02882528868895, 25.319819133792269 ], [ 83.033228457956483, 25.321893882193891 ], [ 83.034062462863005, 25.32228683464897 ], [ 83.037860498967746, 25.323747079941601 ], [ 83.039031260055737, 25.324123969024022 ], [ 83.039921392226589, 25.322990714944723 ], [ 83.040337331567684, 25.321755371306629 ], [ 83.03986197231572, 25.320895993041049 ], [ 83.039327192777378, 25.319821762538318 ], [ 83.037782274881991, 25.31815668901594 ], [ 83.036934146775749, 25.316076395459071 ], [ 83.035437969791417, 25.31472651277058 ], [ 83.033706392470521, 25.313377335609196 ] ] ] ] } },
{ "type": "Feature", "properties": { "block_name": "Pindra" }, "geometry": { "type": "Polygon", "coordinates": [ [ [ 82.832581756609613, 25.385274427131296 ], [ 82.831896045458279, 25.385164649675808 ], [ 82.831552871294349, 25.384965318567083 ], [ 82.831356293046767, 25.384654595692808 ], [ 82.830963662271756, 25.38425536378514 ], [ 82.829232475394448, 25.383155358410917 ], [ 82.827825594619327, 25.382261392513758 ], [ 82.825962266239983, 25.38102052047018 ], [ 82.824687904253651, 25.380400717215569 ], [ 82.824100006229145, 25.380224067533675 ], [ 82.823512806235627, 25.380358506431381 ], [ 82.822730185990338, 25.380671102612059 ], [ 82.822032441435013, 25.381246579397548 ], [ 82.82170398820125, 25.381517476994851 ], [ 82.821297489180324, 25.382190437557338 ], [ 82.821045512871763, 25.382607586252821 ], [ 82.819811110757641, 25.384702674985306 ], [ 82.818948305933816, 25.386167047677322 ], [ 82.818069512916551, 25.38727979708306 ], [ 82.817288324310212, 25.388259007745603 ], [ 82.816947300066857, 25.38901518256462 ], [ 82.816656203165067, 25.390215705763925 ], [ 82.81661083894025, 25.391815775353198 ], [ 82.816613415609382, 25.392965180937399 ], [ 82.816615821201708, 25.394037933516959 ], [ 82.816471635841097, 25.395238189940475 ], [ 82.816570838220372, 25.395815769144999 ], [ 82.816620704408251, 25.396215663177369 ], [ 82.816720040080043, 25.396837675373988 ], [ 82.816721035992529, 25.397282127530374 ], [ 82.816623793507887, 25.397593404914627 ], [ 82.816330502016044, 25.397816173757541 ], [ 82.81589071268516, 25.398216957058999 ], [ 82.81533132756455, 25.398726762111462 ], [ 82.816679298805695, 25.400829484197622 ], [ 82.818347753643977, 25.402426352515754 ], [ 82.820161116344252, 25.403134062785199 ], [ 82.821288155292009, 25.403487485038362 ], [ 82.822867218570892, 25.404266962671109 ], [ 82.8251606910774, 25.405302338524653 ], [ 82.826189829330403, 25.405655924285188 ], [ 82.826924550628689, 25.405743410044149 ], [ 82.829526546614545, 25.405783465277882 ], [ 82.830499474183895, 25.405869866462265 ], [ 82.831112241336427, 25.40615755307174 ], [ 82.83123159369562, 25.406473341843014 ], [ 82.831089779054352, 25.407024247358009 ], [ 82.830894942449518, 25.407469040108555 ], [ 82.830503835266384, 25.407736463789508 ], [ 82.828985938543767, 25.407783830271921 ], [ 82.8284968698852, 25.408051413456825 ], [ 82.828252859644692, 25.408407440007583 ], [ 82.827609994271995, 25.409059210730341 ], [ 82.827129985646025, 25.409876202837996 ], [ 82.826739780961447, 25.410543585006423 ], [ 82.826740603697957, 25.410899112118138 ], [ 82.826986268989714, 25.41125420060515 ], [ 82.82778005666907, 25.412449155258088 ], [ 82.828313098103436, 25.413251566102172 ], [ 82.828559701933756, 25.414006625502065 ], [ 82.828609489371786, 25.414362057207132 ], [ 82.828561253249276, 25.414673256679688 ], [ 82.828366087903916, 25.414984705958734 ], [ 82.827926073723916, 25.415296657910663 ], [ 82.826702744306616, 25.415698973202648 ], [ 82.826464177020711, 25.416131033040958 ], [ 82.826044447914384, 25.416922387651805 ], [ 82.825457507444057, 25.417234596965649 ], [ 82.825163693350049, 25.417235155254652 ], [ 82.824820800650272, 25.417191354902965 ], [ 82.82452654606935, 25.41701415656075 ], [ 82.82359375425456, 25.415993752035163 ], [ 82.823201159570942, 25.415638951983485 ], [ 82.82285817026991, 25.41555071557654 ], [ 82.822221472065337, 25.415507478465699 ], [ 82.821241432743051, 25.415242649388343 ], [ 82.82082058543665, 25.41497648321133 ], [ 82.820505573691889, 25.414666282284703 ], [ 82.819155257882073, 25.413155834927061 ], [ 82.81868985514987, 25.412980878874951 ], [ 82.818396032556933, 25.412981424679742 ], [ 82.817565245207646, 25.413738487021607 ], [ 82.817517168820885, 25.414138553287444 ], [ 82.817518068083103, 25.414538529795824 ], [ 82.818110507415099, 25.416670660678939 ], [ 82.818705157426976, 25.417911617768848 ], [ 82.818897770256129, 25.418313561978543 ], [ 82.819783795782229, 25.420311810867105 ], [ 82.820130625332737, 25.422088840543839 ], [ 82.820738023392153, 25.424468004927562 ], [ 82.820822406959337, 25.424798495891054 ], [ 82.821954283191431, 25.427196239176702 ], [ 82.8229376432419, 25.428883150269098 ], [ 82.823601836399405, 25.4301929336775 ], [ 82.824094427138789, 25.431436357122976 ], [ 82.824585612206747, 25.432057595818819 ], [ 82.825076220746183, 25.432412211531425 ], [ 82.825615268632461, 25.432544520743836 ], [ 82.82640276090342, 25.432625533588478 ], [ 82.826840282348542, 25.432808821429809 ], [ 82.827134676107633, 25.433030474533801 ], [ 82.827988904594662, 25.434011245386579 ], [ 82.828366291410561, 25.433872484999625 ], [ 82.828978355534957, 25.433804643917188 ], [ 82.830153173955011, 25.433535747371664 ], [ 82.830887416377848, 25.433356563352625 ], [ 82.831867252585724, 25.433487984429178 ], [ 82.832504381116493, 25.433664499586577 ], [ 82.833295684380374, 25.433707410192241 ], [ 82.833924806341912, 25.433706184116108 ], [ 82.834463148543108, 25.433527381077976 ], [ 82.835344422035121, 25.433392326106159 ], [ 82.836177542628349, 25.433612892721726 ], [ 82.836716834504529, 25.433834048430999 ], [ 82.837207021648794, 25.434010847893695 ], [ 82.837843734629018, 25.434009595082532 ], [ 82.83848034013667, 25.433963887295796 ], [ 82.83926414892511, 25.434051218139729 ], [ 82.839803553142417, 25.434316782331397 ], [ 82.840526072533066, 25.435377512852632 ], [ 82.840761550352042, 25.43553703963013 ], [ 82.84115349250385, 25.435580693171502 ], [ 82.8415943696006, 25.435624264102309 ], [ 82.842182121764296, 25.435623090462464 ], [ 82.842916667266607, 25.435577170228079 ], [ 82.84399548848765, 25.436108305213889 ], [ 82.844632519470608, 25.436240341341218 ], [ 82.845073323753539, 25.436239451297315 ], [ 82.845464833370983, 25.436105346335594 ], [ 82.846833590672119, 25.435035997858964 ], [ 82.84707792792689, 25.434813288001795 ], [ 82.847616787692516, 25.43485662880931 ], [ 82.848450281453864, 25.435210466813576 ], [ 82.849087405388133, 25.435386933694449 ], [ 82.84943025621547, 25.435386234774789 ], [ 82.849772870513121, 25.435296650040527 ], [ 82.850163933321369, 25.434984768816065 ], [ 82.851019474432093, 25.434098573110365 ], [ 82.8512386526006, 25.433871521036291 ], [ 82.852069743455601, 25.433247645407789 ], [ 82.852705753617727, 25.432979702493348 ], [ 82.853318016309785, 25.432954206363387 ], [ 82.853734367632725, 25.433022014946022 ], [ 82.855740160069274, 25.434035603154079 ], [ 82.857677627875276, 25.435785581951041 ], [ 82.85873948535847, 25.436744658721747 ], [ 82.860852264594271, 25.439362237152896 ], [ 82.861441705869495, 25.440027605296898 ], [ 82.863208057251413, 25.441223770917453 ], [ 82.86399311614413, 25.441755411918312 ], [ 82.864532433175896, 25.441976448873849 ], [ 82.865169658089783, 25.442152871210535 ], [ 82.865537626739453, 25.442396514670673 ], [ 82.865562858944458, 25.442685310321146 ], [ 82.865443904743657, 25.442938808832086 ], [ 82.865221370409373, 25.443219330691139 ], [ 82.864878976350141, 25.443397825768443 ], [ 82.864536220515589, 25.443443004481587 ], [ 82.864242255264159, 25.443399181439641 ], [ 82.863898697148855, 25.443133279387258 ], [ 82.86350638319874, 25.442956349101841 ], [ 82.862967733223272, 25.443001927087227 ], [ 82.862576905188817, 25.443402717642559 ], [ 82.862332806387442, 25.443714328369861 ], [ 82.861990293774085, 25.44384838329492 ], [ 82.861549466248647, 25.443849313056191 ], [ 82.86081397380255, 25.443539771404829 ], [ 82.860201753321576, 25.44356326278573 ], [ 82.859957541686654, 25.443830421184202 ], [ 82.85951773268738, 25.44423130839446 ], [ 82.858979609261937, 25.444499083931909 ], [ 82.858391966107121, 25.444544762496704 ], [ 82.85800012263185, 25.444545583304844 ], [ 82.857608825250168, 25.444768611484445 ], [ 82.857413603340817, 25.44503565030309 ], [ 82.857218797331484, 25.445480466488608 ], [ 82.856975695060029, 25.446192029303695 ], [ 82.856946632494044, 25.447614186678827 ], [ 82.856391729655329, 25.447704218512897 ], [ 82.855509713911076, 25.447572736721202 ], [ 82.855167074395567, 25.447662315011023 ], [ 82.854873739938483, 25.447885133695024 ], [ 82.854727864078512, 25.448311814500645 ], [ 82.854729634578476, 25.449016374987423 ], [ 82.854780901982537, 25.449929584293439 ], [ 82.854734164720639, 25.450818493464663 ], [ 82.854931108802845, 25.451218045106305 ], [ 82.855471471570866, 25.451839091958096 ], [ 82.856060524324732, 25.452326705303488 ], [ 82.857433072735262, 25.452723818523673 ], [ 82.857776504971767, 25.452945295802113 ], [ 82.857973283296829, 25.453278185233255 ], [ 82.857827175784237, 25.453611773928728 ], [ 82.857533897950503, 25.453856821253225 ], [ 82.857583948629255, 25.454278895379243 ], [ 82.85787821077389, 25.454411593985476 ], [ 82.858319150481918, 25.454455122591501 ], [ 82.859837903168966, 25.454540816286809 ], [ 82.861553495899102, 25.454981590580029 ], [ 82.862043787768727, 25.455158332625384 ], [ 82.862240530697349, 25.455469006282609 ], [ 82.862364180122583, 25.455935350563571 ], [ 82.862439453561791, 25.456205846758596 ], [ 82.862512505720531, 25.456468319321054 ], [ 82.862562620791408, 25.456912602092913 ], [ 82.862303529138316, 25.45746461729561 ], [ 82.861880477668649, 25.458336131285058 ], [ 82.861197182382782, 25.459315255079055 ], [ 82.859390700839583, 25.461674358928562 ], [ 82.858854577240038, 25.462742041157988 ], [ 82.858417189516899, 25.464120585592791 ], [ 82.857979680252654, 25.465454681630952 ], [ 82.857688662533135, 25.466610706250776 ], [ 82.857505614816745, 25.466866618302905 ], [ 82.857101039333628, 25.466700827937029 ], [ 82.857001476659562, 25.466078879933612 ], [ 82.856902718229421, 25.465768000223875 ], [ 82.85655946554219, 25.465635386433377 ], [ 82.856216772622034, 25.465724980933679 ], [ 82.856021951026094, 25.466169781612646 ], [ 82.85587608949514, 25.466614481727753 ], [ 82.855877659010645, 25.467236635587017 ], [ 82.855683969989769, 25.468125830520258 ], [ 82.855513448598813, 25.468503917033708 ], [ 82.853852259105096, 25.470284907574467 ], [ 82.853594582660151, 25.470678327850408 ], [ 82.853462253212783, 25.471041191051857 ], [ 82.853365708903837, 25.471619095647199 ], [ 82.853466595109609, 25.472774310506079 ], [ 82.853518468960189, 25.473929612022911 ], [ 82.854355461098706, 25.47557212410258 ], [ 82.854454778460891, 25.476105188321423 ], [ 82.854456230116227, 25.47668288560768 ], [ 82.854435767371569, 25.476991041375708 ], [ 82.85440901825757, 25.477394008295445 ], [ 82.854264048674054, 25.478194195734165 ], [ 82.853971428932127, 25.478728085282711 ], [ 82.853535277513046, 25.478913118214489 ], [ 82.852649413855772, 25.479041862423067 ], [ 82.852232919087555, 25.479020504274843 ], [ 82.852013052783903, 25.479265374536919 ], [ 82.851817960644794, 25.479621269786822 ], [ 82.851426588773009, 25.479844277932941 ], [ 82.850985649343784, 25.479845181122464 ], [ 82.850397744672534, 25.479846385306757 ], [ 82.84966359958571, 25.480158951326583 ], [ 82.84824467551384, 25.480917294776489 ], [ 82.847461553377869, 25.481229964522988 ], [ 82.84648177427367, 25.481276395847537 ], [ 82.846114063778671, 25.481166030185111 ], [ 82.84562326542121, 25.480811525931333 ], [ 82.844760475947993, 25.479997787990374 ], [ 82.843512885759097, 25.479304849747866 ], [ 82.843218154309483, 25.478994389921265 ], [ 82.842874025366243, 25.478506228994043 ], [ 82.842823532450836, 25.477884198612497 ], [ 82.842773762300936, 25.477573231662745 ], [ 82.842331535815944, 25.477040834174378 ], [ 82.841742890072908, 25.476730958078495 ], [ 82.841350957044867, 25.476731738503705 ], [ 82.840959437099727, 25.47691027454303 ], [ 82.84061768268667, 25.477399777284486 ], [ 82.840422457104182, 25.477711232158157 ], [ 82.839981769916548, 25.477800984849981 ], [ 82.839442947699354, 25.47784648608669 ], [ 82.83914811987745, 25.477491573506256 ], [ 82.838705161178638, 25.476648114466457 ], [ 82.838309942026555, 25.475271288903393 ], [ 82.838161598560717, 25.474693866104406 ], [ 82.838355192858657, 25.473715819781493 ], [ 82.838305466964997, 25.47340486570484 ], [ 82.837716313466075, 25.472872756441724 ], [ 82.83698111564685, 25.472740879828809 ], [ 82.836246479476102, 25.472831219241709 ], [ 82.83575698770025, 25.473009921341411 ], [ 82.835365698855369, 25.473277323083796 ], [ 82.834974107781434, 25.473411414531501 ], [ 82.83468014539821, 25.473411990256384 ], [ 82.833503114031785, 25.472881015166617 ], [ 82.83306125140119, 25.47248191276951 ], [ 82.832864759115594, 25.472260104385651 ], [ 82.832766048908539, 25.471949228960526 ], [ 82.832863396560398, 25.471682388990043 ], [ 82.833107714257665, 25.47141529328221 ], [ 82.83374406912084, 25.471191849364992 ], [ 82.834380090717602, 25.470835109556624 ], [ 82.834721957782961, 25.470390030506255 ], [ 82.834867679475011, 25.469856487137445 ], [ 82.834817630011671, 25.469412190969233 ], [ 82.834424663693241, 25.468968579153984 ], [ 82.83406584106767, 25.468783507769849 ], [ 82.833737973878414, 25.468614400534484 ], [ 82.833051812382891, 25.468482409992372 ], [ 82.832170002749464, 25.468484122864318 ], [ 82.830848017896258, 25.468797767236705 ], [ 82.830064508136019, 25.468932589780081 ], [ 82.829672908283811, 25.469066654688632 ], [ 82.829134027647953, 25.469067692610018 ], [ 82.828790577582524, 25.468846162756595 ], [ 82.828422706946256, 25.468646891989817 ], [ 82.828078121791961, 25.467936535796941 ], [ 82.827782051306556, 25.467003879008665 ], [ 82.827631957693256, 25.465670975015303 ], [ 82.827335974852105, 25.46498906212712 ], [ 82.826942950778928, 25.464500983127969 ], [ 82.826526186560457, 25.464346249127029 ], [ 82.825888926422252, 25.464169703118152 ], [ 82.824173349853325, 25.463728546761871 ], [ 82.822702280400733, 25.463514356000779 ], [ 82.822664910976442, 25.463967478335682 ], [ 82.823088383282013, 25.467055216098483 ], [ 82.823114195607559, 25.467632882447674 ], [ 82.822943434640877, 25.467944281177743 ], [ 82.821131955210944, 25.468436500442518 ], [ 82.820079402428149, 25.468749557125971 ], [ 82.81951592529046, 25.468706177009416 ], [ 82.819025790041024, 25.46859598800722 ], [ 82.818634013568655, 25.468663371617083 ], [ 82.818252403243619, 25.46887740367362 ], [ 82.818096553794689, 25.46928652591739 ], [ 82.818295090590937, 25.470441567492479 ], [ 82.81854105516031, 25.470885520296822 ], [ 82.818883708852695, 25.470751555604682 ], [ 82.819667205616824, 25.470616770049222 ], [ 82.820108419939984, 25.470749270468168 ], [ 82.820207015680978, 25.471015707930498 ], [ 82.82020782299945, 25.471371237361272 ], [ 82.819866798950827, 25.472216214416765 ], [ 82.819868107569448, 25.472793915849291 ], [ 82.819869014190161, 25.473193860390168 ], [ 82.819722964034497, 25.473594092746069 ], [ 82.819380925035446, 25.47399467848162 ], [ 82.819137497713029, 25.474661712589622 ], [ 82.819335146207294, 25.475416802521199 ], [ 82.819532427273231, 25.47599415145309 ], [ 82.819778993164903, 25.476704700239779 ], [ 82.819903024531911, 25.477393277995681 ], [ 82.819610075504329, 25.477838200263193 ], [ 82.819277772019319, 25.47810304668862 ], [ 82.818190812451007, 25.478507419765268 ], [ 82.817309740027966, 25.478864581467892 ], [ 82.81685981144841, 25.478865414719184 ], [ 82.816329901266911, 25.478866393734648 ], [ 82.815154068385809, 25.478868561872424 ], [ 82.812752435088768, 25.478428561133757 ], [ 82.812360022858755, 25.478207104823099 ], [ 82.811820402530842, 25.477897005184484 ], [ 82.811085219046646, 25.477765018890398 ], [ 82.810571048236994, 25.477877054533366 ], [ 82.810008269620567, 25.478166930046733 ], [ 82.809714799835348, 25.478389664673319 ], [ 82.809275130214942, 25.478968157005323 ], [ 82.807465512760615, 25.480393461499094 ], [ 82.806879022560295, 25.481061086763347 ], [ 82.806487287434408, 25.481150651691976 ], [ 82.805017376797892, 25.48110882801954 ], [ 82.804582975693592, 25.481224590323421 ], [ 82.803842227286438, 25.48142199706988 ], [ 82.803009875974141, 25.481690103693069 ], [ 82.802667500111937, 25.481957342879987 ], [ 82.802276235725799, 25.482269098490889 ], [ 82.800808492746071, 25.483249318006113 ], [ 82.800220952475229, 25.483428119028339 ], [ 82.799682095707084, 25.483473493075792 ], [ 82.799070014264686, 25.483630102323183 ], [ 82.798717678631476, 25.483894466917089 ], [ 82.798336204258902, 25.484164646009493 ], [ 82.797797359998668, 25.484210015962443 ], [ 82.797307234282144, 25.484121989003164 ], [ 82.796522562868091, 25.483767855886509 ], [ 82.795787379814442, 25.483635803705511 ], [ 82.795247977596119, 25.483414533737278 ], [ 82.795002452918297, 25.483148323000567 ], [ 82.794560852455547, 25.482838020409829 ], [ 82.794168979527257, 25.482883140420711 ], [ 82.793924382658233, 25.483061315741978 ], [ 82.79304397392599, 25.483773843062774 ], [ 82.792603298331215, 25.483907889469943 ], [ 82.791770467820811, 25.483953756048265 ], [ 82.790692242201288, 25.483777851234638 ], [ 82.790348923936548, 25.483600677133545 ], [ 82.790005498918063, 25.483379059730844 ], [ 82.78951383088814, 25.482535548130063 ], [ 82.78926837705842, 25.482313792812885 ], [ 82.788619373658136, 25.482188787561341 ], [ 82.78823942309343, 25.482271081208868 ], [ 82.788044018374023, 25.48253802653333 ], [ 82.78770213971903, 25.483071881504557 ], [ 82.787068821290703, 25.4848504727285 ], [ 82.786681125619936, 25.486939726230336 ], [ 82.786535025327467, 25.487384340500611 ], [ 82.786241425571916, 25.487562583664879 ], [ 82.785751802122036, 25.487741156057645 ], [ 82.785556655586717, 25.488141419917199 ], [ 82.785361832442476, 25.488719435456233 ], [ 82.785122263683448, 25.489592960438912 ], [ 82.784833838312124, 25.49148760211548 ], [ 82.784642684294326, 25.493887561051885 ], [ 82.784792296869966, 25.495176009253488 ], [ 82.785481060774657, 25.496552430606666 ], [ 82.785580296553334, 25.497174380150138 ], [ 82.785532207934295, 25.497618852565164 ], [ 82.785288832440884, 25.498419139498434 ], [ 82.785242057174642, 25.49953013950201 ], [ 82.78563613915675, 25.500551541863782 ], [ 82.785736041016193, 25.501484570944424 ], [ 82.786031291295785, 25.502106190151775 ], [ 82.786007606751042, 25.502506168837087 ], [ 82.785542639426126, 25.502773560676985 ], [ 82.785150364744311, 25.502640909852925 ], [ 82.784709703903374, 25.502819394017052 ], [ 82.784759868729694, 25.503396990234862 ], [ 82.784959021373126, 25.504951962306649 ], [ 82.78491091106622, 25.505396415279542 ], [ 82.78491153961366, 25.505707484217954 ], [ 82.78515701141103, 25.505929238171312 ], [ 82.785622753955678, 25.506039567363377 ], [ 82.786407521518157, 25.506393741875318 ], [ 82.786653070709249, 25.506659953368448 ], [ 82.786653666243396, 25.506948791620466 ], [ 82.786261865725336, 25.507060535658532 ], [ 82.784204568268578, 25.507463904033639 ], [ 82.783029031179808, 25.507732457490619 ], [ 82.781755135347552, 25.507823433818551 ], [ 82.780383322799182, 25.507959003834824 ], [ 82.777984034099717, 25.508896101451658 ], [ 82.77666259551367, 25.509742524353982 ], [ 82.775683236763314, 25.510099599057515 ], [ 82.77524228856042, 25.510144753868971 ], [ 82.774751967570509, 25.510012222744887 ], [ 82.774408606202485, 25.509835024342109 ], [ 82.773722385499866, 25.509747246986585 ], [ 82.772547341541738, 25.51028238221004 ], [ 82.772204409065537, 25.510327341684409 ], [ 82.771763544747444, 25.510416915823271 ], [ 82.770294105609906, 25.510774751630748 ], [ 82.769412624866277, 25.511087177207866 ], [ 82.769217059143713, 25.511309676905004 ], [ 82.769071046764694, 25.511843148618546 ], [ 82.769125143859839, 25.514509248226126 ], [ 82.769177784566409, 25.516419938664988 ], [ 82.769209950336247, 25.517198653208315 ], [ 82.76922918674272, 25.51766408614915 ], [ 82.769524143241142, 25.518152416935511 ], [ 82.769770276242028, 25.518729698572795 ], [ 82.770974140508656, 25.520394170354692 ], [ 82.771808889290966, 25.521237119215343 ], [ 82.772054866492326, 25.521725536499932 ], [ 82.772252018136541, 25.522302904511054 ], [ 82.772155018836969, 25.522836280061526 ], [ 82.771961722708994, 25.524258547470083 ], [ 82.7720619794203, 25.525413715141731 ], [ 82.772406921321831, 25.526390760750576 ], [ 82.77294964899626, 25.52825619782443 ], [ 82.773692379241382, 25.529661398114971 ], [ 82.77416555029788, 25.52961288383332 ], [ 82.774487019763953, 25.52956736060198 ], [ 82.775059177971372, 25.529463890977997 ], [ 82.775621377692232, 25.52938305629721 ], [ 82.776033146990997, 25.529305822283799 ], [ 82.776731540905658, 25.529207186101029 ], [ 82.777576488689576, 25.529167677405908 ], [ 82.778024200708899, 25.529154510321707 ], [ 82.778312724893112, 25.529154687350452 ], [ 82.779019061023618, 25.529276998082974 ], [ 82.779431829401332, 25.529457850689298 ], [ 82.779665417530467, 25.529670064889988 ], [ 82.779894135869199, 25.5298823705165 ], [ 82.780381199002974, 25.530487521715081 ], [ 82.780702280158977, 25.530931494956882 ], [ 82.780977406489512, 25.531368034082433 ], [ 82.781504088754573, 25.532153699640347 ], [ 82.781797360094757, 25.5324517144557 ], [ 82.782274620409154, 25.53284926943078 ], [ 82.78261767233397, 25.533079586071874 ], [ 82.78295091940052, 25.533260379728699 ], [ 82.783308790457326, 25.533639724633414 ], [ 82.783497616703741, 25.533933208376602 ], [ 82.783934985233799, 25.534520257740578 ], [ 82.784143686006331, 25.534800202476863 ], [ 82.784486493236557, 25.535402986135018 ], [ 82.784704929141199, 25.535987562629533 ], [ 82.784809101097053, 25.536466082926072 ], [ 82.784873289511125, 25.537107045017631 ], [ 82.78498200755665, 25.53805942739174 ], [ 82.785051088517548, 25.538817751275232 ], [ 82.785030214896707, 25.540113120353119 ], [ 82.785029840946066, 25.54065923531531 ], [ 82.785208693653118, 25.540984261880119 ], [ 82.785352806986225, 25.541223571502247 ], [ 82.785476724830858, 25.541769849784192 ], [ 82.785516271400809, 25.542099308491181 ], [ 82.78550257411753, 25.542616987147508 ], [ 82.785357714811809, 25.542955671048539 ], [ 82.785315818933896, 25.543298847969627 ], [ 82.785803814052386, 25.54343995111747 ], [ 82.786535255160373, 25.543435934323412 ], [ 82.78709239780045, 25.543413690923018 ], [ 82.787430622956649, 25.543594366673215 ], [ 82.788007904384017, 25.543382621435772 ], [ 82.788495453931418, 25.543342294915714 ], [ 82.788823783526652, 25.543342469943916 ], [ 82.789356084398477, 25.543446583524666 ], [ 82.789863520023701, 25.543406264597113 ], [ 82.790192113760227, 25.54315367722436 ], [ 82.790657177790834, 25.542850412537433 ], [ 82.791025843938968, 25.542562899272131 ], [ 82.791558194687298, 25.542509054697408 ], [ 82.79195377138366, 25.542373862567885 ], [ 82.79221647627817, 25.54259903279948 ], [ 82.792522946918481, 25.543035413012003 ], [ 82.793236563414979, 25.543606734693373 ], [ 82.79392271052285, 25.54415779760734 ], [ 82.794439721564785, 25.544735744415163 ], [ 82.794742842724062, 25.545354285930287 ], [ 82.794941303440652, 25.546193943200603 ], [ 82.794950759303333, 25.546997332343409 ], [ 82.794870766398802, 25.547561444951796 ], [ 82.794542069645615, 25.547981015774287 ], [ 82.793880149953964, 25.548409433635506 ], [ 82.793208202057457, 25.54880627260853 ], [ 82.793042432888626, 25.549169270286587 ], [ 82.792978791999474, 25.549614049575496 ], [ 82.792968438715988, 25.550110543645637 ], [ 82.793041831199062, 25.552015205380854 ], [ 82.793033944476292, 25.55252924125649 ], [ 82.79302859829275, 25.553145825575601 ], [ 82.793463955436792, 25.55305804457802 ], [ 82.794504581253761, 25.551961790030887 ], [ 82.794804439752411, 25.551729666729646 ], [ 82.795169567416011, 25.551605187413951 ], [ 82.79617284084901, 25.551608298313869 ], [ 82.796624463023718, 25.551443882098432 ], [ 82.796957864207798, 25.551313247851482 ], [ 82.797438772972868, 25.55123057834075 ], [ 82.79868930162516, 25.551332213655392 ], [ 82.799470419348424, 25.551477003217745 ], [ 82.80088327041706, 25.551640215973794 ], [ 82.801306188555884, 25.551640410595549 ], [ 82.802525384721335, 25.551352120592888 ], [ 82.803072360013246, 25.551217328767155 ], [ 82.803879433798897, 25.551018437277673 ], [ 82.807113329032163, 25.55022148945919 ], [ 82.808173209530025, 25.550104570479871 ], [ 82.80881002199024, 25.550150055078422 ], [ 82.80946036627256, 25.552777132111085 ], [ 82.812953422230748, 25.55238604263608 ], [ 82.814321737944368, 25.552138312570968 ], [ 82.815179240589814, 25.552059793451782 ], [ 82.815695070311563, 25.552012534117424 ], [ 82.816047101785045, 25.551793671652575 ], [ 82.816951970339829, 25.551552504349406 ], [ 82.817526331903977, 25.55139942577112 ], [ 82.818148277644511, 25.551282285567414 ], [ 82.818777922490142, 25.551171859502062 ], [ 82.820870042337759, 25.550804941192588 ], [ 82.822367869685735, 25.550376679367918 ], [ 82.822960453995165, 25.550178943444276 ], [ 82.825626374650653, 25.549527726556697 ], [ 82.826064970206346, 25.549416586247105 ], [ 82.826394965470854, 25.549355673955514 ], [ 82.826846109387731, 25.549272397868258 ], [ 82.827249123217683, 25.549272505726741 ], [ 82.827507778722335, 25.5495388804882 ], [ 82.827905330714259, 25.550680925968599 ], [ 82.828735756359379, 25.551823089722667 ], [ 82.829680645908539, 25.552978811414988 ], [ 82.829884568924669, 25.553216577550987 ], [ 82.830242735495133, 25.553353579441371 ], [ 82.831053807242441, 25.553353811102269 ], [ 82.831834925772867, 25.553340578283965 ], [ 82.832566364531573, 25.553191838356994 ], [ 82.833262416371682, 25.553021288999332 ], [ 82.833525898414223, 25.552913678863664 ], [ 82.833964617170039, 25.552849220578249 ], [ 82.83426307278269, 25.55296664532144 ], [ 82.834704741713523, 25.553425291270734 ], [ 82.83599437255566, 25.553662110925544 ], [ 82.836531660529573, 25.553901455030633 ], [ 82.837029086835798, 25.554195013584302 ], [ 82.837432049462265, 25.554461395370534 ], [ 82.837660805667952, 25.554718716463931 ], [ 82.83770053008206, 25.554980519514533 ], [ 82.837735333091445, 25.555364175551535 ], [ 82.837869449458239, 25.555838151566704 ], [ 82.83847622994216, 25.556668725729999 ], [ 82.838625400259673, 25.557029856986428 ], [ 82.838873894213108, 25.558230464037756 ], [ 82.83886360272021, 25.558673694502069 ], [ 82.838709448720167, 25.559031597708529 ], [ 82.838345987761542, 25.559530225590755 ], [ 82.838186669823315, 25.559918348551442 ], [ 82.838146755241141, 25.560432874320423 ], [ 82.837979917666104, 25.560848058129569 ], [ 82.837629023494458, 25.56119324255377 ], [ 82.837549226890047, 25.561696437671152 ], [ 82.837882387455679, 25.562396154113209 ], [ 82.837922004208636, 25.562996486444707 ], [ 82.837939290580351, 25.563617061188751 ], [ 82.837613272531598, 25.563876466277602 ], [ 82.837175300244013, 25.564223932885003 ], [ 82.837070693484904, 25.564526278566674 ], [ 82.83714984630943, 25.565993134590226 ], [ 82.837070046248812, 25.566498631811694 ], [ 82.83696540624959, 25.566909316103917 ], [ 82.836671754713862, 25.56716200361333 ], [ 82.836407894505214, 25.567559119352431 ], [ 82.836273446484711, 25.567870571600253 ], [ 82.836461248998063, 25.568259596982166 ], [ 82.83697987264911, 25.568353660408832 ], [ 82.837293371268231, 25.568267947664296 ], [ 82.837810949102348, 25.568177765629855 ], [ 82.839536329970358, 25.568129499731953 ], [ 82.840741929184887, 25.568182993615874 ], [ 82.841592750162008, 25.568183257694766 ], [ 82.842116908227027, 25.567902383102421 ], [ 82.842677812118552, 25.567199502555368 ], [ 82.84310091097565, 25.566644458644216 ], [ 82.843683289279198, 25.566260920723558 ], [ 82.844454565591022, 25.566116641448335 ], [ 82.845805370895064, 25.565751349865277 ], [ 82.846892990798239, 25.565250546567363 ], [ 82.850466201668198, 25.562769451338298 ], [ 82.850740002714048, 25.562579321848705 ], [ 82.851242682286525, 25.562191232929056 ], [ 82.852177400847808, 25.562119125063326 ], [ 82.852481063078983, 25.562060005886519 ], [ 82.852894618486602, 25.562182429944023 ], [ 82.853352393718296, 25.562263782094718 ], [ 82.853810106976837, 25.562561700850182 ], [ 82.854234270540047, 25.56293189969146 ], [ 82.854830127967233, 25.562936472301708 ], [ 82.855156877195469, 25.562956079028449 ], [ 82.855631206537595, 25.563392432891156 ], [ 82.856009256879531, 25.564015366187942 ], [ 82.856312705806474, 25.564566016483244 ], [ 82.85679033428525, 25.565640328696563 ], [ 82.857665749370184, 25.567806890132658 ], [ 82.858267563724553, 25.570244215354439 ], [ 82.858432327022271, 25.571205504820636 ], [ 82.858536018366195, 25.571810392043197 ], [ 82.858535953343392, 25.572388066755757 ], [ 82.858603420617456, 25.573467835014181 ], [ 82.858665123131331, 25.574455226670985 ], [ 82.858874011509158, 25.575136841650114 ], [ 82.858983482204891, 25.575443728488814 ], [ 82.859485885590601, 25.577023447254614 ], [ 82.85964344706791, 25.577560409545086 ], [ 82.860072988546207, 25.577899096982783 ], [ 82.860933884068757, 25.578269278727699 ], [ 82.86453179625677, 25.579605535189955 ], [ 82.866930519756181, 25.580219595431025 ], [ 82.867273866496816, 25.580147352911524 ], [ 82.867826287756188, 25.579939809548705 ], [ 82.868179746543063, 25.579729945138453 ], [ 82.86952970785444, 25.578578569408606 ], [ 82.869941384263711, 25.578179593555003 ], [ 82.870877026223155, 25.577227309379687 ], [ 82.871822596447785, 25.576207273112157 ], [ 82.872917148865653, 25.574998936966139 ], [ 82.873091591680833, 25.574600535021794 ], [ 82.873191145933049, 25.574126595012913 ], [ 82.873277902798975, 25.57365461918976 ], [ 82.87357931978525, 25.573102037875298 ], [ 82.873579315800143, 25.57242504594948 ], [ 82.873285715503016, 25.57160814654458 ], [ 82.872997090687377, 25.570646734945697 ], [ 82.873126476959783, 25.569874935222323 ], [ 82.873395194463967, 25.568624773690097 ], [ 82.87368377421474, 25.56775814574759 ], [ 82.873917455758161, 25.567310255199644 ], [ 82.874216259366648, 25.566963805190063 ], [ 82.874639226526924, 25.566841932343841 ], [ 82.875057223584136, 25.566878007556209 ], [ 82.8755395065713, 25.566853508026547 ], [ 82.876833734277255, 25.566787762876029 ], [ 82.879809424711539, 25.56662519067746 ], [ 82.881640521810709, 25.566530287161896 ], [ 82.883178165468252, 25.566769413692505 ], [ 82.883894726139403, 25.567202698641406 ], [ 82.884397417315682, 25.567757781232068 ], [ 82.884621367583605, 25.568430271000896 ], [ 82.885288211076272, 25.568998923963061 ], [ 82.885857100885971, 25.569260836941549 ], [ 82.886442690596994, 25.569229033669441 ], [ 82.88870692223486, 25.568776624974571 ], [ 82.889154646716349, 25.568687197653645 ], [ 82.88929907690499, 25.569382224358662 ], [ 82.889493141227334, 25.569652989715312 ], [ 82.889816532092141, 25.569774806398524 ], [ 82.89040382696983, 25.569869538903976 ], [ 82.891746789212959, 25.569747864063764 ], [ 82.893304835412835, 25.569413367005684 ], [ 82.895046436659882, 25.569237056753945 ], [ 82.895305346938272, 25.569647838717085 ], [ 82.895529324449114, 25.570248034597498 ], [ 82.895803232413698, 25.571389905249696 ], [ 82.895873017228411, 25.57178703260125 ], [ 82.896221260047923, 25.571768942732831 ], [ 82.896619373879616, 25.571723778632116 ], [ 82.898158113753169, 25.571379776092996 ], [ 82.898619734466664, 25.571276575099279 ], [ 82.899590072194755, 25.571037272937641 ], [ 82.901943801719412, 25.570707321724917 ], [ 82.903670427667222, 25.570246668164305 ], [ 82.90514180228493, 25.569950741484583 ], [ 82.905849858208427, 25.569808355490625 ], [ 82.906511684337687, 25.569641240142101 ], [ 82.908814816559087, 25.569095619986957 ], [ 82.910955480734501, 25.568593451965018 ], [ 82.911621787391539, 25.568434906653827 ], [ 82.91199756423751, 25.568361852658207 ], [ 82.912945489386871, 25.568285652690289 ], [ 82.913403299136561, 25.568357785537941 ], [ 82.913771596915822, 25.56852464914726 ], [ 82.914415696968959, 25.569055459969661 ], [ 82.915404104074398, 25.569614213807345 ], [ 82.916021155145188, 25.569688515425373 ], [ 82.916590851062395, 25.569549265027213 ], [ 82.917941877712977, 25.569308828150668 ], [ 82.91892219944728, 25.569322068492106 ], [ 82.919618945536598, 25.569543041249467 ], [ 82.920153498191013, 25.569992020045252 ], [ 82.921381190367072, 25.571383958799185 ], [ 82.921669983722978, 25.571839676901686 ], [ 82.921998549473969, 25.572065247452922 ], [ 82.922526042663904, 25.572200495203205 ], [ 82.923272337015888, 25.571762440070302 ], [ 82.923462616307333, 25.571210030076369 ], [ 82.923510745194079, 25.570674615686247 ], [ 82.923575248556915, 25.570318105325462 ], [ 82.923664696277754, 25.569920808691336 ], [ 82.923898551429545, 25.56976277973763 ], [ 82.924361262087757, 25.569640758255272 ], [ 82.92502306993353, 25.569496114924078 ], [ 82.925507840994015, 25.569444754443818 ], [ 82.92596346472213, 25.569396479221098 ], [ 82.926431180248215, 25.569360236145645 ], [ 82.9267596312188, 25.56925178243727 ], [ 82.927815978013342, 25.568955637745162 ], [ 82.928371677589297, 25.568799821349838 ], [ 82.928691719602654, 25.568711191124358 ], [ 82.929073236925817, 25.56860553599369 ], [ 82.931690312408065, 25.567882372782506 ], [ 82.932177935290412, 25.567679037988281 ], [ 82.932953970824826, 25.567277055306754 ], [ 82.933416547211536, 25.566911270232907 ], [ 82.933655285809479, 25.566604295574194 ], [ 82.933814353280439, 25.566283730938338 ], [ 82.93431143638972, 25.565308677897914 ], [ 82.934385962503882, 25.564974614136876 ], [ 82.934653906840836, 25.563593457401222 ], [ 82.93467369967243, 25.563191669329854 ], [ 82.934886836479464, 25.561598365827663 ], [ 82.934932342170455, 25.560715622299131 ], [ 82.935069957724437, 25.559648482955033 ], [ 82.935398157970297, 25.558173072352645 ], [ 82.935869214844246, 25.556055421311161 ], [ 82.936102875387959, 25.555793547733938 ], [ 82.93904264962805, 25.554546013398603 ], [ 82.939445816348709, 25.554374904451926 ], [ 82.940196908693096, 25.554106037828266 ], [ 82.940455498530071, 25.553905033904488 ], [ 82.940803691867032, 25.553460175943115 ], [ 82.941226184467681, 25.552812472332231 ], [ 82.941439730336867, 25.552162439204974 ], [ 82.941543942193945, 25.551607260050915 ], [ 82.941588141257753, 25.5505916954368 ], [ 82.941726512266442, 25.548849468995421 ], [ 82.94185552543405, 25.548379976837158 ], [ 82.94209424464006, 25.548140638273594 ], [ 82.942835185129553, 25.547476836164929 ], [ 82.943029060262475, 25.547251050971482 ], [ 82.943282680692704, 25.546993709887523 ], [ 82.943382076618335, 25.546740857352354 ], [ 82.943318021809091, 25.546440815044726 ], [ 82.942839526804832, 25.546334903759305 ], [ 82.942385384324737, 25.54621662703514 ], [ 82.94215873694651, 25.545814420720134 ], [ 82.942015512347595, 25.545450625000782 ], [ 82.941639749595922, 25.545098795042016 ], [ 82.941102445375023, 25.544972652391035 ], [ 82.940614729326995, 25.544864513888765 ], [ 82.940311184158148, 25.544724729646493 ], [ 82.940042437189859, 25.544443942477731 ], [ 82.939919308123777, 25.543924030451063 ], [ 82.940011868145021, 25.543136154244472 ], [ 82.940160560090192, 25.542084453490126 ], [ 82.9405221050866, 25.539109981849339 ], [ 82.94045592626594, 25.538465354480095 ], [ 82.940357043217873, 25.537602508051577 ], [ 82.940386504163058, 25.536907446965834 ], [ 82.940649448507102, 25.535521653231203 ], [ 82.940942372701954, 25.534424781190026 ], [ 82.941454081288711, 25.533246531900023 ], [ 82.941891297173484, 25.532221760004315 ], [ 82.942328785377569, 25.531711528618835 ], [ 82.943651366734315, 25.530523883539054 ], [ 82.944591146620908, 25.529868992844651 ], [ 82.945073537639729, 25.529674731433328 ], [ 82.945998756907755, 25.529607350990265 ], [ 82.946570884367546, 25.529565686071312 ], [ 82.94870496680079, 25.529686433262757 ], [ 82.949441173774346, 25.529649986602976 ], [ 82.949759469320099, 25.529559531314302 ], [ 82.950221962505054, 25.529360662074584 ], [ 82.950813358725455, 25.52908606528451 ], [ 82.95104252853163, 25.528922470054194 ], [ 82.951380590732697, 25.528642474015665 ], [ 82.951593543312526, 25.528456077598818 ], [ 82.951818021674754, 25.528118682996531 ], [ 82.951817438832308, 25.527179890063714 ], [ 82.951817170060451, 25.526746529674075 ], [ 82.9523486683144, 25.526530972348723 ], [ 82.95535814525806, 25.525530571235997 ], [ 82.956079395130743, 25.525464253629927 ], [ 82.956814165998438, 25.525175974035722 ], [ 82.956831586632731, 25.522680807163969 ], [ 82.956974276800167, 25.521347345384267 ], [ 82.956823384126068, 25.520147967783117 ], [ 82.956330701341912, 25.519349422699946 ], [ 82.955201539361653, 25.518730327076728 ], [ 82.953435042347792, 25.518024024332149 ], [ 82.952429066039301, 25.517604547536408 ], [ 82.951152204851482, 25.516763637965745 ], [ 82.950857048336445, 25.5164089040303 ], [ 82.950708453014485, 25.515920497613553 ], [ 82.95100834470189, 25.515277468192046 ], [ 82.951587854043595, 25.515073889853554 ], [ 82.952077470551558, 25.514939278473125 ], [ 82.953103588847739, 25.514003414779982 ], [ 82.953737087509666, 25.5128908056545 ], [ 82.954182489193784, 25.511415564317232 ], [ 82.95447566866288, 25.509329519943744 ], [ 82.954508839874961, 25.509067193924725 ], [ 82.95465141131514, 25.507689267137394 ], [ 82.954598839148488, 25.506578478083895 ], [ 82.954105819869838, 25.505646607980719 ], [ 82.95358935122276, 25.505048067231389 ], [ 82.953539067819321, 25.504648277528201 ], [ 82.954125634239205, 25.504202340807446 ], [ 82.954811079801104, 25.504022786480075 ], [ 82.955447533297146, 25.503843345363126 ], [ 82.95593639010059, 25.503486543560768 ], [ 82.956149000558526, 25.50317435576423 ], [ 82.957058090863285, 25.501839369426961 ], [ 82.957650013023169, 25.500458594302618 ], [ 82.958030746080325, 25.499570453024337 ], [ 82.958782078726529, 25.497057727525053 ], [ 82.958363357969816, 25.496370064399123 ], [ 82.957824069151144, 25.496282628417038 ], [ 82.956206401262264, 25.496064762668901 ], [ 82.955077711687295, 25.495534494083913 ], [ 82.954782287421779, 25.495090912573552 ], [ 82.954584602153304, 25.494558180294387 ], [ 82.954532718564195, 25.493669554375302 ], [ 82.954181573275619, 25.491137528269881 ], [ 82.954130744163763, 25.490559972891656 ], [ 82.954177996588513, 25.490026601240064 ], [ 82.955677072641052, 25.488387681240962 ], [ 82.956033422764236, 25.48802194789625 ], [ 82.956572071261675, 25.487931635123761 ], [ 82.957013611406239, 25.488108199043218 ], [ 82.957406599769101, 25.488418224979288 ], [ 82.957554580725585, 25.488728907174735 ], [ 82.957850017207491, 25.489172487513862 ], [ 82.957657629807628, 25.490283953038432 ], [ 82.957659071608347, 25.490728334902421 ], [ 82.957758212278648, 25.491083575136514 ], [ 82.957955632960989, 25.491527415329525 ], [ 82.958692190397301, 25.492014266811772 ], [ 82.959134315870472, 25.492368579972684 ], [ 82.959428718952765, 25.492501114395921 ], [ 82.959869987377814, 25.492588805819626 ], [ 82.960507399092464, 25.492720415611441 ], [ 82.961214209043632, 25.492718513516472 ], [ 82.962343851430461, 25.492426609693432 ], [ 82.962832941469642, 25.492158673393142 ], [ 82.963211272816267, 25.491985829556281 ], [ 82.964673914534671, 25.491449426004589 ], [ 82.964936732921245, 25.491219779196708 ], [ 82.96503298074748, 25.490686257452044 ], [ 82.965129064544342, 25.490108305152109 ], [ 82.965225750141883, 25.48970808872582 ], [ 82.96542344624595, 25.489287974131184 ], [ 82.965516358822256, 25.488685223528634 ], [ 82.965511440419277, 25.487194348843261 ], [ 82.965509906918072, 25.486729958410102 ], [ 82.965360119908951, 25.485886039516863 ], [ 82.964718377308429, 25.484421314359025 ], [ 82.96442234393146, 25.483799975638807 ], [ 82.964224020979159, 25.483089491595148 ], [ 82.964414592809632, 25.481444760729133 ], [ 82.964412878254976, 25.480923740956261 ], [ 82.964264849521925, 25.480600832965955 ], [ 82.964018864929827, 25.480290435698908 ], [ 82.963944261990846, 25.479957340625901 ], [ 82.964212139790305, 25.479467792997589 ], [ 82.963794522897302, 25.479113427330628 ], [ 82.962961648223882, 25.479115681973539 ], [ 82.962568899764463, 25.478872316996064 ], [ 82.962174132436445, 25.478006823365455 ], [ 82.961878704637542, 25.477563244692373 ], [ 82.961191218197186, 25.477076274693541 ], [ 82.960307327735933, 25.476456490020116 ], [ 82.959670023959958, 25.476324891442271 ], [ 82.958935125951172, 25.47632686260479 ], [ 82.958250252904421, 25.476639761753205 ], [ 82.957565665007422, 25.477041553861508 ], [ 82.956882779799258, 25.477198334333927 ], [ 82.956586560595483, 25.477266354917866 ], [ 82.956194610935725, 25.477267398933996 ], [ 82.955802119374667, 25.477090702661616 ], [ 82.95560514011072, 25.476780143786712 ], [ 82.955505997164607, 25.476424895865701 ], [ 82.955567941664739, 25.475899411594295 ], [ 82.955747794568822, 25.475446588682139 ], [ 82.955843205046591, 25.474646428019998 ], [ 82.955496673350083, 25.473536389970697 ], [ 82.955347709693399, 25.472914634758432 ], [ 82.955394538119279, 25.472247926681582 ], [ 82.955637939569954, 25.471758452125901 ], [ 82.956273351162238, 25.471312351433028 ], [ 82.95659911440039, 25.470961054022322 ], [ 82.957347399375195, 25.470154073732157 ], [ 82.957786219047364, 25.46950853656837 ], [ 82.957540017028833, 25.469131439064352 ], [ 82.956362128899372, 25.468467996937662 ], [ 82.955109550252132, 25.467427022485548 ], [ 82.954178055849525, 25.467207304737542 ], [ 82.953834573286116, 25.467030456225988 ], [ 82.953393673229584, 25.467031625587261 ], [ 82.952953629736285, 25.467299428132421 ], [ 82.951781042155062, 25.468280183648542 ], [ 82.951389970358221, 25.468547853524036 ], [ 82.950999481122352, 25.468993277267362 ], [ 82.950707389056262, 25.469571753496648 ], [ 82.950512576435045, 25.46992778320443 ], [ 82.950072234787399, 25.470106685297857 ], [ 82.949770236414309, 25.470229389413365 ], [ 82.949093848522168, 25.470553664501377 ], [ 82.948801345947587, 25.470998810458223 ], [ 82.94850950729942, 25.471666175716788 ], [ 82.947729477419443, 25.472868057732079 ], [ 82.94724083095025, 25.473269304854526 ], [ 82.946358869337828, 25.473227165053306 ], [ 82.945622337458403, 25.472695795336534 ], [ 82.945080623817319, 25.471808430528849 ], [ 82.94458413317605, 25.469721072018064 ], [ 82.94448309675046, 25.46874366401617 ], [ 82.944310715283279, 25.4680875255107 ], [ 82.943496173977977, 25.466479834554846 ], [ 82.940742578480481, 25.463198408164132 ], [ 82.94045794094248, 25.462941662536895 ], [ 82.940153065041073, 25.462666630940589 ], [ 82.939760740454162, 25.462534340347588 ], [ 82.939124071461578, 25.462580408702777 ], [ 82.938342340235323, 25.463249016899471 ], [ 82.937122618057316, 25.464851941521744 ], [ 82.936927622490884, 25.465163526893328 ], [ 82.936536271964087, 25.465342283082528 ], [ 82.93614421884061, 25.465298849822329 ], [ 82.935604409932822, 25.464989137635087 ], [ 82.935209752299031, 25.464101344876095 ], [ 82.934743073847571, 25.463680361387077 ], [ 82.934301500095174, 25.463459289416608 ], [ 82.933566156392743, 25.463283391543154 ], [ 82.933076155690884, 25.463240186739252 ], [ 82.931802877649076, 25.4633767288915 ], [ 82.930627191646664, 25.463379687980964 ], [ 82.929597995718893, 25.463226730271955 ], [ 82.929211910409819, 25.463024918477526 ], [ 82.928861916516411, 25.462806407662164 ], [ 82.928570648765117, 25.462621096999097 ], [ 82.928273108074066, 25.462496794035509 ], [ 82.927930207002746, 25.462497651089297 ], [ 82.927299220911678, 25.462363313127554 ], [ 82.926140189855303, 25.461835521972112 ], [ 82.925802996591486, 25.461999055182368 ], [ 82.924111369629316, 25.463218190512283 ], [ 82.922692725881191, 25.463888289937355 ], [ 82.922352473262634, 25.464777928072102 ], [ 82.921572658611694, 25.466113027561555 ], [ 82.92108450772011, 25.466691952668782 ], [ 82.921086098889504, 25.467225210693041 ], [ 82.921185529619137, 25.467713795715532 ], [ 82.921334088610351, 25.468246704102821 ], [ 82.921040816568166, 25.468469618577121 ], [ 82.920403567949421, 25.468337870602735 ], [ 82.918439923262198, 25.466965059161666 ], [ 82.916133391029462, 25.465593054064417 ], [ 82.914832157052487, 25.464551886815951 ], [ 82.914429630019413, 25.464067719763563 ], [ 82.914364100929561, 25.46364200545624 ], [ 82.914730121358744, 25.463174503519113 ], [ 82.915267426056744, 25.462639923476928 ], [ 82.915642636676637, 25.462126372820169 ], [ 82.916192521909991, 25.460726777980003 ], [ 82.916484098149141, 25.459926147518438 ], [ 82.916432730022166, 25.459126350542952 ], [ 82.916331878755216, 25.458148927192873 ], [ 82.915147478714999, 25.45517432438853 ], [ 82.913202909784502, 25.451868227518659 ], [ 82.912989005041084, 25.451405938015125 ], [ 82.912807780971079, 25.450758173352803 ], [ 82.912657973076605, 25.449780838690973 ], [ 82.912752959834947, 25.448758495694367 ], [ 82.913142848075665, 25.448090937401719 ], [ 82.913140766597323, 25.447379903996254 ], [ 82.91287614883413, 25.446508658707465 ], [ 82.912597569083374, 25.445870222021156 ], [ 82.912352018068958, 25.445648617152642 ], [ 82.912058128660405, 25.445649324543179 ], [ 82.91166641332866, 25.445694700686886 ], [ 82.910343525807079, 25.445564561638431 ], [ 82.90671674619054, 25.444817723594817 ], [ 82.906226177917418, 25.444552243187598 ], [ 82.905954790051382, 25.444167526338944 ], [ 82.905632419701007, 25.442464928927254 ], [ 82.905451977266651, 25.439332267540536 ], [ 82.905546866767011, 25.43826546628614 ], [ 82.905592003099585, 25.436932131577901 ], [ 82.90583487925926, 25.43622049136453 ], [ 82.906078869086841, 25.435908817106831 ], [ 82.906458597295952, 25.435769943124662 ], [ 82.907351635994246, 25.435683606959309 ], [ 82.907718329111063, 25.435460519044003 ], [ 82.907544987354697, 25.434794313902042 ], [ 82.907200999867683, 25.434395153535394 ], [ 82.906661596838575, 25.434174234375735 ], [ 82.905632958079863, 25.43413222492109 ], [ 82.904947023981393, 25.434044965357295 ], [ 82.904211838290053, 25.433868937416417 ], [ 82.903504068560068, 25.433230040578195 ], [ 82.903278866500187, 25.433026769508366 ], [ 82.902983515131751, 25.43249414906602 ], [ 82.902982118831929, 25.432005299557776 ], [ 82.903759564294759, 25.430783458246037 ], [ 82.905079274419634, 25.428933887810562 ], [ 82.905762756985041, 25.42817676293042 ], [ 82.905899485231728, 25.427801326611387 ], [ 82.906054323850682, 25.427376116766819 ], [ 82.906055787596287, 25.426574496581793 ], [ 82.905927600380139, 25.425887619049121 ], [ 82.905581691168862, 25.424821826823369 ], [ 82.905188094002185, 25.42397475439261 ], [ 82.904694710314104, 25.422912919576245 ], [ 82.904153700925733, 25.422114236424576 ], [ 82.903417101560791, 25.421404895756318 ], [ 82.901553334510865, 25.420431577122919 ], [ 82.900671069781964, 25.420166973629282 ], [ 82.900132896531545, 25.420346002748694 ], [ 82.899595209154555, 25.420702796935569 ], [ 82.899229678266465, 25.420990761966458 ], [ 82.898520186191689, 25.421549701037446 ], [ 82.897982505866878, 25.421906506569755 ], [ 82.897542371898098, 25.422129718351538 ], [ 82.897083590629194, 25.422214089737757 ], [ 82.896710064875307, 25.422220532166605 ], [ 82.895925896275685, 25.42200014339053 ], [ 82.89518929159172, 25.421290768258714 ], [ 82.89523576430777, 25.420401828573318 ], [ 82.895283016949662, 25.419779525960681 ], [ 82.895477543517998, 25.419290203309941 ], [ 82.895623323159171, 25.418889890307003 ], [ 82.895671038385856, 25.418445369277357 ], [ 82.895523017530337, 25.418045723193377 ], [ 82.895178467952064, 25.417424323136377 ], [ 82.895128015158022, 25.416891140560548 ], [ 82.895271818596925, 25.415779736484648 ], [ 82.896099567690399, 25.414089014375847 ], [ 82.896439620619645, 25.413110485419956 ], [ 82.896829261809117, 25.412354069312862 ], [ 82.897635745506747, 25.411818883716574 ], [ 82.89806250735306, 25.41177344883841 ], [ 82.898541813406325, 25.411861218777258 ], [ 82.898933818219277, 25.411949190197095 ], [ 82.899276971106744, 25.412081728166786 ], [ 82.899570681167333, 25.412036591603691 ], [ 82.89991295517035, 25.411858021151044 ], [ 82.900205875695221, 25.411546242778833 ], [ 82.900840971460013, 25.411011426613861 ], [ 82.901672291909733, 25.410609512797535 ], [ 82.902504290053145, 25.410429771831822 ], [ 82.903189583259831, 25.410339273939044 ], [ 82.903630053123976, 25.410249364801452 ], [ 82.904119352188658, 25.410114886605218 ], [ 82.904215428351165, 25.409558008300554 ], [ 82.904647360134391, 25.406490419879457 ], [ 82.904792767371788, 25.40595675629379 ], [ 82.905134509909303, 25.405600417470474 ], [ 82.905917856760141, 25.40532379064318 ], [ 82.908315450800856, 25.404926215666237 ], [ 82.909196571885374, 25.404835225409478 ], [ 82.909734707475252, 25.404656150550604 ], [ 82.910124955158651, 25.404144134843197 ], [ 82.910417400803411, 25.40367676007304 ], [ 82.91075925307679, 25.403364859661483 ], [ 82.910954348990813, 25.403097714251704 ], [ 82.91100240000408, 25.402786503373726 ], [ 82.911001494681088, 25.402475409480747 ], [ 82.910657446812394, 25.402031800067551 ], [ 82.909822703812083, 25.401233818475134 ], [ 82.909478920339225, 25.400879107043238 ], [ 82.908890686641641, 25.400658288879349 ], [ 82.907175622209479, 25.400217956795494 ], [ 82.906782990732168, 25.399907778452047 ], [ 82.906340764547707, 25.399375503706896 ], [ 82.905946875173925, 25.398620904383293 ], [ 82.905781566511209, 25.398193093848516 ], [ 82.905334270231606, 25.397035617789214 ], [ 82.905157578357375, 25.396578379013846 ], [ 82.904615265524171, 25.395290798422714 ], [ 82.904369050703338, 25.394802504307865 ], [ 82.904123093391249, 25.394403082326246 ], [ 82.90382880236929, 25.394226016100312 ], [ 82.903192049434125, 25.394138629919819 ], [ 82.902359894057938, 25.394229477969382 ], [ 82.901674805043811, 25.394364394321226 ], [ 82.901087619430996, 25.394499112994286 ], [ 82.900647198291011, 25.394589031431341 ], [ 82.900151506334936, 25.395162820932992 ], [ 82.900111516314254, 25.395612485421811 ], [ 82.900358473406214, 25.396367445247435 ], [ 82.900761466764493, 25.397094321272217 ], [ 82.90195167006938, 25.398167791670581 ], [ 82.90232324082605, 25.398540572626949 ], [ 82.902851339834598, 25.399150427112801 ], [ 82.902523010220989, 25.399917848891292 ], [ 82.902009954264855, 25.400296806631264 ], [ 82.901448178258264, 25.400764786086174 ], [ 82.901130844915599, 25.401098853680303 ], [ 82.900534097089093, 25.401454300702689 ], [ 82.899539932671345, 25.402205361592525 ], [ 82.899322884105061, 25.402436385005053 ], [ 82.899127766611514, 25.402703501124705 ], [ 82.899080444188868, 25.403281369183325 ], [ 82.899179770080579, 25.403770007818693 ], [ 82.899327408880126, 25.404036322803229 ], [ 82.899572867747295, 25.404257958885836 ], [ 82.900259913356209, 25.40478968803605 ], [ 82.900505407389275, 25.405011308140207 ], [ 82.900910248488913, 25.405383433259487 ], [ 82.901143975675254, 25.405720906458225 ], [ 82.901439061112228, 25.406164646059917 ], [ 82.901587211756834, 25.406608731238926 ], [ 82.901639392979291, 25.407741896991727 ], [ 82.901493831074433, 25.40820888995848 ], [ 82.901152561347516, 25.408743006794388 ], [ 82.900614794642721, 25.409055359480547 ], [ 82.899979093013457, 25.409367955180365 ], [ 82.899000224225546, 25.409547996736034 ], [ 82.89820545000741, 25.40963310881294 ], [ 82.897727412407434, 25.409684295425883 ], [ 82.896833561254539, 25.409735874323626 ], [ 82.895965652358214, 25.410088375721628 ], [ 82.895379282938904, 25.410534146210477 ], [ 82.895086229655249, 25.41080149580846 ], [ 82.894891092193774, 25.411068587813443 ], [ 82.894794261860696, 25.411468805949596 ], [ 82.894440075526944, 25.411769591877999 ], [ 82.893987574141676, 25.41193731098749 ], [ 82.893644540221501, 25.411849199714343 ], [ 82.893104782000862, 25.411450446035289 ], [ 82.891829341466789, 25.410653426558049 ], [ 82.891290471026537, 25.410565775131644 ], [ 82.890703052290263, 25.41065600168135 ], [ 82.890017978299213, 25.410835320237151 ], [ 82.889577622089035, 25.410969645445039 ], [ 82.888255724852272, 25.411061550872272 ], [ 82.887623076578066, 25.411158718330547 ], [ 82.88708094570417, 25.411241982046626 ], [ 82.886738640308749, 25.411420527292826 ], [ 82.886445446684036, 25.41164339826263 ], [ 82.886055136775823, 25.412177578319795 ], [ 82.885811385903168, 25.412578121032642 ], [ 82.885567755897313, 25.413023098668305 ], [ 82.884590536843973, 25.41382525036185 ], [ 82.884199626016255, 25.414137237702736 ], [ 82.883906890324184, 25.414537870178123 ], [ 82.883810299993343, 25.41502694982292 ], [ 82.883419488286876, 25.415383382605615 ], [ 82.882930392374362, 25.415606668500157 ], [ 82.882294003783898, 25.415696975353146 ], [ 82.881461260696838, 25.415609946728033 ], [ 82.880922705090384, 25.415655597464124 ], [ 82.880531660755494, 25.415923124231558 ], [ 82.880093432652714, 25.416857385972769 ], [ 82.879704518764868, 25.417924870474963 ], [ 82.878678510007759, 25.418815993374508 ], [ 82.87819022878854, 25.419350367732015 ], [ 82.877774018050417, 25.419603494487554 ], [ 82.87721378771424, 25.419708061023147 ], [ 82.876917918541707, 25.419708712998652 ], [ 82.876623356783938, 25.419442707181638 ], [ 82.876279596063767, 25.419087921621273 ], [ 82.876130683200529, 25.418332735463139 ], [ 82.875879726425936, 25.4175558228204 ], [ 82.875734756649052, 25.416778137640406 ], [ 82.875684258142925, 25.416200471952195 ], [ 82.875487541339623, 25.415889826763717 ], [ 82.875192785541856, 25.415534917847424 ], [ 82.875191604444836, 25.415090507182825 ], [ 82.875336744972842, 25.41442355746808 ], [ 82.87543326322708, 25.413890032546362 ], [ 82.875234895561206, 25.412957162030423 ], [ 82.874939438710129, 25.412335623813469 ], [ 82.874423898675374, 25.411825671138338 ], [ 82.87373713480541, 25.411382741541441 ], [ 82.873490865623936, 25.410849979798289 ], [ 82.873489455412141, 25.410316665669793 ], [ 82.873529874794386, 25.409785363825712 ], [ 82.873681455900268, 25.408849635659831 ], [ 82.874460952429331, 25.407336867249054 ], [ 82.874508479070059, 25.40680345974701 ], [ 82.874464949987399, 25.406379997831682 ], [ 82.874113105925062, 25.405426593234104 ], [ 82.873226875300404, 25.403606372764191 ], [ 82.873177214027706, 25.403339806860156 ], [ 82.872980754680825, 25.403118011052818 ], [ 82.872540053339463, 25.403118971401184 ], [ 82.871779484095001, 25.403511988567072 ], [ 82.871269746239193, 25.404188386927085 ], [ 82.870344627420621, 25.406190315567816 ], [ 82.869906595708528, 25.407213446831655 ], [ 82.869027260253389, 25.408015322174023 ], [ 82.867902959951493, 25.408773267530346 ], [ 82.867217982036678, 25.408996961568953 ], [ 82.866581168756028, 25.408909438935527 ], [ 82.865846522473163, 25.408866561862368 ], [ 82.865552611867955, 25.408822739964805 ], [ 82.865210055412973, 25.408912371466805 ], [ 82.864819213058297, 25.40926873372743 ], [ 82.864574832998585, 25.409447027435732 ], [ 82.864281364198263, 25.409580987813388 ], [ 82.863880101951708, 25.409648087854837 ], [ 82.862861400323723, 25.409628440119505 ], [ 82.862199748547525, 25.409407627213913 ], [ 82.861978477376525, 25.409052558367506 ], [ 82.861781116366927, 25.408475206891232 ], [ 82.861289053262141, 25.407542964153251 ], [ 82.860355377279504, 25.406256089516273 ], [ 82.859913307465646, 25.405723701192208 ], [ 82.859814245506485, 25.405279475387736 ], [ 82.859959772412523, 25.404745851941247 ], [ 82.860203615782297, 25.404345354951513 ], [ 82.860692027010302, 25.403855442557283 ], [ 82.86117769014254, 25.402298924361432 ], [ 82.861469651633413, 25.40168938705478 ], [ 82.861517616347712, 25.401187110822807 ], [ 82.861467408955093, 25.400698345653009 ], [ 82.861270403928415, 25.400254342216833 ], [ 82.861269608002843, 25.399943231251058 ], [ 82.861317766434027, 25.399632032692573 ], [ 82.861488530969794, 25.399387226409868 ], [ 82.862487116841052, 25.399316505844627 ], [ 82.86280539411112, 25.399315833273839 ], [ 82.863318902841115, 25.399070299479501 ], [ 82.863391262628184, 25.398647927635661 ], [ 82.863292406799701, 25.398292603609853 ], [ 82.862970264222838, 25.397948688340136 ], [ 82.86275229668118, 25.397715987892017 ], [ 82.862310733272054, 25.397361359411438 ], [ 82.86172234330661, 25.397051521175509 ], [ 82.860889966755693, 25.397053277632288 ], [ 82.859862163381194, 25.39723320083516 ], [ 82.859323895980651, 25.397367655277094 ], [ 82.858834259278211, 25.39736868388022 ], [ 82.858491162928075, 25.397236078825021 ], [ 82.858049352894483, 25.396792567105443 ], [ 82.857852363671498, 25.39634855654808 ], [ 82.857557355320338, 25.395860284408382 ], [ 82.857262783178342, 25.395549799494173 ], [ 82.856478230522981, 25.395107013110479 ], [ 82.856330456974021, 25.39475175498584 ], [ 82.855838478733148, 25.393819464864855 ], [ 82.855543114186844, 25.393197861747403 ], [ 82.855542218581405, 25.392842328351264 ], [ 82.855982215637894, 25.392574734371546 ], [ 82.857513191565246, 25.391626990340754 ], [ 82.854309782587137, 25.390897433070613 ], [ 82.853917324287991, 25.390587129133035 ], [ 82.853867561069038, 25.390276147380892 ], [ 82.854111061799401, 25.389742312792208 ], [ 82.854452335498195, 25.389163826069801 ], [ 82.854597882437787, 25.388630193311283 ], [ 82.854548261306903, 25.388363645976614 ], [ 82.854302757592436, 25.38809748943569 ], [ 82.853371165145006, 25.387566083547469 ], [ 82.851562369181181, 25.386904780002475 ], [ 82.849744745189113, 25.386240218134589 ], [ 82.848911992601032, 25.38606414214545 ], [ 82.848275496936083, 25.386065438961506 ], [ 82.847884253088523, 25.38624401208379 ], [ 82.847591801870863, 25.386777922670941 ], [ 82.847398062025832, 25.387622765666759 ], [ 82.847154866820532, 25.388289915016507 ], [ 82.846715336103401, 25.388735232713387 ], [ 82.845442755013877, 25.388915598563614 ], [ 82.844659469167837, 25.38896161442841 ], [ 82.84299382280696, 25.388564955229004 ], [ 82.840970719142007, 25.388016281919722 ], [ 82.840690269332313, 25.387591798065024 ], [ 82.841178600648675, 25.387057509799721 ], [ 82.841617422684422, 25.38630107319959 ], [ 82.841203047021267, 25.385682924978155 ], [ 82.840856549421503, 25.38548037405975 ], [ 82.839440323904554, 25.384928576594778 ], [ 82.838700262450473, 25.384640218887579 ], [ 82.836862077668741, 25.384640909928173 ], [ 82.835322319645343, 25.384474554989094 ], [ 82.834635028744714, 25.383981556961427 ], [ 82.83419354713773, 25.383626849270001 ], [ 82.833728494444912, 25.383649989090767 ], [ 82.83341145728707, 25.384161723706409 ], [ 82.832972911573847, 25.385051450913608 ], [ 82.832581756609613, 25.385274427131296 ] ] ] } },
{ "type": "Feature", "properties": { "block_name": "Sadar (Urban/Peri-Urban)" }, "geometry": { "type": "MultiPolygon", "coordinates": [ [ [ [ 82.96234167899361, 25.247775534422193 ], [ 82.96215064308663, 25.247578241496942 ], [ 82.961658451272541, 25.246763671201332 ], [ 82.961139799345219, 25.246196391960385 ], [ 82.960675904918389, 25.245727882924683 ], [ 82.959858513568136, 25.245284993160688 ], [ 82.959205204751939, 25.245113730205038 ], [ 82.958797131129828, 25.245065323479722 ], [ 82.958443791253075, 25.245140488704635 ], [ 82.957764492791199, 25.245364832147743 ], [ 82.957302947903145, 25.245613292252003 ], [ 82.95697726276363, 25.245811970860924 ], [ 82.956583276864819, 25.245936672172192 ], [ 82.955916579353669, 25.245839519022127 ], [ 82.955481329824835, 25.245791247467434 ], [ 82.954987568742084, 25.245925234568176 ], [ 82.954413012965517, 25.246281956392501 ], [ 82.954032730640321, 25.246431344133985 ], [ 82.953679384959543, 25.246506487377239 ], [ 82.953216703066914, 25.246408778648302 ], [ 82.952618319870979, 25.246385650755567 ], [ 82.951802766738751, 25.246511458371444 ], [ 82.951231873636829, 25.246587124415978 ], [ 82.950769646763618, 25.246662488663048 ], [ 82.950253578266839, 25.2468616566814 ], [ 82.949601075640061, 25.246937578452219 ], [ 82.949220315963856, 25.246938578396836 ], [ 82.948811655786812, 25.246741822292385 ], [ 82.948565345273352, 25.246272686436019 ], [ 82.94836492379909, 25.245349884251148 ], [ 82.947908093272957, 25.246065900443391 ], [ 82.947449928763817, 25.246678389718205 ], [ 82.946814677456288, 25.247259236089537 ], [ 82.946037968882109, 25.247872553027953 ], [ 82.945720329714447, 25.248162974561104 ], [ 82.944695061470739, 25.248551737795186 ], [ 82.943067770159118, 25.248813393998933 ], [ 82.941859926660413, 25.249034989331488 ], [ 82.942721107830153, 25.249907505344201 ], [ 82.94395937527878, 25.250773405394199 ], [ 82.944613681521162, 25.251458057882733 ], [ 82.945164430025343, 25.251986974467041 ], [ 82.945749315388085, 25.252422253716027 ], [ 82.946299776314703, 25.252857547501467 ], [ 82.946815810305267, 25.253230619668297 ], [ 82.947346951674973, 25.253497007724423 ], [ 82.947984305639437, 25.253726732596057 ], [ 82.948499966633975, 25.254006120452054 ], [ 82.948878520262994, 25.254317117998177 ], [ 82.949290712711345, 25.254440845538689 ], [ 82.949668374989699, 25.254471031849601 ], [ 82.952106697417648, 25.254932593521239 ], [ 82.953618475566032, 25.25542775880411 ], [ 82.955549642355436, 25.256291028795697 ], [ 82.955516997433804, 25.256030993327137 ], [ 82.95565192547177, 25.255617708119434 ], [ 82.956013966007973, 25.255203865397469 ], [ 82.956809691435524, 25.253767893054839 ], [ 82.957691785962723, 25.252752177167377 ], [ 82.959509729712508, 25.25168266687859 ], [ 82.962190757019556, 25.251734261222566 ], [ 82.96321753436149, 25.253178833856992 ], [ 82.962932318138897, 25.254881345164947 ], [ 82.961833022740251, 25.255997329208903 ], [ 82.960169267507283, 25.25654852097955 ], [ 82.959291286911068, 25.256887289430018 ], [ 82.958737173981419, 25.257225228113558 ], [ 82.957952611833818, 25.257816090546726 ], [ 82.957324819958501, 25.258167569969647 ], [ 82.95702390327159, 25.25850425134681 ], [ 82.956343105408308, 25.258671222037052 ], [ 82.955164009528843, 25.259252377174249 ], [ 82.954076536791803, 25.26008100778153 ], [ 82.953669068928519, 25.260494966826954 ], [ 82.953352320876633, 25.260908668168682 ], [ 82.953082172618835, 25.261652620228322 ], [ 82.952947758258588, 25.262230987548488 ], [ 82.953087201906357, 25.263221501502514 ], [ 82.953135541043508, 25.264129743681565 ], [ 82.953228366034125, 25.264748754259944 ], [ 82.953229690273716, 25.265161685911476 ], [ 82.953094479759315, 25.265492343269948 ], [ 82.952709104756053, 25.265720418663658 ], [ 82.952232621980258, 25.265866173588311 ], [ 82.952401785650466, 25.266907677887556 ], [ 82.952464315452346, 25.267297010976279 ], [ 82.952281891285296, 25.267686982546181 ], [ 82.951854253610307, 25.267966341598335 ], [ 82.95081414029643, 25.26819166401749 ], [ 82.95020231175593, 25.268304532765431 ], [ 82.949529714888953, 25.26855670664483 ], [ 82.949439382348203, 25.269029891683228 ], [ 82.949715945095349, 25.269363029157184 ], [ 82.950084530309127, 25.269751543296078 ], [ 82.95081946410177, 25.269860926497888 ], [ 82.951309652838304, 25.269970890416491 ], [ 82.951638444824937, 25.269841794180806 ], [ 82.952227016241608, 25.269690297932389 ], [ 82.95314554391436, 25.269743458256841 ], [ 82.953819113837966, 25.269797336087088 ], [ 82.954431955528051, 25.26996261874606 ], [ 82.955534240647012, 25.270071003015669 ], [ 82.956416741003153, 25.270300610105739 ], [ 82.957061410450208, 25.268374281654356 ], [ 82.957751203875617, 25.267068718940045 ], [ 82.958350124031, 25.266268053402815 ], [ 82.958765152468061, 25.265846440559994 ], [ 82.959411676154559, 25.265466201337958 ], [ 82.960335959029877, 25.265127250656366 ], [ 82.96130662451624, 25.264830288108556 ], [ 82.962508661708384, 25.264532633667361 ], [ 82.963480162247322, 25.264487961666752 ], [ 82.964961735421781, 25.264778286332152 ], [ 82.966073069243635, 25.265027609479255 ], [ 82.966952874517432, 25.265235459844952 ], [ 82.967647865225999, 25.265527965654282 ], [ 82.96838994365514, 25.266072647874797 ], [ 82.968854079167471, 25.266491919318657 ], [ 82.969215069045546, 25.26652457280758 ], [ 82.969593094605301, 25.266111387435195 ], [ 82.970930625664636, 25.264804049247712 ], [ 82.97213056153042, 25.263917577841593 ], [ 82.973008555517865, 25.263578701986674 ], [ 82.973137332908379, 25.263342833915395 ], [ 82.974490579015864, 25.263995154889081 ], [ 82.975186128492695, 25.264455825229334 ], [ 82.975916986404812, 25.265107092564481 ], [ 82.97568031037666, 25.265937721702656 ], [ 82.975804244006071, 25.266709338105819 ], [ 82.97626422488446, 25.267675981799421 ], [ 82.976724048283856, 25.268467897728531 ], [ 82.977180949959845, 25.268738536845468 ], [ 82.977656310045163, 25.269103931346123 ], [ 82.978416883933235, 25.269641271586917 ], [ 82.978844708327784, 25.269920687709543 ], [ 82.979890498424552, 25.270329065471081 ], [ 82.980175713975058, 25.270694453568741 ], [ 82.980389625821317, 25.270930881413197 ], [ 82.980460929977241, 25.271511199888383 ], [ 82.980460929456811, 25.272091517270628 ], [ 82.980579769574533, 25.272994225647949 ], [ 82.980532233399245, 25.274369770292775 ], [ 82.980413393590965, 25.275465895150685 ], [ 82.979058619231054, 25.275315448007323 ], [ 82.978155437411772, 25.275014550540067 ], [ 82.97737109379824, 25.274649175880995 ], [ 82.97708587730564, 25.27436977042051 ], [ 82.976420374410466, 25.274025884922168 ], [ 82.975992551057473, 25.273853943114272 ], [ 82.975588496004988, 25.273703492888014 ], [ 82.975089368644518, 25.273445578602495 ], [ 82.974804152758907, 25.273252142151879 ], [ 82.97418618505894, 25.273015718090864 ], [ 82.973710825353578, 25.272843774831415 ], [ 82.973122726335035, 25.272746180710556 ], [ 82.973124117207291, 25.273161657747487 ], [ 82.973336032353728, 25.274226120668896 ], [ 82.973378995629531, 25.274822907608826 ], [ 82.97338177906903, 25.275653859761192 ], [ 82.973384687420662, 25.276522598387601 ], [ 82.97342944261861, 25.27746677940377 ], [ 82.973432604825149, 25.278411075999582 ], [ 82.973586300095164, 25.278770664342147 ], [ 82.972797934576846, 25.278896781368687 ], [ 82.972081757415495, 25.278991779464548 ], [ 82.971313690880862, 25.278854376449878 ], [ 82.970852398982458, 25.278623073791916 ], [ 82.970186707379554, 25.27848538325075 ], [ 82.969623721400538, 25.278486931824663 ], [ 82.968754313498479, 25.278628839006615 ], [ 82.967578264907814, 25.278911133182859 ], [ 82.966810801655399, 25.278959733934194 ], [ 82.965991958017312, 25.278961968473418 ], [ 82.965070686706454, 25.278917975151526 ], [ 82.964410239930459, 25.278827304816819 ], [ 82.963699302542636, 25.278118873037553 ], [ 82.963073639604303, 25.277440639902046 ], [ 82.962448476296487, 25.276913521772521 ], [ 82.961407838315964, 25.276425352726491 ], [ 82.960284632414258, 25.276088385560492 ], [ 82.959550879800759, 25.275748544163683 ], [ 82.959127667273833, 25.275826643762539 ], [ 82.957814673505055, 25.275714683533941 ], [ 82.956628887085174, 25.275679352183889 ], [ 82.955909222625522, 25.275719775113711 ], [ 82.954766484515517, 25.275876743626039 ], [ 82.954004654509063, 25.275994233294831 ], [ 82.953539553119398, 25.276226369850416 ], [ 82.953286618252875, 25.276573407159862 ], [ 82.952217715836312, 25.276229496357573 ], [ 82.951570441576251, 25.275501090598453 ], [ 82.949993529041365, 25.275729283370055 ], [ 82.949119427878912, 25.27596539318391 ], [ 82.947988473675892, 25.276342531253324 ], [ 82.946639920922593, 25.277021631403226 ], [ 82.946859861413742, 25.277467980438477 ], [ 82.947171444303606, 25.278355803611493 ], [ 82.947385017134593, 25.280787237620043 ], [ 82.9475935620775, 25.281628585593324 ], [ 82.947645448772604, 25.28226329627492 ], [ 82.952388070117976, 25.281089682111762 ], [ 82.952204018154589, 25.282310229418449 ], [ 82.952292458474574, 25.283464463102 ], [ 82.952548193009903, 25.284002546113747 ], [ 82.952973160140871, 25.28446321839877 ], [ 82.953652389797824, 25.285000179343104 ], [ 82.954458333384352, 25.285421333187244 ], [ 82.95526339715596, 25.285573160393511 ], [ 82.956449018128325, 25.285531495610055 ], [ 82.957719660235767, 25.285605060343581 ], [ 82.958330662754733, 25.285791500849406 ], [ 82.958589765550457, 25.286237685684355 ], [ 82.958654274860507, 25.28652615143978 ], [ 82.958756287527606, 25.286853451987962 ], [ 82.95884170602163, 25.2875383518567 ], [ 82.958975482323083, 25.287882235072825 ], [ 82.959088796919531, 25.289949939833804 ], [ 82.958981714246477, 25.296068915958024 ], [ 82.959262693116784, 25.297669910007691 ], [ 82.959008496897653, 25.298007132335847 ], [ 82.958648809331123, 25.298104337491761 ], [ 82.957420363705594, 25.297992165144095 ], [ 82.95644607975342, 25.297917808644453 ], [ 82.955768772355199, 25.298035078834936 ], [ 82.955050002751648, 25.298383319263507 ], [ 82.954675263027056, 25.298601406852985 ], [ 82.954458808343233, 25.298923641621354 ], [ 82.95441758540511, 25.299270080499735 ], [ 82.954453583739806, 25.299571711817723 ], [ 82.954970821895884, 25.300115243530598 ], [ 82.956502073152578, 25.30215068032598 ], [ 82.957267652398258, 25.30314917003761 ], [ 82.957437926582344, 25.30341809563809 ], [ 82.957566751432324, 25.303956497030217 ], [ 82.957568370555549, 25.304456723051814 ], [ 82.957569865414314, 25.304918505432266 ], [ 82.95731831848947, 25.305727303438989 ], [ 82.9570257054731, 25.306921022227698 ], [ 82.956732574745004, 25.307960793160575 ], [ 82.956607604377567, 25.308615330048951 ], [ 82.956609469782364, 25.309192571442146 ], [ 82.956737923848507, 25.309615510002086 ], [ 82.956633424749285, 25.310039094377586 ], [ 82.95768825107767, 25.311118778251895 ], [ 82.958519598194897, 25.311719567828259 ], [ 82.956343486820629, 25.314269069545119 ], [ 82.955858107776848, 25.314793357833828 ], [ 82.955151201231558, 25.315278019856951 ], [ 82.954577078067942, 25.315762323450816 ], [ 82.954046988616653, 25.316166012740148 ], [ 82.953516895178367, 25.316569759979515 ], [ 82.951858964884138, 25.31707117673545 ], [ 82.951648349665277, 25.316802640447381 ], [ 82.951308011322553, 25.316523239399906 ], [ 82.951029757107975, 25.316327778609619 ], [ 82.950257887033345, 25.316161629407812 ], [ 82.949825540328746, 25.316050649006833 ], [ 82.949299933328376, 25.315715664161992 ], [ 82.947814731995607, 25.314345993959282 ], [ 82.947566951085776, 25.31405233542819 ], [ 82.94709754838307, 25.313871374001938 ], [ 82.946610007840448, 25.313900657641458 ], [ 82.946302000400223, 25.31406964619913 ], [ 82.945994081894625, 25.314266658822717 ], [ 82.945670814503487, 25.314477761220061 ], [ 82.945285372339725, 25.314548850144877 ], [ 82.944544418163133, 25.314382594246077 ], [ 82.94364525415024, 25.314173006596601 ], [ 82.943187623001734, 25.314638391414281 ], [ 82.943003775812656, 25.315031270089609 ], [ 82.943036086037395, 25.315507740996519 ], [ 82.943316098993279, 25.316235845463023 ], [ 82.943596541458575, 25.317132068745071 ], [ 82.943814035421639, 25.317608057007696 ], [ 82.944031354720423, 25.318027966065369 ], [ 82.944433580508772, 25.318391294894745 ], [ 82.94505180737724, 25.318754079291271 ], [ 82.946070944509657, 25.319059779979188 ], [ 82.947459835791818, 25.319196337742088 ], [ 82.948539734143893, 25.319193510611758 ], [ 82.949341990640676, 25.31921941510543 ], [ 82.949804539312879, 25.319134092448362 ], [ 82.950149052411319, 25.318959800665045 ], [ 82.950736193332901, 25.31939325425234 ], [ 82.951136066435637, 25.319794495555499 ], [ 82.951714076719469, 25.320517093127485 ], [ 82.952494294049714, 25.322102941950956 ], [ 82.952974787323186, 25.322188910573406 ], [ 82.954938967404075, 25.323054883984508 ], [ 82.95578338432162, 25.324067978268868 ], [ 82.956294546973481, 25.324397620782065 ], [ 82.95686238343572, 25.324752495378281 ], [ 82.960525670177788, 25.325297072936152 ], [ 82.960874893401424, 25.325454553647479 ], [ 82.961050473139096, 25.325850014445081 ], [ 82.961008706542344, 25.326404544064339 ], [ 82.960750635405731, 25.327474403021352 ], [ 82.959926347152845, 25.328664585070989 ], [ 82.95936209307763, 25.329418482178006 ], [ 82.958188289926326, 25.330371959740905 ], [ 82.954272755242386, 25.332758337492471 ], [ 82.95390841993428, 25.333052417234168 ], [ 82.951664070257607, 25.334863950499294 ], [ 82.948619814216656, 25.337129066149522 ], [ 82.946793505799121, 25.338598968584183 ], [ 82.945315627557676, 25.3399491277344 ], [ 82.944751474008427, 25.340742569372487 ], [ 82.9439261284098, 25.341695102552489 ], [ 82.94315753464015, 25.343337192536087 ], [ 82.943349355190009, 25.34445811026816 ], [ 82.943406649095621, 25.344792853957337 ], [ 82.943280703532992, 25.346092738044668 ], [ 82.942538328733079, 25.347837249814049 ], [ 82.942443651198346, 25.348753078192171 ], [ 82.942578382037254, 25.350259029476629 ], [ 82.942451976258383, 25.351411233268152 ], [ 82.94238959508472, 25.352267910561984 ], [ 82.942261321855909, 25.352829415720961 ], [ 82.941906307943327, 25.353686847400148 ], [ 82.941908248015125, 25.35430707559696 ], [ 82.941812171496352, 25.354809414175005 ], [ 82.941617718505796, 25.355016666131462 ], [ 82.941130909798559, 25.355313280927287 ], [ 82.940286927551412, 25.355817547048613 ], [ 82.939216932160463, 25.356824478687198 ], [ 82.938958415790395, 25.357356778178097 ], [ 82.938748260991801, 25.357756041694444 ], [ 82.938179664690963, 25.357919941391092 ], [ 82.937919128522012, 25.357802470038099 ], [ 82.937268601516834, 25.357745056389501 ], [ 82.936683102871612, 25.357717019879374 ], [ 82.936098356773755, 25.357895714861471 ], [ 82.935676222186459, 25.358103538324201 ], [ 82.935351530598936, 25.358281582141252 ], [ 82.934542561948831, 25.359583173279834 ], [ 82.934123126075434, 25.360677024373498 ], [ 82.934124770740326, 25.361211883027082 ], [ 82.934453458430895, 25.362330132294158 ], [ 82.934651111663015, 25.363156603601187 ], [ 82.934619534852871, 25.363452024269812 ], [ 82.934457909025838, 25.363777320583299 ], [ 82.934198908517502, 25.364161927349961 ], [ 82.933518834533743, 25.365108758887395 ], [ 82.932805543175775, 25.365819397105184 ], [ 82.932189801296872, 25.366529784065911 ], [ 82.931086459564341, 25.367300475608722 ], [ 82.930566910710823, 25.367567591657579 ], [ 82.930275135021091, 25.367863661329697 ], [ 82.930146339701935, 25.36830700826151 ], [ 82.930408600640035, 25.368985645385262 ], [ 82.930767422851432, 25.369339150087203 ], [ 82.931385358045247, 25.369337600751042 ], [ 82.932100016335085, 25.369167178994317 ], [ 82.933433061468136, 25.368948480479787 ], [ 82.933985459400901, 25.36879939634516 ], [ 82.934505022367119, 25.368532270559253 ], [ 82.934699602669156, 25.368325030028014 ], [ 82.934991262472153, 25.367999422559432 ], [ 82.935217774720343, 25.367644430814952 ], [ 82.935476945351283, 25.367318887708372 ], [ 82.936256944078707, 25.367139686425205 ], [ 82.93705363256781, 25.367221752507216 ], [ 82.937655863857643, 25.367283796230929 ], [ 82.938949893070429, 25.367107221322691 ], [ 82.940744160428949, 25.366862378318903 ], [ 82.943767661298594, 25.366529678674961 ], [ 82.949840366233317, 25.366759260403924 ], [ 82.954728921911041, 25.36694392200355 ], [ 82.955900559395914, 25.367177080042573 ], [ 82.960589359287766, 25.367382640598084 ], [ 82.971773653108414, 25.36787241304474 ], [ 82.976598692716721, 25.367762524777472 ], [ 82.979155615388009, 25.367704230636402 ], [ 82.980228420263856, 25.367583082967943 ], [ 82.980841012616722, 25.367379683095077 ], [ 82.981397171496212, 25.366989108092373 ], [ 82.981754496538386, 25.36660499220423 ], [ 82.983774980590539, 25.366999367662608 ], [ 82.984133332530249, 25.367175569330197 ], [ 82.98462191407431, 25.367380917135513 ], [ 82.985078012348779, 25.367615902293387 ], [ 82.985665172736304, 25.368145866732075 ], [ 82.985927293786943, 25.3687062672746 ], [ 82.986482684264772, 25.369413519059009 ], [ 82.987134421031271, 25.36979562265244 ], [ 82.987753165071538, 25.370030137939281 ], [ 82.988713544301945, 25.370155169836693 ], [ 82.989119375642829, 25.37011482974404 ], [ 82.989435971635672, 25.369887109935657 ], [ 82.989896659280703, 25.36916750001112 ], [ 82.990923464682467, 25.366939613004249 ], [ 82.991251876205141, 25.367108766536791 ], [ 82.991707676954974, 25.367255142699175 ], [ 82.99252112185269, 25.367370940237297 ], [ 82.992911647373816, 25.367458408940024 ], [ 82.993270782793687, 25.367582667427602 ], [ 82.993596390260294, 25.367958534962483 ], [ 82.994431162122183, 25.368844661905488 ], [ 82.995816190798777, 25.370314879819514 ], [ 82.99891533380152, 25.372993495883208 ], [ 82.99914429589063, 25.373347247881835 ], [ 82.999015605028291, 25.373746332447578 ], [ 82.998267821550044, 25.373822345215199 ], [ 82.997682780052926, 25.373942183821729 ], [ 82.997032970294427, 25.37412128700716 ], [ 82.996643659308333, 25.374417751739319 ], [ 82.996271378374985, 25.374891390611907 ], [ 82.99591424632608, 25.375084397056781 ], [ 82.99537755510984, 25.375071185078632 ], [ 82.994616597354366, 25.374919534883794 ], [ 82.994144634996502, 25.374748371889009 ], [ 82.993619511883907, 25.374574171339926 ], [ 82.993229379369794, 25.374604842951406 ], [ 82.992937107195431, 25.374753352472176 ], [ 82.992807880230103, 25.374989999643063 ], [ 82.992549652476455, 25.375551898079493 ], [ 82.992389586784569, 25.376290712822744 ], [ 82.991720437072431, 25.380279756260308 ], [ 82.99162340964547, 25.380991531971997 ], [ 82.992062969555462, 25.38103187700527 ], [ 82.992414052642289, 25.380985295604169 ], [ 82.992714255112446, 25.380756635270121 ], [ 82.993115611114661, 25.380755479248329 ], [ 82.99361708678039, 25.380708506246247 ], [ 82.99396751519005, 25.380479712411383 ], [ 82.994267554746799, 25.380205535808432 ], [ 82.995168465465525, 25.379610713724052 ], [ 82.995969908757573, 25.379243926583008 ], [ 82.996571735023053, 25.379196654661975 ], [ 82.99742472922695, 25.379239703515903 ], [ 82.998178185688772, 25.379510880332649 ], [ 82.999483763338802, 25.379825909011679 ], [ 83.002499157274286, 25.381320386435508 ], [ 83.004510096437642, 25.382498948542164 ], [ 83.004911800197291, 25.382588861568152 ], [ 83.005312900394969, 25.382542106611485 ], [ 83.005559968149853, 25.382261914482193 ], [ 83.005863627797126, 25.382221586816648 ], [ 83.006465725347709, 25.382219805314488 ], [ 83.00701798632852, 25.38235485463856 ], [ 83.008021117770895, 25.382260765867979 ], [ 83.008572395669262, 25.382122444582329 ], [ 83.009375132340935, 25.382120057392335 ], [ 83.010328360569133, 25.382117217338191 ], [ 83.011532524873402, 25.382159207889586 ], [ 83.013188112139659, 25.382154250713175 ], [ 83.014742693178732, 25.381967371642542 ], [ 83.01690717630504, 25.381960845608742 ], [ 83.018154143178393, 25.381957074524035 ], [ 83.019221453476689, 25.382018436092661 ], [ 83.01965947368501, 25.382043608228891 ], [ 83.020964671313763, 25.382267377454944 ], [ 83.022269483416267, 25.38235455815753 ], [ 83.023824543227661, 25.382304232738385 ], [ 83.024878729574652, 25.382483213815441 ], [ 83.028140039646431, 25.382564277286406 ], [ 83.02944457243423, 25.382605831536907 ], [ 83.029996955335648, 25.382740745579667 ], [ 83.030348772305288, 25.382921926859208 ], [ 83.031365624431103, 25.382173037180486 ], [ 83.031740489924616, 25.382080090605829 ], [ 83.032399635588249, 25.381856494976351 ], [ 83.032569156017544, 25.381522837371055 ], [ 83.032469299523342, 25.380968413372312 ], [ 83.032199491665381, 25.380680797171014 ], [ 83.031269883889223, 25.37959397075478 ], [ 83.030444086644181, 25.378643962635952 ], [ 83.026255887175637, 25.373825521343523 ], [ 83.02400439780638, 25.370158802213147 ], [ 83.023728170506402, 25.368780863676076 ], [ 83.026509107059141, 25.36613679519369 ], [ 83.027669463077387, 25.365100534888345 ], [ 83.028507163552447, 25.36468000842607 ], [ 83.028975335588314, 25.364569151553653 ], [ 83.030513605456889, 25.361015213650127 ], [ 83.031641814919809, 25.357906085307683 ], [ 83.032632259311796, 25.356091419910939 ], [ 83.033720336901993, 25.354966554083976 ], [ 83.033953896600607, 25.354817920177553 ], [ 83.033529140124443, 25.35462206914767 ], [ 83.033101534849919, 25.354580261879768 ], [ 83.032769209550466, 25.354624436932486 ], [ 83.032294989275115, 25.354798432214327 ], [ 83.031726381000624, 25.355145280577631 ], [ 83.030587437478175, 25.35536447417174 ], [ 83.029780253077448, 25.355410115061872 ], [ 83.028782235598953, 25.355240683977648 ], [ 83.027926555558793, 25.355027668417527 ], [ 83.027117745605338, 25.354641944589453 ], [ 83.026164708523169, 25.353782199100536 ], [ 83.023709579302761, 25.3521616824004 ], [ 83.023763816458398, 25.351712949943675 ], [ 83.024242371578453, 25.348985434081047 ], [ 83.026239031920866, 25.348217690054273 ], [ 83.027899313220345, 25.347738113792364 ], [ 83.029132907627158, 25.34743235972751 ], [ 83.029513127330901, 25.347517406279135 ], [ 83.0297516207483, 25.347775528811876 ], [ 83.029943947335667, 25.348421911698484 ], [ 83.030231000705442, 25.348981764652681 ], [ 83.030708852161297, 25.349756685665984 ], [ 83.031138937871205, 25.350488655671935 ], [ 83.031759130652958, 25.351219988820411 ], [ 83.03252152992691, 25.351907793729616 ], [ 83.033712025645642, 25.352766765786146 ], [ 83.034221059112511, 25.353103382794547 ], [ 83.034331751270486, 25.353368651684104 ], [ 83.034337462733504, 25.35487834688217 ], [ 83.034718032565749, 25.355049674710148 ], [ 83.035384857453167, 25.355565244671901 ], [ 83.037343874192004, 25.358664665759694 ], [ 83.038252607593577, 25.360344012706214 ], [ 83.038350852872171, 25.361206389671867 ], [ 83.038353154709895, 25.361810256432896 ], [ 83.038212310638912, 25.362242069955879 ], [ 83.037976357604208, 25.362630969955962 ], [ 83.037551188774742, 25.363236179172414 ], [ 83.036837433613542, 25.36392627636344 ], [ 83.037167982088874, 25.363989177285966 ], [ 83.037412682017404, 25.364283452293254 ], [ 83.037793097691534, 25.364626480266011 ], [ 83.038254190172751, 25.364870890333044 ], [ 83.038688129726282, 25.365066198329885 ], [ 83.039230306961059, 25.365236648050473 ], [ 83.03977285578425, 25.365529977200165 ], [ 83.040874063914288, 25.366092528012306 ], [ 83.042038026147424, 25.366999110881046 ], [ 83.043679223483409, 25.36850297831943 ], [ 83.04389169879272, 25.368885576706472 ], [ 83.044248649669314, 25.369111966850323 ], [ 83.044591460043137, 25.369086925697403 ], [ 83.044840794425511, 25.368762777978841 ], [ 83.044997159094493, 25.368283206610553 ], [ 83.045048700654888, 25.367947650902092 ], [ 83.045020953869056, 25.367588445966351 ], [ 83.044914289079998, 25.367301370390482 ], [ 83.044674360038059, 25.366631443463923 ], [ 83.044869662511061, 25.365996011070465 ], [ 83.045225185653649, 25.365839216149585 ], [ 83.045560609263347, 25.365622533989949 ], [ 83.045578346215152, 25.36508352113648 ], [ 83.045326337904896, 25.364713031219065 ], [ 83.045009677228776, 25.364666139609135 ], [ 83.044521188980639, 25.364547937792096 ], [ 83.044348407416379, 25.364189152375594 ], [ 83.044238255220478, 25.362991833076091 ], [ 83.044234976578608, 25.361821060208314 ], [ 83.044350278238468, 25.361013801830445 ], [ 83.044643979918547, 25.360367298712582 ], [ 83.045057210359957, 25.359989421646009 ], [ 83.045470563559832, 25.359665349742603 ], [ 83.046713800684088, 25.359499981398596 ], [ 83.047719892021917, 25.359281597884447 ], [ 83.048371714739844, 25.359333335356933 ], [ 83.048715917999743, 25.359707176652602 ], [ 83.049076067306473, 25.359015650227992 ], [ 83.049547581190481, 25.358151446124136 ], [ 83.04995051419661, 25.357956080623985 ], [ 83.050782059736619, 25.358061196409174 ], [ 83.051209680492647, 25.358102959480078 ], [ 83.051542246836675, 25.358145028225852 ], [ 83.05196936283707, 25.358057370008936 ], [ 83.05220538484997, 25.357668420521403 ], [ 83.052013688330803, 25.357237693508662 ], [ 83.051347451074065, 25.356894821052769 ], [ 83.050728814045883, 25.356594875754528 ], [ 83.049920620045796, 25.356381758034999 ], [ 83.049159454897577, 25.356039168506992 ], [ 83.048398442755371, 25.355739670219883 ], [ 83.047495522289509, 25.355613141120418 ], [ 83.046212966806948, 25.355531018607454 ], [ 83.045784703681491, 25.355316665672245 ], [ 83.045519069728115, 25.354961275460688 ], [ 83.03965412260375, 25.354257778544351 ], [ 83.038798861249447, 25.354131098699227 ], [ 83.038275989918475, 25.354003320010193 ], [ 83.037894498764729, 25.353616345900665 ], [ 83.03741733264421, 25.353013965897631 ], [ 83.036796809146509, 25.352204978448224 ], [ 83.036794809027768, 25.351678719779496 ], [ 83.036649005227517, 25.350773416321726 ], [ 83.036453597049899, 25.349350591025019 ], [ 83.036498992849886, 25.34878970525796 ], [ 83.036687238560702, 25.34835773655216 ], [ 83.036828728986777, 25.348098489280748 ], [ 83.037112939792777, 25.347903524266254 ], [ 83.03754060844004, 25.347966892869188 ], [ 83.038158078785671, 25.348008091324708 ], [ 83.038585994638396, 25.348136123276561 ], [ 83.039157209257041, 25.348479407421319 ], [ 83.039514738889181, 25.348844933656938 ], [ 83.040060785701471, 25.348821638715787 ], [ 83.040344910679551, 25.348605022847885 ], [ 83.040486065332914, 25.348259553994357 ], [ 83.040770023054932, 25.347999855308668 ], [ 83.041054806374149, 25.347955814505042 ], [ 83.041576832141729, 25.347867880639697 ], [ 83.041909303957212, 25.347866828331387 ], [ 83.042146065223562, 25.347693558871992 ], [ 83.042524307407746, 25.347261017044211 ], [ 83.042957951526773, 25.34697263485991 ], [ 83.042999713722637, 25.34654672632016 ], [ 83.042950863726659, 25.346201782359067 ], [ 83.042806568396529, 25.345727793328972 ], [ 83.042472626945511, 25.345340610923838 ], [ 83.042043821290136, 25.344953745498405 ], [ 83.041852171561345, 25.344523030662298 ], [ 83.041893677329142, 25.344092049900308 ], [ 83.041214940684355, 25.343439430683976 ], [ 83.040660903291666, 25.342834549271728 ], [ 83.040107172384594, 25.342308812821944 ], [ 83.0395535455947, 25.341809368883148 ], [ 83.038971377755715, 25.341441945160486 ], [ 83.038186140176535, 25.341127876900767 ], [ 83.037255847642797, 25.340840706375523 ], [ 83.036151632684081, 25.340633148619705 ], [ 83.035424719623592, 25.34037166896686 ], [ 83.034406975347665, 25.339979236250379 ], [ 83.032925068642953, 25.338999920616548 ], [ 83.032851375271562, 25.337123888819853 ], [ 83.031339186687049, 25.330312569821224 ], [ 83.031051197421775, 25.329027426584929 ], [ 83.031118678963551, 25.328126980093135 ], [ 83.031399296806896, 25.327483079836682 ], [ 83.031893845219628, 25.32722433200561 ], [ 83.032530411008167, 25.327093701511863 ], [ 83.033521343564118, 25.327090613851002 ], [ 83.034088841119583, 25.327410387209824 ], [ 83.034728065877744, 25.327987100512445 ], [ 83.035228229503645, 25.329207314419257 ], [ 83.035869417309968, 25.330298436636738 ], [ 83.036934317871641, 25.331131014665509 ], [ 83.037926012781824, 25.331320805822838 ], [ 83.038703965775397, 25.331125450240862 ], [ 83.039551341709952, 25.330608346297797 ], [ 83.040257191927708, 25.330091742299064 ], [ 83.041268883737203, 25.3309242816375 ], [ 83.041977689995633, 25.331179246990953 ], [ 83.042544975719736, 25.331434674510028 ], [ 83.043184022441835, 25.331947079579205 ], [ 83.043541134320662, 25.332781860321681 ], [ 83.04389777100458, 25.333488069197458 ], [ 83.044819730085692, 25.333935189873699 ], [ 83.04538579162093, 25.33386912878861 ], [ 83.045739211804232, 25.333739352971772 ], [ 83.04630552052221, 25.333737543781638 ], [ 83.046801805119841, 25.333928865644129 ], [ 83.047015095634364, 25.334185407098214 ], [ 83.04752472852573, 25.334684719181784 ], [ 83.047188381102231, 25.335716494706428 ], [ 83.047194968394635, 25.337417112996672 ], [ 83.047368127742544, 25.338189540706683 ], [ 83.047654204748937, 25.338807049640778 ], [ 83.047826386182123, 25.33932179383757 ], [ 83.047885934916025, 25.34004308370271 ], [ 83.048058302077152, 25.340609385000505 ], [ 83.048229585296653, 25.340866534669644 ], [ 83.048571523829409, 25.34127772222179 ], [ 83.050374018050945, 25.342601203961358 ], [ 83.050725152847633, 25.342639936059651 ], [ 83.050916153405367, 25.342898125200605 ], [ 83.051054773415828, 25.343434729455172 ], [ 83.05238031375346, 25.3432237301984 ], [ 83.053173423393261, 25.342911957275263 ], [ 83.056004228936402, 25.34140830881611 ], [ 83.05741992306578, 25.340733778935689 ], [ 83.05838367118703, 25.340575993353909 ], [ 83.059234948190436, 25.340624783418001 ], [ 83.060143677673466, 25.340879450801509 ], [ 83.062585698689219, 25.341489846002744 ], [ 83.062983814832862, 25.341746188963743 ], [ 83.063251481478275, 25.341987572360328 ], [ 83.063702906913534, 25.34109247069777 ], [ 83.063603952578191, 25.34076501379451 ], [ 83.063713561381263, 25.339785516678006 ], [ 83.063816885861002, 25.337260063059063 ], [ 83.064485303174351, 25.334165806786633 ], [ 83.065095585281625, 25.330711009096941 ], [ 83.065417321590076, 25.329140882997663 ], [ 83.064280645796671, 25.329299656572303 ], [ 83.063872713688482, 25.329399746232259 ], [ 83.063328542488634, 25.329600324259445 ], [ 83.059697888951376, 25.330221649072644 ], [ 83.059285159777446, 25.330178175910966 ], [ 83.05819310371416, 25.330063093667764 ], [ 83.055793352952648, 25.329422434447448 ], [ 83.053047762514353, 25.328426768261053 ], [ 83.052556484054165, 25.328248611169364 ], [ 83.051851589226686, 25.327992984220529 ], [ 83.051071607758004, 25.327710127929446 ], [ 83.049707486820807, 25.327215434562707 ], [ 83.046695263938602, 25.325300235651795 ], [ 83.04467498688517, 25.324226046377195 ], [ 83.041005977128393, 25.322644052985403 ], [ 83.042921146035084, 25.319796815809774 ], [ 83.043606119909185, 25.318778413864731 ], [ 83.0456487645896, 25.315741414127167 ], [ 83.045074468821412, 25.314922248623791 ], [ 83.044950030869416, 25.314520661472542 ], [ 83.044752104173284, 25.314186295865067 ], [ 83.044529531540419, 25.313829685364471 ], [ 83.041940848966505, 25.311772152476941 ], [ 83.04152105646051, 25.31125982359459 ], [ 83.041027350364118, 25.310703065588932 ], [ 83.039852204917722, 25.308724105882749 ], [ 83.039518367466997, 25.308161913508503 ], [ 83.039320394692737, 25.307805214693541 ], [ 83.039196133245142, 25.307448283406192 ], [ 83.039194769452436, 25.307090965359649 ], [ 83.039291811840386, 25.306755661389065 ], [ 83.040073583101019, 25.305524886903161 ], [ 83.040293756940542, 25.305256199014089 ], [ 83.040538677531913, 25.305032098109915 ], [ 83.040870096450874, 25.304923366586401 ], [ 83.041497975258537, 25.304803305482618 ], [ 83.038515768408388, 25.299589030279002 ], [ 83.034480465047409, 25.301789743473925 ], [ 83.030558627754033, 25.30341390342284 ], [ 83.028167210644412, 25.305574504244174 ], [ 83.03054785148116, 25.308182710088897 ], [ 83.032598605685223, 25.310956802616666 ], [ 83.032995013604676, 25.312024978656247 ], [ 83.033706392470521, 25.313377335609196 ], [ 83.035437969791417, 25.31472651277058 ], [ 83.036934146775749, 25.316076395459071 ], [ 83.037782274881991, 25.31815668901594 ], [ 83.039327192777378, 25.319821762538318 ], [ 83.03986197231572, 25.320895993041049 ], [ 83.040337331567684, 25.321755371306629 ], [ 83.039921392226589, 25.322990714944723 ], [ 83.039031260055737, 25.324123969024022 ], [ 83.037860498967746, 25.323747079941601 ], [ 83.034062462863005, 25.32228683464897 ], [ 83.033228457956483, 25.321893882193891 ], [ 83.02882528868895, 25.319819133792269 ], [ 83.023618612412278, 25.316759998671287 ], [ 83.020690391139993, 25.31485328281904 ], [ 83.019434588602195, 25.313463655917321 ], [ 83.019147501545021, 25.313145975789219 ], [ 83.01876550058536, 25.312764590762161 ], [ 83.016632126843831, 25.31063464205355 ], [ 83.013943013737929, 25.308240447819873 ], [ 83.013443980849871, 25.307630254353462 ], [ 83.012901411084499, 25.306966797243248 ], [ 83.011800123538748, 25.305855671454658 ], [ 83.010907503090451, 25.30466784618536 ], [ 83.010163927005408, 25.303340314169226 ], [ 83.009723109565073, 25.302139377623071 ], [ 83.009461969338886, 25.299999694403017 ], [ 83.009604885775317, 25.298841422811417 ], [ 83.009434355019337, 25.297751904450571 ], [ 83.009257035575786, 25.296235227965141 ], [ 83.009168072714544, 25.295801830067358 ], [ 83.011224395262587, 25.295453743790148 ], [ 83.015595594626859, 25.294713799876643 ], [ 83.018210799194179, 25.294271028158903 ], [ 83.020450085541341, 25.293891898522144 ], [ 83.022545511703839, 25.293541336914039 ], [ 83.022160168855279, 25.291266177610918 ], [ 83.026987519014014, 25.28924285047076 ], [ 83.027545750414987, 25.289107516255076 ], [ 83.027841608941515, 25.289035789053848 ], [ 83.029540091313635, 25.288359898582847 ], [ 83.029600329295363, 25.287520401316073 ], [ 83.031387983921903, 25.286871574946176 ], [ 83.032183790011388, 25.289176803091188 ], [ 83.033048606890688, 25.290357110259841 ], [ 83.033743943447718, 25.289897103217381 ], [ 83.033862341105674, 25.288848814994342 ], [ 83.033891987004083, 25.288586334776181 ], [ 83.034094236872946, 25.286875088907554 ], [ 83.034231797063171, 25.286367184143618 ], [ 83.034696089173679, 25.284652900792501 ], [ 83.035279334625699, 25.281448555491821 ], [ 83.035339835625749, 25.280130689472951 ], [ 83.036145040516715, 25.278709386838134 ], [ 83.038878370489471, 25.27451783587048 ], [ 83.039585583423317, 25.273298808721268 ], [ 83.039907111816632, 25.272744583045007 ], [ 83.040130907006372, 25.272225649626453 ], [ 83.040634455694018, 25.269079904782011 ], [ 83.041692378121581, 25.26814172205891 ], [ 83.04202765364758, 25.26768592768423 ], [ 83.042363046901812, 25.267230287543487 ], [ 83.044613049701724, 25.265114648296084 ], [ 83.04565496542223, 25.264443800755725 ], [ 83.046062976542771, 25.264181124259572 ], [ 83.046526983053354, 25.263938509755999 ], [ 83.047373861927284, 25.263495700375415 ], [ 83.048155084577147, 25.262817444098022 ], [ 83.047321155835093, 25.263039217479797 ], [ 83.046702907792536, 25.263266326619416 ], [ 83.046145694577618, 25.263268108227773 ], [ 83.045278488667023, 25.263158333000725 ], [ 83.044534458694542, 25.262879296179456 ], [ 83.042733828019024, 25.261534433372265 ], [ 83.041137106464049, 25.260766886353426 ], [ 83.040873048485963, 25.260639957016608 ], [ 83.040190085734352, 25.260135619864215 ], [ 83.039572012255093, 25.259449060687754 ], [ 83.039381816298103, 25.259237796277191 ], [ 83.038450362661521, 25.258509162794535 ], [ 83.037892541978081, 25.258342097582325 ], [ 83.037273426987852, 25.258344045246524 ], [ 83.036717104054176, 25.258570879671112 ], [ 83.03622266749521, 25.258797578067821 ], [ 83.035727390921537, 25.258799130537337 ], [ 83.033741382690394, 25.257510995414201 ], [ 83.033059096628847, 25.257175449531704 ], [ 83.032253008165995, 25.256840345628909 ], [ 83.031386275480656, 25.256843041970725 ], [ 83.030829509294904, 25.256957316309784 ], [ 83.029008589596643, 25.257977225001088 ], [ 83.028272817691104, 25.258582976722888 ], [ 83.028333683599058, 25.257282096643927 ], [ 83.028331213579463, 25.25662108163019 ], [ 83.02832919241169, 25.256080294437506 ], [ 83.027621759633377, 25.255445749762146 ], [ 83.027948779293126, 25.255042501604184 ], [ 83.028740491224369, 25.251596633595387 ], [ 83.028772732004612, 25.25126128953956 ], [ 83.028738097879199, 25.250956671768222 ], [ 83.028629412894844, 25.250591349086498 ], [ 83.028266159451874, 25.250257267902327 ], [ 83.027259512169522, 25.250016616532637 ], [ 83.026450070798973, 25.249735877099692 ], [ 83.024904526942464, 25.24879599366114 ], [ 83.024097244730513, 25.248036640894714 ], [ 83.023055662848165, 25.247399917597527 ], [ 83.02228301789745, 25.246945173630703 ], [ 83.021678629398352, 25.246672740223779 ], [ 83.020873748732981, 25.246583768303822 ], [ 83.019868599898501, 25.246708715885404 ], [ 83.01893064211049, 25.246894404362049 ], [ 83.017959316039963, 25.24711064853437 ], [ 83.016687021803421, 25.247541174504502 ], [ 83.01598393957488, 25.247787043198521 ], [ 83.015146118817171, 25.247850551914436 ], [ 83.014475292758448, 25.247730684965273 ], [ 83.01373684625753, 25.247458639614361 ], [ 83.012122987398712, 25.246153165070684 ], [ 83.011383452137267, 25.245576386179629 ], [ 83.010925647445021, 25.244997723518829 ], [ 83.006122162283077, 25.242609961744662 ], [ 83.004809331829151, 25.241967103928307 ], [ 83.003872250109936, 25.241663559800351 ], [ 83.003309954724529, 25.241495003105111 ], [ 83.002523581540828, 25.241463258884579 ], [ 83.001738280602467, 25.241737878820647 ], [ 83.001215583159208, 25.242147894917853 ], [ 83.000506821600823, 25.242898822574137 ], [ 83.000049136688773, 25.24402310532944 ], [ 82.999764715135001, 25.244807160182489 ], [ 82.999653391183159, 25.245113795926319 ], [ 82.99928017219689, 25.245455252118791 ], [ 82.998906951609897, 25.245796767185311 ], [ 82.99838459034487, 25.246308870046413 ], [ 82.998160969924442, 25.24661583040686 ], [ 82.997862345242538, 25.246854969331707 ], [ 82.997450972824367, 25.247026380646062 ], [ 82.99584190044682, 25.247303366270561 ], [ 82.993297511573715, 25.247821245438299 ], [ 82.991650871297523, 25.248064316776656 ], [ 82.990603141725785, 25.248271539011505 ], [ 82.989629446897098, 25.248240271203336 ], [ 82.989105275730893, 25.248241772787175 ], [ 82.988730494694721, 25.248140747136677 ], [ 82.988418589147557, 25.248181329877333 ], [ 82.98785848534591, 25.248339748017102 ], [ 82.987409075587465, 25.24830697222442 ], [ 82.987034630198735, 25.248308038080786 ], [ 82.986660436513759, 25.248377219913301 ], [ 82.986286475923734, 25.248514439810513 ], [ 82.985724757378122, 25.248516036981599 ], [ 82.984525190522504, 25.248110976711374 ], [ 82.982462607120155, 25.247197752089956 ], [ 82.981224569343539, 25.24648645195365 ], [ 82.980661238723869, 25.245977459570064 ], [ 82.980361446820282, 25.245910246423271 ], [ 82.980025032421679, 25.246081345429722 ], [ 82.979726279019445, 25.24632045130874 ], [ 82.979127831440877, 25.246526399554025 ], [ 82.978341535032413, 25.246528603073319 ], [ 82.977779709815565, 25.24646205931171 ], [ 82.977292764049608, 25.246429421698846 ], [ 82.976694312028073, 25.246601244908504 ], [ 82.976283258633103, 25.246857716248758 ], [ 82.97568468886287, 25.247012537451621 ], [ 82.975048131217363, 25.247014306533465 ], [ 82.973099725084097, 25.246611231416473 ], [ 82.971788922907933, 25.246512757479543 ], [ 82.971040187531443, 25.24654887956229 ], [ 82.97062821780851, 25.246550014306496 ], [ 82.969954991784192, 25.246756076606896 ], [ 82.969637513009147, 25.246995238957048 ], [ 82.969221044007242, 25.247066504658942 ], [ 82.968639424101283, 25.247010802372856 ], [ 82.968088287454691, 25.247089909093312 ], [ 82.967276897869098, 25.247092127528909 ], [ 82.966210930221806, 25.247221494227698 ], [ 82.964924348314113, 25.247422358440318 ], [ 82.964543588224558, 25.247423391425389 ], [ 82.963863835482115, 25.24747468360842 ], [ 82.963510573318459, 25.247574559984315 ], [ 82.963049176256945, 25.247872491874563 ], [ 82.962611558165477, 25.247897068148429 ], [ 82.96234167899361, 25.247775534422193 ] ], [ [ 82.979298114523431, 25.262678021955558 ], [ 82.979111295510336, 25.262173884392592 ], [ 82.979062767920212, 25.261501169596201 ], [ 82.979060058997106, 25.260702108714906 ], [ 82.978780447751802, 25.260114134335648 ], [ 82.978593333404774, 25.259525898971837 ], [ 82.978313030676503, 25.258727613766325 ], [ 82.978033809935482, 25.25822373518459 ], [ 82.977429639071431, 25.257426410529575 ], [ 82.976778803549195, 25.256503003419812 ], [ 82.976498643411375, 25.25574676710179 ], [ 82.976496516987496, 25.255115955829787 ], [ 82.97658746602805, 25.254653094634829 ], [ 82.976863778463766, 25.254273816381623 ], [ 82.978018593664032, 25.253723869443714 ], [ 82.978712269444614, 25.25363783064661 ], [ 82.979175139947245, 25.253720632564928 ], [ 82.979963132981766, 25.25413898683048 ], [ 82.980565588533224, 25.254431704218774 ], [ 82.981167186709456, 25.254472070146154 ], [ 82.982184840572543, 25.254427145727082 ], [ 82.982601629948277, 25.254552124647319 ], [ 82.982926198466117, 25.254761446185736 ], [ 82.983251345041793, 25.255139050307623 ], [ 82.984227049672256, 25.256313809682773 ], [ 82.985306780371104, 25.257497585083186 ], [ 82.984994402024171, 25.257695856201632 ], [ 82.984935259821711, 25.258137153170477 ], [ 82.984705820153437, 25.261997547052264 ], [ 82.984525515375353, 25.262494283979027 ], [ 82.984284838700432, 25.263046382206706 ], [ 82.983921973758854, 25.263378247166564 ], [ 82.983316425660533, 25.263710735908077 ], [ 82.98246774076793, 25.263878595962229 ], [ 82.98180125136895, 25.264101026411087 ], [ 82.981317028253116, 25.264433181515887 ], [ 82.980832614958146, 25.264710281129002 ], [ 82.980331039765133, 25.264711691633764 ], [ 82.979982797656604, 25.264547206449922 ], [ 82.979563795994935, 25.264363391457778 ], [ 82.979392481227805, 25.263224454582993 ], [ 82.979298114523431, 25.262678021955558 ] ] ], [ [ [ 82.858301077668926, 25.266617704650493 ], [ 82.858666423912666, 25.266284073328322 ], [ 82.859168437307147, 25.265700625317752 ], [ 82.860034832342023, 25.264409143299748 ], [ 82.860733330306289, 25.262717791572506 ], [ 82.861052821162119, 25.26238426481838 ], [ 82.861418787746871, 25.262300303973515 ], [ 82.861922161365086, 25.262257617219223 ], [ 82.862288020082019, 25.262132031239499 ], [ 82.862607502542446, 25.261777758205849 ], [ 82.86269810749846, 25.261423968955384 ], [ 82.862720070068704, 25.261070252172146 ], [ 82.862650462368634, 25.260675180019259 ], [ 82.862466136942359, 25.26021796752385 ], [ 82.862281409364243, 25.259552711195024 ], [ 82.862096356990932, 25.258804271887762 ], [ 82.862002855376829, 25.258014026322243 ], [ 82.861863429977973, 25.257182301224798 ], [ 82.861678488081367, 25.256475434021965 ], [ 82.861401239943717, 25.255435955290256 ], [ 82.86112514780973, 25.254854135428896 ], [ 82.860436860839087, 25.254148315086848 ], [ 82.85909471320771, 25.252985810336774 ], [ 82.858309006092242, 25.253013904611961 ], [ 82.856127531365289, 25.252932289850534 ], [ 82.855226179720276, 25.252804846846214 ], [ 82.853991495379674, 25.252074627345202 ], [ 82.853073571023288, 25.250958513753428 ], [ 82.852595999333502, 25.251804516971415 ], [ 82.852406378145034, 25.252194774763694 ], [ 82.851692677127588, 25.252629376745752 ], [ 82.851063714941716, 25.252779620335982 ], [ 82.853399425673885, 25.253890582203237 ], [ 82.853802797919812, 25.254255629479477 ], [ 82.854004993116462, 25.254621033998855 ], [ 82.854157020663891, 25.255078071592223 ], [ 82.854057468655085, 25.255489871390434 ], [ 82.853756848112113, 25.255993514825718 ], [ 82.853507325350705, 25.256817204259377 ], [ 82.853509155473404, 25.257548887726806 ], [ 82.853510069813865, 25.257914764812803 ], [ 82.853309522455532, 25.25816672067609 ], [ 82.852554377127404, 25.257962452907311 ], [ 82.84852702062993, 25.257010340342713 ], [ 82.847080925850307, 25.256761512099953 ], [ 82.846986579795683, 25.257230307596096 ], [ 82.8470404546064, 25.259742467348559 ], [ 82.847525053303045, 25.263033320063542 ], [ 82.847557413131355, 25.266254263105626 ], [ 82.84721740917881, 25.265881674643072 ], [ 82.846804569510098, 25.265508100220899 ], [ 82.846391944568339, 25.265217709747006 ], [ 82.846024738856684, 25.264802474468866 ], [ 82.845794738328863, 25.264345295152083 ], [ 82.845473274404796, 25.263888343584441 ], [ 82.845198366885768, 25.263805652116424 ], [ 82.844786647185472, 25.263889729543624 ], [ 82.844283466510078, 25.264015554160892 ], [ 82.843627439792982, 25.263938480323681 ], [ 82.843234439475864, 25.265021708069224 ], [ 82.842601962674806, 25.26649040801335 ], [ 82.84249442226411, 25.267172115624561 ], [ 82.84267503311635, 25.268136511736152 ], [ 82.843216768126922, 25.268849340786495 ], [ 82.844348013540738, 25.269694865228971 ], [ 82.84493924612876, 25.270541428429031 ], [ 82.845433808161076, 25.272057533553415 ], [ 82.845881402680504, 25.274376916920147 ], [ 82.846085493564587, 25.27754451829145 ], [ 82.846436739057651, 25.280622591853128 ], [ 82.846444394526443, 25.283745973025287 ], [ 82.846548087153465, 25.285976729100341 ], [ 82.846355044539351, 25.287360299541906 ], [ 82.845671156269759, 25.288789528571598 ], [ 82.845426419667433, 25.289102358949236 ], [ 82.846743341836586, 25.289965929898504 ], [ 82.847634765321487, 25.289513728872912 ], [ 82.848280586792299, 25.289316631340473 ], [ 82.84896228906085, 25.28911947526948 ], [ 82.849464622595931, 25.288987972556097 ], [ 82.850254408882535, 25.288921049933112 ], [ 82.851008375474777, 25.288919503361829 ], [ 82.851690803879364, 25.289016000513019 ], [ 82.852265486740421, 25.289080108759268 ], [ 82.852840477113702, 25.289307283164721 ], [ 82.853283543886633, 25.289339858552989 ], [ 82.853701883691599, 25.289175026906793 ], [ 82.854060566067204, 25.289011109730097 ], [ 82.854455359828791, 25.288977699321869 ], [ 82.854886150835441, 25.288944153107138 ], [ 82.855352660753098, 25.28884530098405 ], [ 82.855603561592588, 25.288681647486335 ], [ 82.856034187799736, 25.288582869986914 ], [ 82.856572740222276, 25.288549094797499 ], [ 82.85711167259791, 25.288711159639163 ], [ 82.857578923200194, 25.288905890617542 ], [ 82.857974144674998, 25.289002960532088 ], [ 82.858290366012142, 25.289119780656748 ], [ 82.858582813292074, 25.288557709193814 ], [ 82.858673563174207, 25.288224679847787 ], [ 82.858717393798457, 25.287475781529093 ], [ 82.85887008910376, 25.28605522482454 ], [ 82.858941030872884, 25.285395271802436 ], [ 82.859530152626647, 25.283022812520208 ], [ 82.859802252252521, 25.282023771661184 ], [ 82.859846394190484, 25.281399672235402 ], [ 82.859844487195133, 25.280650863716946 ], [ 82.859705686391024, 25.280068772225082 ], [ 82.859704522606691, 25.279611122319281 ], [ 82.859702934433884, 25.278987119556366 ], [ 82.859472563502607, 25.278405218732932 ], [ 82.85905933036598, 25.277906825941301 ], [ 82.858186729372122, 25.276785433810858 ], [ 82.857405203537624, 25.275455862567458 ], [ 82.857034787220968, 25.273792584146271 ], [ 82.856661820359889, 25.272019271103666 ], [ 82.856477200810502, 25.271437267203083 ], [ 82.856475836079341, 25.270896441271649 ], [ 82.85647468290415, 25.270438789155079 ], [ 82.856254201163964, 25.270123096325488 ], [ 82.856936399224637, 25.269948677662626 ], [ 82.857300496019775, 25.269115863191562 ], [ 82.857572163290143, 25.267950436666624 ], [ 82.858301077668926, 25.266617704650493 ] ] ], [ [ [ 82.80855710622501, 25.289929294332318 ], [ 82.810011830070763, 25.289640757252322 ], [ 82.810719520722955, 25.289532247799453 ], [ 82.811348803330588, 25.289531102936802 ], [ 82.812057045399428, 25.289672793593642 ], [ 82.812804604684587, 25.289778654465984 ], [ 82.813080279373338, 25.289956844212512 ], [ 82.813316993715958, 25.29024231575891 ], [ 82.813533967482371, 25.29056359606351 ], [ 82.813515370211803, 25.291064045656579 ], [ 82.813240880837881, 25.29142192154152 ], [ 82.812887742872448, 25.291815699411472 ], [ 82.812770907816926, 25.292316327192715 ], [ 82.812811012600534, 25.29267362717242 ], [ 82.813008949955687, 25.293245147932314 ], [ 82.812970901853859, 25.293817100572443 ], [ 82.81285372920145, 25.294210444913389 ], [ 82.812579232529643, 25.294568377922417 ], [ 82.81230471780674, 25.294926249918706 ], [ 82.811912016334063, 25.295212947291233 ], [ 82.811322400543091, 25.295392696830053 ], [ 82.810693329030101, 25.295501068205756 ], [ 82.808332837518179, 25.295290890198444 ], [ 82.807546034347467, 25.295185083360046 ], [ 82.806720130113035, 25.295222337319533 ], [ 82.806248531260479, 25.29543761741775 ], [ 82.805977232859647, 25.295742257844672 ], [ 82.805738487686568, 25.29601035143498 ], [ 82.805463717479142, 25.296296819783855 ], [ 82.804953282322757, 25.296690858924343 ], [ 82.804363959051273, 25.29701358163889 ], [ 82.803499188106471, 25.297265325769409 ], [ 82.802634259042989, 25.297445536186778 ], [ 82.801415533819664, 25.297733590172367 ], [ 82.800196954791161, 25.298093179045356 ], [ 82.799371712467433, 25.298452056802805 ], [ 82.798821987868905, 25.298917598966675 ], [ 82.798233548520116, 25.299669196424965 ], [ 82.797665335798186, 25.300994321134862 ], [ 82.798012452872129, 25.301357204044177 ], [ 82.799533832286187, 25.300703440929979 ], [ 82.801499732165581, 25.300342556054158 ], [ 82.802837064881331, 25.300304437633745 ], [ 82.804567723119604, 25.300301361517469 ], [ 82.806298691235781, 25.300441252737652 ], [ 82.809426148648328, 25.30107695183176 ], [ 82.810174001545121, 25.30129004570917 ], [ 82.810685302959854, 25.301289118133596 ], [ 82.811117970071876, 25.301288330171751 ], [ 82.811862776725675, 25.301170996933237 ], [ 82.812690440508192, 25.300856566708475 ], [ 82.814420071936851, 25.300388802172943 ], [ 82.816385371707668, 25.299741847344382 ], [ 82.817289853820668, 25.299668641949907 ], [ 82.818155277404855, 25.299667034402447 ], [ 82.8185486058088, 25.299702057378557 ], [ 82.818824259841563, 25.299808768670761 ], [ 82.819144570922205, 25.299982596592447 ], [ 82.819493551179605, 25.300093438225272 ], [ 82.819808362152131, 25.300128605106242 ], [ 82.822363398837041, 25.299409009219303 ], [ 82.823227625398758, 25.299121870002324 ], [ 82.823580869072288, 25.298584625044839 ], [ 82.823579968636878, 25.298191500383712 ], [ 82.823618139146902, 25.297691076180222 ], [ 82.823971015926446, 25.29718998126684 ], [ 82.824637843114303, 25.296402461347295 ], [ 82.825108905410133, 25.296008377120579 ], [ 82.82597371396875, 25.295792283515095 ], [ 82.826642117198162, 25.295665925893726 ], [ 82.827060335562493, 25.295388813833128 ], [ 82.826377041558203, 25.294097477738909 ], [ 82.826279971702988, 25.293350176523354 ], [ 82.825615098902915, 25.293755719033815 ], [ 82.825143123613174, 25.293792374678869 ], [ 82.824592222774939, 25.293650439362363 ], [ 82.824001646865511, 25.293401412046958 ], [ 82.822820518226749, 25.292903216784733 ], [ 82.82120568482334, 25.291941244100432 ], [ 82.81990558382725, 25.290978666046119 ], [ 82.818804442577346, 25.289598042348103 ], [ 82.818370281812051, 25.288919798119586 ], [ 82.818172006139235, 25.288205298984966 ], [ 82.818092414297169, 25.28777655743367 ], [ 82.817973347665628, 25.287312177920526 ], [ 82.817736567469268, 25.286955182867892 ], [ 82.817460571448237, 25.286634016187023 ], [ 82.81660737871168, 25.286064449562868 ], [ 82.817025943707975, 25.28574127311234 ], [ 82.81745719883655, 25.285132887282678 ], [ 82.818202307544823, 25.284202235482276 ], [ 82.818830130951582, 25.28355772246179 ], [ 82.819379631923042, 25.28305632111347 ], [ 82.820008335276455, 25.282804935467752 ], [ 82.82055873708795, 25.282696676743306 ], [ 82.820990779935187, 25.282445656694147 ], [ 82.821265313291946, 25.28212347435549 ], [ 82.821482768171492, 25.281639445698652 ], [ 82.82091922550552, 25.281127907183198 ], [ 82.820723239286181, 25.280685146427874 ], [ 82.820689652157611, 25.280242153022638 ], [ 82.820753946319229, 25.279917128691693 ], [ 82.821305377326368, 25.279443486701922 ], [ 82.821694441062263, 25.278999699195296 ], [ 82.821888291744813, 25.278497194606416 ], [ 82.821952112025798, 25.277965400699326 ], [ 82.821885803930144, 25.277404256822873 ], [ 82.8217215962881, 25.276666121691722 ], [ 82.821460046230328, 25.275987252453959 ], [ 82.821101121543137, 25.275367649288466 ], [ 82.820579842828721, 25.274807400883617 ], [ 82.819960925231996, 25.27418822123823 ], [ 82.819439973246261, 25.273775670869792 ], [ 82.818919573281804, 25.273599405195128 ], [ 82.818366693788974, 25.273423215843597 ], [ 82.817665225178871, 25.273486156856322 ], [ 82.816983217548668, 25.273723726822997 ], [ 82.816366186873452, 25.27393162490241 ], [ 82.815651793378848, 25.274198783538782 ], [ 82.815164635226054, 25.274376916003828 ], [ 82.814352086360387, 25.274348879581982 ], [ 82.813831674915761, 25.274172599007876 ], [ 82.813571199487967, 25.273966322656676 ], [ 82.812984992657547, 25.273435719425031 ], [ 82.812692006227238, 25.273199891691014 ], [ 82.812252788920475, 25.272993932259425 ], [ 82.811683889794921, 25.272906360028443 ], [ 82.811228872542557, 25.272936723939416 ], [ 82.810416657052812, 25.273056352275024 ], [ 82.809864242762714, 25.27308688900235 ], [ 82.808824812824568, 25.273354666917989 ], [ 82.807980222180831, 25.273562959644028 ], [ 82.807330890988879, 25.273859501838295 ], [ 82.806909009501069, 25.274155631642568 ], [ 82.806649457716986, 25.274362867947787 ], [ 82.806227317298649, 25.274540845568623 ], [ 82.80573982751919, 25.274571252013555 ], [ 82.805122570679373, 25.274690507737994 ], [ 82.804798210896337, 25.27495692414475 ], [ 82.804376448119527, 25.2753121297917 ], [ 82.80392247259239, 25.27578552877031 ], [ 82.803663040223711, 25.276051828978737 ], [ 82.803305758675933, 25.276200150853079 ], [ 82.802851080602835, 25.276348642128255 ], [ 82.802331055335245, 25.276349562607599 ], [ 82.80181090437695, 25.276291412248121 ], [ 82.801226026489871, 25.27632197831252 ], [ 82.800673625261823, 25.276411567777039 ], [ 82.80015435240395, 25.276766993914695 ], [ 82.799570224464361, 25.277151993863146 ], [ 82.79924579710304, 25.277447948206166 ], [ 82.798855917709346, 25.277537232189829 ], [ 82.798498102306681, 25.277390171891216 ], [ 82.798367640474467, 25.277154095260752 ], [ 82.797977228269517, 25.276962790817613 ], [ 82.797620011048863, 25.277125866241821 ], [ 82.797457981457896, 25.277362449655769 ], [ 82.79729615492009, 25.277687637506677 ], [ 82.797361869449745, 25.278012442768379 ], [ 82.797655809823027, 25.278661758119632 ], [ 82.798082385088108, 25.279393032695317 ], [ 82.798261975375667, 25.279761938080785 ], [ 82.798165188883942, 25.280146154394359 ], [ 82.798003380670295, 25.28044180792299 ], [ 82.797808907272042, 25.280737518040745 ], [ 82.797517050264801, 25.281033411023152 ], [ 82.797290311233539, 25.28141777619129 ], [ 82.79709612045049, 25.281802099268756 ], [ 82.79670731775235, 25.282363997049735 ], [ 82.796317980411416, 25.282719108792357 ], [ 82.795896049369375, 25.283015208060078 ], [ 82.795441463950411, 25.283222822305557 ], [ 82.794531982631071, 25.283490224951844 ], [ 82.794207547499127, 25.283786152669382 ], [ 82.793916105730858, 25.284288792674744 ], [ 82.793495269837933, 25.285116553296046 ], [ 82.793301369749486, 25.285648553425894 ], [ 82.793042485036011, 25.286224976222925 ], [ 82.792628654220763, 25.287512067508899 ], [ 82.792315102009283, 25.288012962300048 ], [ 82.792158635751591, 25.288442134119094 ], [ 82.792159743937347, 25.288978247445641 ], [ 82.792357593540842, 25.289549794592311 ], [ 82.792438736265339, 25.290764894468683 ], [ 82.792362621802539, 25.291980187194454 ], [ 82.79212879575671, 25.293017113265957 ], [ 82.792169645763082, 25.293767618883773 ], [ 82.792328333308902, 25.294410625084815 ], [ 82.792447536190664, 25.295018057891003 ], [ 82.792607025520482, 25.296054261584139 ], [ 82.79281778138963, 25.297743263206005 ], [ 82.793383251258135, 25.297742292600642 ], [ 82.793760431715526, 25.29784869184099 ], [ 82.795441416169254, 25.297193075759456 ], [ 82.797326842774893, 25.295974652455392 ], [ 82.800076907867123, 25.294468730266281 ], [ 82.802629684969659, 25.292641418468339 ], [ 82.80451551040548, 25.291673056517546 ], [ 82.805262067332052, 25.29135006401577 ], [ 82.805615534878427, 25.291099210739457 ], [ 82.805895775802384, 25.290701398997886 ], [ 82.806866975452479, 25.290432766278119 ], [ 82.807770972200274, 25.290109466672195 ], [ 82.80855710622501, 25.289929294332318 ] ] ], [ [ [ 82.941736550322574, 25.295419721473959 ], [ 82.941480828836333, 25.294048972883186 ], [ 82.941321516885651, 25.293392242031544 ], [ 82.941036498898242, 25.292735819859509 ], [ 82.940909160914927, 25.292250432616271 ], [ 82.940970912997059, 25.291878834664736 ], [ 82.941189672881208, 25.291464007950118 ], [ 82.941188571562577, 25.291092533921685 ], [ 82.941454798363324, 25.290763273877307 ], [ 82.940524870955315, 25.289994251019767 ], [ 82.940052347360364, 25.289709740209499 ], [ 82.939768497973475, 25.289424789626562 ], [ 82.93939009655638, 25.289054297584631 ], [ 82.939169013519006, 25.28874056111988 ], [ 82.938790783139595, 25.288455865176264 ], [ 82.938444425284942, 25.288285325000441 ], [ 82.938003860602421, 25.288172155248635 ], [ 82.937720549505116, 25.288058564069132 ], [ 82.937060172023891, 25.288003139707421 ], [ 82.936493543223861, 25.287804598011704 ], [ 82.936304089636394, 25.287519352664287 ], [ 82.936208822659353, 25.28723385326693 ], [ 82.936207852999175, 25.286919564786285 ], [ 82.936467668791167, 25.286415841260244 ], [ 82.936179388177607, 25.286503969609416 ], [ 82.935698998845922, 25.286621703724492 ], [ 82.935122057744394, 25.286681449257255 ], [ 82.934737448756678, 25.286682426264019 ], [ 82.934128377899427, 25.286713090010998 ], [ 82.933455305674087, 25.2867439743004 ], [ 82.932974262690237, 25.286686900392137 ], [ 82.932525455864862, 25.286688036664973 ], [ 82.932140952489249, 25.286718125654737 ], [ 82.931692043007857, 25.286704738066057 ], [ 82.931090121429023, 25.28642222936444 ], [ 82.930729683039274, 25.286562041666578 ], [ 82.930346949219242, 25.287130498230091 ], [ 82.928428712263297, 25.288854110865234 ], [ 82.928044629783969, 25.28904443936128 ], [ 82.927692058670601, 25.289059900363888 ], [ 82.9270181822247, 25.288828522554809 ], [ 82.926536342649186, 25.288509271948676 ], [ 82.925444477697582, 25.287900182949496 ], [ 82.92448135225699, 25.287407338289693 ], [ 82.923863661802713, 25.286793450013146 ], [ 82.923027769887241, 25.287371383578119 ], [ 82.922441325437674, 25.287660196333125 ], [ 82.922125771077063, 25.287996682810899 ], [ 82.921968244537538, 25.288284813301871 ], [ 82.921969390373093, 25.288668495094413 ], [ 82.922076402386153, 25.289147786805714 ], [ 82.922077691352129, 25.289579357971729 ], [ 82.921604602623916, 25.290203974096606 ], [ 82.92134144651051, 25.290444399443757 ], [ 82.921395016168645, 25.290877037554914 ], [ 82.921554958972308, 25.291259190481128 ], [ 82.921809397615121, 25.291782603689633 ], [ 82.921810226316069, 25.292060523446988 ], [ 82.921777327358413, 25.292400218662632 ], [ 82.921676569489932, 25.29280189461014 ], [ 82.921711595667176, 25.293141481787607 ], [ 82.92191607032143, 25.293357130374712 ], [ 82.922217872752768, 25.293498840412077 ], [ 82.922522787695328, 25.29342488583222 ], [ 82.922901742646431, 25.293447340008978 ], [ 82.92324211218704, 25.293631713789956 ], [ 82.923447150606393, 25.294001756613998 ], [ 82.923516743185019, 25.294557424117357 ], [ 82.923690084940247, 25.295699461305258 ], [ 82.923827460657435, 25.296162256610483 ], [ 82.924066140767863, 25.296439583782341 ], [ 82.924338179894576, 25.296531538013522 ], [ 82.924678187125167, 25.296592461824538 ], [ 82.924916783774847, 25.296808021973408 ], [ 82.925257999628656, 25.297270367078678 ], [ 82.925735556005193, 25.297886696266197 ], [ 82.926416789221719, 25.298409944537323 ], [ 82.926974559061833, 25.298527748514434 ], [ 82.927243861360424, 25.303121892011927 ], [ 82.928196706571285, 25.303413625660887 ], [ 82.928406428818121, 25.303813660668762 ], [ 82.928485301452255, 25.304270966221253 ], [ 82.928486688692317, 25.304728421272436 ], [ 82.928333741886362, 25.305397398374669 ], [ 82.928105324016457, 25.306700010723425 ], [ 82.927953538345548, 25.307720930007587 ], [ 82.928187716425484, 25.308318573667744 ], [ 82.928538081598333, 25.308915938009992 ], [ 82.928964887364955, 25.309161221122562 ], [ 82.929466418321539, 25.309372336046046 ], [ 82.929834759955227, 25.309302507908129 ], [ 82.930826702265804, 25.30878296747558 ], [ 82.931554257136312, 25.308586579356803 ], [ 82.931982021366593, 25.308429819346618 ], [ 82.932580669858396, 25.308116949657908 ], [ 82.933093988440874, 25.307882158576287 ], [ 82.933478423017945, 25.307569902744905 ], [ 82.933863073499168, 25.307296502667118 ], [ 82.934504681489983, 25.307022509600866 ], [ 82.93527482982995, 25.306748128485456 ], [ 82.936044859362696, 25.306473741088535 ], [ 82.936729787833386, 25.306355248004131 ], [ 82.937543023491358, 25.306197550510774 ], [ 82.938313627402508, 25.306078832095366 ], [ 82.939169586291555, 25.305882022078354 ], [ 82.940154070395707, 25.305684950747935 ], [ 82.941695290332476, 25.305486422799497 ], [ 82.942508881492003, 25.305445385593679 ], [ 82.943194286701384, 25.30548254430467 ], [ 82.943922540069067, 25.30551953137709 ], [ 82.944522023490919, 25.30547909939887 ], [ 82.945121121110361, 25.305321859318646 ], [ 82.945805692455252, 25.305125523119621 ], [ 82.946305400187612, 25.304821050819275 ], [ 82.946437347144581, 25.304221567737404 ], [ 82.946750061961538, 25.303518414731126 ], [ 82.946872851371452, 25.302906201876308 ], [ 82.946860471645891, 25.302217535261629 ], [ 82.946544306560256, 25.301828152558894 ], [ 82.946229145913222, 25.301724929876272 ], [ 82.945885668634787, 25.301751882082439 ], [ 82.94548509404693, 25.301830916043556 ], [ 82.945170589424137, 25.301935794817087 ], [ 82.944827110366376, 25.301962745613842 ], [ 82.944139824983054, 25.301912479430982 ], [ 82.94345272077868, 25.301888266032488 ], [ 82.942851424348646, 25.301837756489316 ], [ 82.942392855012301, 25.301682904800995 ], [ 82.942163246119634, 25.301501404512678 ], [ 82.942133232671523, 25.301059280706976 ], [ 82.942246042290179, 25.300512737870541 ], [ 82.942359095696716, 25.300044195852752 ], [ 82.942386422633945, 25.299627926069299 ], [ 82.942384793956876, 25.299107686163975 ], [ 82.942297554204984, 25.298676324774952 ], [ 82.942296463157291, 25.298327568546615 ], [ 82.942352582101435, 25.297963218323869 ], [ 82.942322812775487, 25.297599149212736 ], [ 82.942264740483978, 25.297339139407164 ], [ 82.942120618248865, 25.297027372399082 ], [ 82.941937806800084, 25.296754343804647 ], [ 82.941802110640268, 25.29624817697335 ], [ 82.941736550322574, 25.295419721473959 ] ] ], [ [ [ 82.874727904475691, 25.302451346343855 ], [ 82.875210922432984, 25.301954634757283 ], [ 82.875534206316644, 25.301662581137741 ], [ 82.875602378408686, 25.300555027300312 ], [ 82.875560372914762, 25.299932398806281 ], [ 82.875357356645125, 25.299383351017973 ], [ 82.875154341393042, 25.298834315704728 ], [ 82.874414160555929, 25.298135687654018 ], [ 82.873263503523475, 25.298293182359092 ], [ 82.869244153157155, 25.298731656770915 ], [ 82.868120717580169, 25.298680370681829 ], [ 82.867470332764469, 25.298681770241881 ], [ 82.866878504598219, 25.298468173737575 ], [ 82.866641303485935, 25.298200030675215 ], [ 82.866581492709784, 25.297931523256057 ], [ 82.866698760814643, 25.297555232392689 ], [ 82.866875296905391, 25.297232508385402 ], [ 82.86687390258183, 25.296695236664629 ], [ 82.866731393900636, 25.29626729166176 ], [ 82.866166065027642, 25.29617406047829 ], [ 82.864488724871734, 25.295075875198517 ], [ 82.862985028216954, 25.294082215565339 ], [ 82.862637906904624, 25.293820598534818 ], [ 82.86225638229098, 25.293632525792006 ], [ 82.861887598384911, 25.29392714406298 ], [ 82.861600812296643, 25.29466226885188 ], [ 82.861430128733659, 25.295659441580195 ], [ 82.861200852114251, 25.296289531912805 ], [ 82.860970504236462, 25.296552373737729 ], [ 82.86050926787108, 25.296815641282357 ], [ 82.85987441008163, 25.29692193440648 ], [ 82.859355235247719, 25.297080423344845 ], [ 82.859056317552799, 25.297275315893625 ], [ 82.858548202575903, 25.297606749926018 ], [ 82.858318760938118, 25.298184361970709 ], [ 82.858262189648798, 25.29865664437575 ], [ 82.858527722470967, 25.299266011978343 ], [ 82.859131296961792, 25.299861540336355 ], [ 82.860230760762633, 25.300803607798233 ], [ 82.860867377796211, 25.301379395124997 ], [ 82.861561667379888, 25.301902573221277 ], [ 82.862313482214773, 25.302373127503373 ], [ 82.863237870793569, 25.302581047337096 ], [ 82.86577853049755, 25.302628102727553 ], [ 82.867394773507229, 25.302414771554943 ], [ 82.86924122146371, 25.301938635549256 ], [ 82.87045321544187, 25.301726148261345 ], [ 82.871434967379187, 25.301776442785243 ], [ 82.872243535044873, 25.301879655371433 ], [ 82.873341438211781, 25.302192026017526 ], [ 82.87420829277707, 25.302452483663849 ], [ 82.874727904475691, 25.302451346343855 ] ] ], [ [ [ 82.859325037733683, 25.304218268209762 ], [ 82.858885163922224, 25.304364677853773 ], [ 82.858645574366506, 25.304583343568162 ], [ 82.857607568717057, 25.305676602883072 ], [ 82.856967468494531, 25.305823426966835 ], [ 82.856367338687832, 25.30589741364048 ], [ 82.855672009408053, 25.305932113646872 ], [ 82.8549493775879, 25.306007046666522 ], [ 82.856251325132945, 25.307364283463446 ], [ 82.857978612317709, 25.308374678856612 ], [ 82.859907783872785, 25.308969781797884 ], [ 82.860871973104892, 25.309106026752644 ], [ 82.861429740348072, 25.309012638010973 ], [ 82.862139222839872, 25.308734641956161 ], [ 82.862645903579306, 25.308503064023885 ], [ 82.8630506698738, 25.308087415438742 ], [ 82.863611141968519, 25.307069500285444 ], [ 82.863145641192844, 25.306598457033292 ], [ 82.86289300259304, 25.306356520799227 ], [ 82.861489245817211, 25.305268424948178 ], [ 82.860286463882531, 25.304507157594475 ], [ 82.859725265110796, 25.30418105830308 ], [ 82.859325037733683, 25.304218268209762 ] ] ], [ [ [ 82.84480210191704, 25.315204839359982 ], [ 82.845159261626108, 25.31494409972175 ], [ 82.845587603113358, 25.314553218762263 ], [ 82.845765623201501, 25.314211545858353 ], [ 82.845549585988877, 25.313643165954282 ], [ 82.845405648419103, 25.313285914214564 ], [ 82.845476274865675, 25.312895755340911 ], [ 82.845653220906343, 25.312115321328172 ], [ 82.845722873838398, 25.311367560843681 ], [ 82.845899834587087, 25.310554593303266 ], [ 82.845934351263509, 25.310034464921813 ], [ 82.846003667432385, 25.309156707474742 ], [ 82.845895538774258, 25.308799440371978 ], [ 82.845787294976915, 25.308442114492657 ], [ 82.84564352057032, 25.308149850052445 ], [ 82.845571227448914, 25.307857442119563 ], [ 82.84574856362994, 25.307239501890649 ], [ 82.845819107143967, 25.306816823592104 ], [ 82.84572418339954, 25.306531768574061 ], [ 82.845459825891766, 25.306167506288268 ], [ 82.845137190878376, 25.305908120686549 ], [ 82.844313493087768, 25.305552233243436 ], [ 82.843669373771874, 25.305456007117936 ], [ 82.84259597006529, 25.305393169596918 ], [ 82.841523059044846, 25.305492778476498 ], [ 82.839878680193266, 25.305983642884033 ], [ 82.838806287869275, 25.306343317008789 ], [ 82.83816333606066, 25.306734608685119 ], [ 82.837592868669489, 25.307548349941694 ], [ 82.837273368451577, 25.308556580954303 ], [ 82.836669654425336, 25.310443014599706 ], [ 82.836455150324156, 25.312637916114607 ], [ 82.836456930301992, 25.313385529978351 ], [ 82.836533561056925, 25.313638547541554 ], [ 82.83656693461225, 25.314490415895367 ], [ 82.836210980531988, 25.315271188677272 ], [ 82.836069091760734, 25.315759065296099 ], [ 82.836070404964588, 25.316311572848878 ], [ 82.836178707715135, 25.31670143374696 ], [ 82.836251489680492, 25.31725387597173 ], [ 82.836181800143038, 25.318001566832557 ], [ 82.836213885915498, 25.318694707908787 ], [ 82.836335398974356, 25.319490894102358 ], [ 82.837012113709662, 25.319023308409459 ], [ 82.837548175120702, 25.31876223262557 ], [ 82.837869856582657, 25.318664075053551 ], [ 82.838620939159469, 25.318565068754189 ], [ 82.840302373054186, 25.318529214537907 ], [ 82.841947840259408, 25.31842847060134 ], [ 82.842627178806012, 25.318264537967359 ], [ 82.84344968207688, 25.318100377670895 ], [ 82.843985491979907, 25.317741761040921 ], [ 82.844378511001466, 25.317546001674945 ], [ 82.844485172639935, 25.317253234129947 ], [ 82.844555705601266, 25.316863020319293 ], [ 82.844554120710768, 25.316212988948436 ], [ 82.844553168805163, 25.315822916825539 ], [ 82.844624038401747, 25.315530281973697 ], [ 82.84480210191704, 25.315204839359982 ] ] ], [ [ [ 82.93613331758597, 25.327550168695531 ], [ 82.934431255246849, 25.326089190153496 ], [ 82.933332573344785, 25.32532234343941 ], [ 82.932333621537254, 25.324600513157755 ], [ 82.9315199136432, 25.323586100971227 ], [ 82.931091613599065, 25.323970213553419 ], [ 82.930531342703986, 25.324167638692813 ], [ 82.929928142054649, 25.324443527060332 ], [ 82.929281535492336, 25.324641165520276 ], [ 82.928548612822951, 25.324838956414208 ], [ 82.92768584759061, 25.324880288458566 ], [ 82.92708240185587, 25.325077806591192 ], [ 82.926479072147629, 25.325314513840979 ], [ 82.925832337903728, 25.325472890187509 ], [ 82.925185367937161, 25.325552918585998 ], [ 82.923890734737469, 25.32547771136656 ], [ 82.92242526999155, 25.325158243167962 ], [ 82.920868445384173, 25.324818851984642 ], [ 82.919615923841533, 25.324390717772456 ], [ 82.919097753006568, 25.324235224088781 ], [ 82.91853676753334, 25.324236597104726 ], [ 82.918105493032442, 25.324276824246443 ], [ 82.917631417110982, 25.324473995390843 ], [ 82.914901481688759, 25.3260330532352 ], [ 82.915258444086675, 25.327421372157282 ], [ 82.916267774030615, 25.329576851253695 ], [ 82.916587960420244, 25.330774941239593 ], [ 82.916747949930453, 25.331302041899828 ], [ 82.91696093106718, 25.331924938105733 ], [ 82.916909240270471, 25.33230872856733 ], [ 82.91680518384365, 25.332836470581523 ], [ 82.917175880613712, 25.333219216638533 ], [ 82.918547256747217, 25.336048237949051 ], [ 82.918923683250782, 25.33630333616593 ], [ 82.918977343788995, 25.336590943123607 ], [ 82.919084141630492, 25.337022292114014 ], [ 82.919085706782852, 25.337549775171414 ], [ 82.918984244250552, 25.338017405597068 ], [ 82.918456530627537, 25.33898993396835 ], [ 82.917561971822863, 25.339999127614458 ], [ 82.916615978375617, 25.341440048623706 ], [ 82.916144103876505, 25.342544125219277 ], [ 82.91572729077275, 25.344415367340943 ], [ 82.915465999550136, 25.345327127774468 ], [ 82.91509864104539, 25.346095259788662 ], [ 82.914203441100625, 25.346864670560699 ], [ 82.913570929695354, 25.347201882343761 ], [ 82.913150042626526, 25.347730378323785 ], [ 82.913106115504405, 25.348625811859122 ], [ 82.913421178822929, 25.350175379144375 ], [ 82.914274654975586, 25.353212395465249 ], [ 82.914383535223152, 25.354315103521596 ], [ 82.914386629952816, 25.355370045733704 ], [ 82.91412474656137, 25.35608995068549 ], [ 82.913389056426354, 25.356732806919279 ], [ 82.914684843021334, 25.358272355595496 ], [ 82.915326358942096, 25.357728588365674 ], [ 82.916219220837718, 25.356468892152087 ], [ 82.916655842874391, 25.35513446129524 ], [ 82.917092455767076, 25.353800026389035 ], [ 82.917676039399183, 25.352509668080302 ], [ 82.917949864723866, 25.352098708029054 ], [ 82.918358293506472, 25.351485727880167 ], [ 82.919945088650877, 25.350126228280949 ], [ 82.920874036023022, 25.349768388121081 ], [ 82.921718033504206, 25.349626904293789 ], [ 82.923026669591238, 25.349407506621876 ], [ 82.925087956983418, 25.349288240663661 ], [ 82.925013856316937, 25.348347713107113 ], [ 82.925196245793444, 25.34774495933129 ], [ 82.925525865009163, 25.347074955651834 ], [ 82.925929453589205, 25.34653853344604 ], [ 82.926370494745228, 25.346202841206775 ], [ 82.926812039429237, 25.346034473821202 ], [ 82.927253785243551, 25.3459329881358 ], [ 82.92773246382977, 25.345864848218312 ], [ 82.928321858987573, 25.345829933183467 ], [ 82.928800741109029, 25.345828733670913 ], [ 82.929537166742918, 25.345726502347166 ], [ 82.929923091647552, 25.345441102738896 ], [ 82.930087791424882, 25.345055873770757 ], [ 82.930086875498986, 25.344754724396225 ], [ 82.929974835870496, 25.344286586551981 ], [ 82.929936678386909, 25.343851644490719 ], [ 82.929861266135319, 25.343283030546608 ], [ 82.929933725010827, 25.342881313519619 ], [ 82.930153671624595, 25.342495952903437 ], [ 82.930557696805451, 25.342110126066729 ], [ 82.931579570673179, 25.341719013187831 ], [ 82.931397110838233, 25.341249769563063 ], [ 82.931100361849843, 25.339891872462097 ], [ 82.931389986744065, 25.338916470806069 ], [ 82.93198369993307, 25.337789967171766 ], [ 82.93226285404667, 25.337260269369754 ], [ 82.934200495913146, 25.332943143519216 ], [ 82.93542792953177, 25.330311329081379 ], [ 82.936334998196102, 25.329245722801897 ], [ 82.93613331758597, 25.327550168695531 ] ] ], [ [ [ 82.810909315443809, 25.439980649904186 ], [ 82.811227332913035, 25.439824524175883 ], [ 82.812891738658578, 25.43942152714105 ], [ 82.814751345995248, 25.438707073920678 ], [ 82.816268309923544, 25.438082099883246 ], [ 82.817100146657125, 25.437725012688233 ], [ 82.817442887123491, 25.437679959163287 ], [ 82.817802777102585, 25.437778122726137 ], [ 82.81808941771412, 25.437580505374267 ], [ 82.818627894412103, 25.437446189795885 ], [ 82.819166637842187, 25.437445186566801 ], [ 82.820000091713851, 25.437799160814535 ], [ 82.820636889223891, 25.437842418654451 ], [ 82.821322384285452, 25.437752249828122 ], [ 82.822448180299915, 25.437439037694897 ], [ 82.823966116183428, 25.437258391229744 ], [ 82.824896698255372, 25.437256627382446 ], [ 82.825435781527275, 25.437388934732887 ], [ 82.826081352967492, 25.437550008709398 ], [ 82.826290465861419, 25.436342931246333 ], [ 82.826435328950211, 25.435453840781413 ], [ 82.827363457944855, 25.43438547282771 ], [ 82.827988904594662, 25.434011245386579 ], [ 82.827134676107633, 25.433030474533801 ], [ 82.826840282348542, 25.432808821429809 ], [ 82.82640276090342, 25.432625533588478 ], [ 82.825615268632461, 25.432544520743836 ], [ 82.825076220746183, 25.432412211531425 ], [ 82.824585612206747, 25.432057595818819 ], [ 82.824094427138789, 25.431436357122976 ], [ 82.823601836399405, 25.4301929336775 ], [ 82.8229376432419, 25.428883150269098 ], [ 82.821954283191431, 25.427196239176702 ], [ 82.820822406959337, 25.424798495891054 ], [ 82.820738023392153, 25.424468004927562 ], [ 82.820130625332737, 25.422088840543839 ], [ 82.819783795782229, 25.420311810867105 ], [ 82.818897770256129, 25.418313561978543 ], [ 82.818705157426976, 25.417911617768848 ], [ 82.816960035083298, 25.418905708415661 ], [ 82.815785314414228, 25.419174519445974 ], [ 82.815050911949257, 25.419264756878537 ], [ 82.813924455028669, 25.419222378732748 ], [ 82.812504376903874, 25.419269423950166 ], [ 82.811182907259337, 25.419627387193025 ], [ 82.809666541977066, 25.420430070778206 ], [ 82.80827119688476, 25.421064706075303 ], [ 82.808224719167555, 25.421743709688197 ], [ 82.807786090935096, 25.422722227674416 ], [ 82.80641783297807, 25.42410238247146 ], [ 82.805978415413293, 25.42472535775919 ], [ 82.805489548754238, 25.42512620200382 ], [ 82.80455997241036, 25.425572264845439 ], [ 82.802457330743792, 25.427087020913021 ], [ 82.80196881099387, 25.427665619755818 ], [ 82.801687276277519, 25.427770713423428 ], [ 82.801848372291232, 25.428642107317479 ], [ 82.801849227960304, 25.429042090633203 ], [ 82.80185027224752, 25.429530940214118 ], [ 82.801948806099944, 25.429797432316725 ], [ 82.80229305543233, 25.430463445506387 ], [ 82.802441221210216, 25.431040917672959 ], [ 82.802589181587251, 25.431529506085603 ], [ 82.802639419180323, 25.432107154308536 ], [ 82.802983200233754, 25.432550975748725 ], [ 82.803278287250734, 25.433128188068565 ], [ 82.803376920028896, 25.433439082365179 ], [ 82.803461775607914, 25.433782441464626 ], [ 82.803574842657753, 25.434372012619754 ], [ 82.803673842718283, 25.434860685877748 ], [ 82.803576657313002, 25.435216389334684 ], [ 82.803430550863155, 25.435616614226365 ], [ 82.802941846600945, 25.436106328278679 ], [ 82.802315006433076, 25.437115290660163 ], [ 82.802773717351599, 25.437639865485796 ], [ 82.803116764767452, 25.437728125618452 ], [ 82.803459605646239, 25.437727517527303 ], [ 82.804023593276142, 25.438059839385165 ], [ 82.804097866574182, 25.438437448210347 ], [ 82.804049855654384, 25.438881960203226 ], [ 82.804099447105472, 25.439170722210772 ], [ 82.80449161072093, 25.439325572951489 ], [ 82.804834934708097, 25.439547175184927 ], [ 82.805031434752763, 25.439813457820801 ], [ 82.805325904288836, 25.440079579676404 ], [ 82.806061255907352, 25.440389347859949 ], [ 82.806796434202198, 25.440610245528028 ], [ 82.807139298048355, 25.44060963179313 ], [ 82.807482145657019, 25.4406090166739 ], [ 82.807922769796463, 25.440519340660344 ], [ 82.808314100282089, 25.440296439811192 ], [ 82.808558507416095, 25.440073785900971 ], [ 82.808998836886573, 25.43985077773414 ], [ 82.809341406541904, 25.439716842935788 ], [ 82.809684251747342, 25.439716222950754 ], [ 82.81010093288522, 25.439871017878357 ], [ 82.810591784008082, 25.440358988243229 ], [ 82.810909315443809, 25.439980649904186 ] ] ], [ [ [ 83.082055109021113, 25.367598158937945 ], [ 83.082545866091493, 25.366902072166603 ], [ 83.082825586936409, 25.366309798496953 ], [ 83.083301545141637, 25.365933674973217 ], [ 83.083626461357525, 25.365774869959107 ], [ 83.083798625407923, 25.365419492599241 ], [ 83.083775365368709, 25.365045069265125 ], [ 83.082989049993927, 25.363845378147314 ], [ 83.082639515517286, 25.363294671966607 ], [ 83.082572526529304, 25.362841545047512 ], [ 83.082787868930367, 25.362426884910658 ], [ 83.083328753113619, 25.362011113133519 ], [ 83.084044074874356, 25.36179185360216 ], [ 83.083175601199287, 25.361715966894767 ], [ 83.082262096636214, 25.361246028061849 ], [ 83.081913042759069, 25.360813572961533 ], [ 83.081824443626971, 25.360380233708177 ], [ 83.081822169530227, 25.3598283258446 ], [ 83.081888212395341, 25.359092087103623 ], [ 83.081450299203141, 25.358922911232174 ], [ 83.081034400848864, 25.358627817197998 ], [ 83.08042491369244, 25.358445610903381 ], [ 83.07997697824932, 25.358078487841382 ], [ 83.079568853235628, 25.357527027281385 ], [ 83.079160580234387, 25.35693864839465 ], [ 83.078754085892712, 25.356755734541515 ], [ 83.078103629377125, 25.356499939279942 ], [ 83.077373335229012, 25.356539264967608 ], [ 83.076886489935021, 25.356577765966239 ], [ 83.076197427107189, 25.356801221729011 ], [ 83.075710580441282, 25.356839718110027 ], [ 83.075345255748587, 25.356804089808254 ], [ 83.074900805714719, 25.356484235170861 ], [ 83.074581855631607, 25.356767962483676 ], [ 83.074350529669815, 25.35714945113396 ], [ 83.074071712692415, 25.357319637379476 ], [ 83.073652685396524, 25.357363361013746 ], [ 83.07314007578546, 25.357322791102892 ], [ 83.072627809831062, 25.357366796014173 ], [ 83.072115640807837, 25.357410800066091 ], [ 83.071696401426067, 25.357412198722308 ], [ 83.071323565678156, 25.357371156793103 ], [ 83.070987628131306, 25.357245348466549 ], [ 83.0706709391022, 25.35724640413401 ], [ 83.070345297632713, 25.357374419327318 ], [ 83.069833640049524, 25.357545345055122 ], [ 83.069182019973681, 25.357674442142887 ], [ 83.06843706381332, 25.357761559337099 ], [ 83.067598566636804, 25.357764343305945 ], [ 83.067085446374662, 25.357596764369074 ], [ 83.066572328954905, 25.357429246288827 ], [ 83.066060157622971, 25.357473231258318 ], [ 83.065734609262265, 25.357601237570712 ], [ 83.065409229445834, 25.357771591287015 ], [ 83.065084242052791, 25.358068798428626 ], [ 83.064852720302753, 25.358408001806961 ], [ 83.064808326667745, 25.358958140560414 ], [ 83.064996738335836, 25.360459537819754 ], [ 83.065823738493108, 25.360631259966667 ], [ 83.066516391836075, 25.361028362412789 ], [ 83.067084622331748, 25.361711157615449 ], [ 83.06771738056203, 25.362850177923825 ], [ 83.068665299797246, 25.364216365584753 ], [ 83.068926103334604, 25.365014283941967 ], [ 83.069423524986391, 25.365297897337605 ], [ 83.069802074798375, 25.365695970950643 ], [ 83.070306746554891, 25.366207791482154 ], [ 83.070749572320338, 25.366948034209173 ], [ 83.070878164112273, 25.367693445273066 ], [ 83.071411355580338, 25.367859703585307 ], [ 83.071777783792172, 25.367789882057771 ], [ 83.07214375186966, 25.367602550370083 ], [ 83.072509799170248, 25.367425020380203 ], [ 83.072811563853691, 25.367365248080436 ], [ 83.073113764067983, 25.367423006164767 ], [ 83.073330421420209, 25.367657341763422 ], [ 83.073569052294559, 25.367970010849323 ], [ 83.073850285867223, 25.368184529729696 ], [ 83.074152036030881, 25.368105160624513 ], [ 83.074560827316802, 25.367849155993511 ], [ 83.076370225892461, 25.367196540480116 ], [ 83.077771612317818, 25.366995929873344 ], [ 83.078742374511208, 25.367012242201294 ], [ 83.079778120900713, 25.367087077949385 ], [ 83.080792628015402, 25.367220756241213 ], [ 83.082055109021113, 25.367598158937945 ] ] ], [ [ [ 83.06676357976589, 25.397385656926538 ], [ 83.066704724372883, 25.396920210132919 ], [ 83.066589074366263, 25.396506639657137 ], [ 83.066187267056094, 25.395783600206162 ], [ 83.065899832393129, 25.395163618469599 ], [ 83.065323744280093, 25.393613300234318 ], [ 83.065036524847542, 25.393045122403841 ], [ 83.064806102798755, 25.392424933534965 ], [ 83.064633287062676, 25.391959858961506 ], [ 83.064233139783369, 25.391650717416848 ], [ 83.061692034416041, 25.390424262740613 ], [ 83.061333101739379, 25.391197414054805 ], [ 83.060802291580003, 25.391488993404927 ], [ 83.060217916509231, 25.391732487136579 ], [ 83.059526685973168, 25.391831354135682 ], [ 83.058675420200814, 25.391834134771688 ], [ 83.057825106960081, 25.392078475789745 ], [ 83.057186631556405, 25.3920805551897 ], [ 83.056441014620631, 25.391889729318756 ], [ 83.055481354062465, 25.391409758032356 ], [ 83.054628950998264, 25.391122684377169 ], [ 83.053617297058139, 25.390932708497303 ], [ 83.052659074005064, 25.390790872068788 ], [ 83.051966708716108, 25.390599914665565 ], [ 83.051539897164261, 25.390311451714751 ], [ 83.051112899974612, 25.389974657892271 ], [ 83.049233146514425, 25.387661833070847 ], [ 83.048924811709483, 25.38824254839712 ], [ 83.048554442767525, 25.388775159381758 ], [ 83.048000706922139, 25.389197161599618 ], [ 83.048672822175831, 25.390925191564243 ], [ 83.049189920106812, 25.392010114392363 ], [ 83.049421095185537, 25.392837239105255 ], [ 83.049537682255121, 25.393509489202977 ], [ 83.049539897090284, 25.394078665493133 ], [ 83.049370551403968, 25.394493106547202 ], [ 83.048916261333858, 25.394908535508023 ], [ 83.048575335745127, 25.395168278797161 ], [ 83.048434479269005, 25.395582692396776 ], [ 83.048578954125745, 25.396099674291229 ], [ 83.04886450415465, 25.39625394041688 ], [ 83.049093253342519, 25.396460185595757 ], [ 83.049208433800132, 25.396770273953376 ], [ 83.049187744082914, 25.397208640402088 ], [ 83.050011917729549, 25.398216428473649 ], [ 83.050928183457387, 25.399351800651218 ], [ 83.051729662501501, 25.400280558959626 ], [ 83.052473152341491, 25.400950837102005 ], [ 83.053616005033348, 25.401723240417912 ], [ 83.056013347276462, 25.402646806873491 ], [ 83.058181437925953, 25.403260616777203 ], [ 83.059257973802744, 25.403647523499245 ], [ 83.060119743931978, 25.403409528110732 ], [ 83.061999006015171, 25.403041148518625 ], [ 83.06268288753364, 25.403038903119977 ], [ 83.063424173099378, 25.403139959338382 ], [ 83.064279866433282, 25.403344116242781 ], [ 83.067250810545644, 25.404321958958175 ], [ 83.067703995708214, 25.404471104098747 ], [ 83.068787870074445, 25.404726227198285 ], [ 83.069357051235556, 25.404543226608929 ], [ 83.069525411174553, 25.403895858895172 ], [ 83.069764335505965, 25.402417602440163 ], [ 83.06979993312379, 25.401307923294773 ], [ 83.069226280786935, 25.400378490799085 ], [ 83.067794670800936, 25.398675805081144 ], [ 83.067107901174964, 25.397953715730765 ], [ 83.06676357976589, 25.397385656926538 ] ] ] ] } },
{ "type": "Feature", "properties": { "block_name": "Sevapuri" }, "geometry": { "type": "Polygon", "coordinates": [ [ [ 82.682790854477844, 25.25785777771776 ], [ 82.682016639581377, 25.25792121979579 ], [ 82.681649374315157, 25.257921361954715 ], [ 82.681411041126026, 25.257700348139377 ], [ 82.681376059611196, 25.257199317604417 ], [ 82.681614019869969, 25.256612464711711 ], [ 82.681723125419836, 25.256287446135598 ], [ 82.68164845258103, 25.255971531873573 ], [ 82.681236423548143, 25.255718926067402 ], [ 82.680645620508557, 25.255466414471343 ], [ 82.67995560730094, 25.255218374122538 ], [ 82.679503785037113, 25.254839452214515 ], [ 82.679161158048984, 25.254428827414248 ], [ 82.678540391082421, 25.253580466780001 ], [ 82.678366372456182, 25.252984721781168 ], [ 82.678278222276305, 25.252618978134446 ], [ 82.678192317306099, 25.252262410603695 ], [ 82.678122602068683, 25.251662361347773 ], [ 82.678087503334481, 25.250845388980494 ], [ 82.677635855120812, 25.249933935769015 ], [ 82.677358119135818, 25.24971177904191 ], [ 82.676846067168796, 25.249302193098096 ], [ 82.675704444075052, 25.249113034229921 ], [ 82.675218049327114, 25.248923598603376 ], [ 82.674597449398249, 25.248391171847928 ], [ 82.673907378712073, 25.247885897659287 ], [ 82.673008838136425, 25.247416806596391 ], [ 82.67194050610469, 25.247018146645594 ], [ 82.671276526313449, 25.246690608396875 ], [ 82.670894446685438, 25.24684420242086 ], [ 82.670452594080501, 25.247407197563266 ], [ 82.670274489479169, 25.248166925208576 ], [ 82.670240090556263, 25.248988412643772 ], [ 82.670135941665052, 25.249236650180496 ], [ 82.669585287296798, 25.249805588172023 ], [ 82.669270313445622, 25.250299659077843 ], [ 82.669064396239563, 25.250622664416689 ], [ 82.668786738865265, 25.251191496057448 ], [ 82.668340237942132, 25.251629474776497 ], [ 82.66795810757985, 25.251945560224673 ], [ 82.667094738596703, 25.252451292139352 ], [ 82.666712710246856, 25.252889259440767 ], [ 82.666648375391489, 25.253426335253756 ], [ 82.667060581635582, 25.254180014994471 ], [ 82.667340755315351, 25.254716729532966 ], [ 82.66831675516481, 25.254825193991934 ], [ 82.669123947238802, 25.254956011002388 ], [ 82.669529554064269, 25.255147232283893 ], [ 82.66985053908661, 25.255298557513697 ], [ 82.670376654677312, 25.255546693232905 ], [ 82.669634114828838, 25.255809082913565 ], [ 82.669915251593665, 25.256106525309093 ], [ 82.670446346328589, 25.256379294369729 ], [ 82.670942814870486, 25.256634263572618 ], [ 82.671852050274993, 25.257248128172055 ], [ 82.672127729283616, 25.257434249185323 ], [ 82.672526641677052, 25.257965286972116 ], [ 82.672641069128275, 25.258461812625786 ], [ 82.672664964451315, 25.258755993367313 ], [ 82.672690928716889, 25.259075631986018 ], [ 82.672779744039332, 25.259705989285784 ], [ 82.672869854613637, 25.260458793254912 ], [ 82.673045447515761, 25.260847969897767 ], [ 82.673153345907565, 25.261097551406841 ], [ 82.672974750950146, 25.261368432116495 ], [ 82.672806291953862, 25.262149329674763 ], [ 82.672677610032594, 25.262749216731059 ], [ 82.672426214366681, 25.262880772816903 ], [ 82.670668793373792, 25.263797102178181 ], [ 82.670382490556747, 25.264015984130904 ], [ 82.670528854273044, 25.264424903046454 ], [ 82.670712733810532, 25.265110977485847 ], [ 82.670822085452514, 25.265485519835195 ], [ 82.67109050550873, 25.266297912039843 ], [ 82.671229645689323, 25.266658960199273 ], [ 82.671637112169819, 25.267832399596415 ], [ 82.672034664282236, 25.269005823285241 ], [ 82.672138917605125, 25.269445255859516 ], [ 82.672313061536428, 25.270179279963394 ], [ 82.672411652412961, 25.270615028985638 ], [ 82.672599040628299, 25.271492623092019 ], [ 82.672621511550503, 25.271948475507696 ], [ 82.672641921204459, 25.27243236905591 ], [ 82.672795924838837, 25.273523715122629 ], [ 82.673004706684239, 25.274421823487764 ], [ 82.673138993309067, 25.274918278346888 ], [ 82.673452247660222, 25.276218072428225 ], [ 82.673660563676719, 25.277012959487951 ], [ 82.673795261653837, 25.277526927324608 ], [ 82.673866603953925, 25.277872535110355 ], [ 82.674073825396079, 25.278876386399723 ], [ 82.674110046906421, 25.279634986898611 ], [ 82.675841605880052, 25.279369937914375 ], [ 82.676322813478549, 25.279299865746744 ], [ 82.67744189732089, 25.279176020425695 ], [ 82.678695672874198, 25.279037268977916 ], [ 82.679788727600084, 25.27887010738328 ], [ 82.680509114038756, 25.278759937876291 ], [ 82.680944310708981, 25.278693382250911 ], [ 82.682193304370386, 25.278369438420082 ], [ 82.682702028443487, 25.278237493576498 ], [ 82.683297008469324, 25.278083176540367 ], [ 82.684279842545521, 25.277861595957912 ], [ 82.685490914906069, 25.27754960880759 ], [ 82.686151406761624, 25.277392162241398 ], [ 82.686867504670971, 25.277301361864591 ], [ 82.688131168989742, 25.277966879125678 ], [ 82.688489720581401, 25.278351804795747 ], [ 82.688420580529723, 25.279046939272479 ], [ 82.688178388211981, 25.280879475029135 ], [ 82.689007340228272, 25.280847614118908 ], [ 82.689653713366852, 25.281062295199707 ], [ 82.690418562906686, 25.281316326527957 ], [ 82.690463541600977, 25.283762776990248 ], [ 82.690465693863715, 25.287909730538171 ], [ 82.690222871023025, 25.288660110029824 ], [ 82.689936531380283, 25.28901645427521 ], [ 82.689399303460362, 25.289685020530065 ], [ 82.688600552086001, 25.290696419570253 ], [ 82.6880798300474, 25.291928902493108 ], [ 82.688219086896396, 25.292402791163578 ], [ 82.689124358618898, 25.295498717184625 ], [ 82.690019990383405, 25.299136282354141 ], [ 82.690430245799305, 25.300249546500041 ], [ 82.691020304632346, 25.301777572138693 ], [ 82.691235680876588, 25.302335298078027 ], [ 82.691434196766465, 25.302849357773955 ], [ 82.691586208089404, 25.303242913303151 ], [ 82.691873654207726, 25.304007924536034 ], [ 82.69221166266459, 25.304907498635711 ], [ 82.692689632127056, 25.306179542412085 ], [ 82.693217164068656, 25.307331544411003 ], [ 82.69332210711319, 25.308468925877914 ], [ 82.693501639454482, 25.309858993135535 ], [ 82.693834697251347, 25.310459121933846 ], [ 82.693967022755956, 25.310935547619188 ], [ 82.69464928860765, 25.310932674237712 ], [ 82.695100993547257, 25.310697805888225 ], [ 82.695378757990653, 25.310205626674854 ], [ 82.695720937524342, 25.309781407833757 ], [ 82.696456071599528, 25.309713160371121 ], [ 82.697133741839863, 25.309826811115283 ], [ 82.69765289445769, 25.310078125052776 ], [ 82.698189330710136, 25.310380304654789 ], [ 82.698641415819708, 25.310677969388578 ], [ 82.699174632474822, 25.311117227588149 ], [ 82.699627458853556, 25.311519858747381 ], [ 82.700056103604197, 25.312131176753176 ], [ 82.700704014696171, 25.313133295381363 ], [ 82.701415275384917, 25.315555696298567 ], [ 82.701554650428918, 25.316074768296374 ], [ 82.701579324594917, 25.316385968380327 ], [ 82.701604746786046, 25.316706599349317 ], [ 82.701709436283352, 25.317338493015246 ], [ 82.702105442522267, 25.317997016469167 ], [ 82.702385478171138, 25.31839879289674 ], [ 82.702402562975834, 25.318883573852947 ], [ 82.702455783692827, 25.319603876215712 ], [ 82.702704499124991, 25.320389104992561 ], [ 82.703145083260083, 25.321345811151055 ], [ 82.703916342276997, 25.323030589094692 ], [ 82.703198003086982, 25.323485241472248 ], [ 82.702532813751645, 25.323675103979117 ], [ 82.701942161143066, 25.324104168572589 ], [ 82.701545155505968, 25.324614452608447 ], [ 82.701348286639757, 25.325186318621842 ], [ 82.701148621597909, 25.325752089148931 ], [ 82.700898429044088, 25.326394766994198 ], [ 82.700816721327001, 25.327025118037479 ], [ 82.700765248247279, 25.32785197004516 ], [ 82.700698707355798, 25.328920857236959 ], [ 82.700018344991122, 25.329079174594053 ], [ 82.699447348103348, 25.329255465465373 ], [ 82.698161320284768, 25.329680419442241 ], [ 82.697555596296525, 25.329915397952004 ], [ 82.696915011521767, 25.330015011911506 ], [ 82.696165174959546, 25.330232053215809 ], [ 82.695445096874138, 25.330169184328248 ], [ 82.694714955563981, 25.33013346094096 ], [ 82.691973781536831, 25.330486815668841 ], [ 82.691055009419429, 25.330613607281304 ], [ 82.689961969508161, 25.330670690767516 ], [ 82.689174824235309, 25.330706404788923 ], [ 82.688591813685662, 25.330713985571677 ], [ 82.688110644485917, 25.331072496344536 ], [ 82.687526133663013, 25.331577310118327 ], [ 82.687293931716127, 25.332447123071365 ], [ 82.68710459708349, 25.333156366124555 ], [ 82.687023823630781, 25.333458935565467 ], [ 82.686557953507887, 25.33535930497165 ], [ 82.685860218639263, 25.335863769861316 ], [ 82.685705896798808, 25.336489106721807 ], [ 82.685704451308993, 25.336889789088488 ], [ 82.68572502049166, 25.338203246428943 ], [ 82.685796909324651, 25.338686082049087 ], [ 82.685934211342968, 25.339372129797709 ], [ 82.685969335021227, 25.340085315896932 ], [ 82.685900100007018, 25.340744342775512 ], [ 82.685810984178218, 25.341349124805834 ], [ 82.685844192109727, 25.341672847789486 ], [ 82.685880899617985, 25.342030686076807 ], [ 82.685906234155979, 25.342406369937503 ], [ 82.686051049240902, 25.344553727870537 ], [ 82.686051366795766, 25.345166476638997 ], [ 82.68605155324849, 25.345523560661626 ], [ 82.686051820446494, 25.346038651862354 ], [ 82.685883214914327, 25.346620967400654 ], [ 82.685103481786243, 25.346697994115317 ], [ 82.684604593224904, 25.346687640506605 ], [ 82.683721117631308, 25.34720091011479 ], [ 82.683613046483771, 25.348146665202993 ], [ 82.683435398823349, 25.348440942034529 ], [ 82.683216864548982, 25.348662251060038 ], [ 82.682834594459848, 25.348901581189359 ], [ 82.682635936266863, 25.349106989203761 ], [ 82.682521867774994, 25.349380154910982 ], [ 82.682522020172996, 25.349687061929878 ], [ 82.682586854829538, 25.350300866666895 ], [ 82.682646749363229, 25.350829972542314 ], [ 82.682583897377327, 25.351376181123886 ], [ 82.682413683275129, 25.351691124260725 ], [ 82.682279742737933, 25.352007119559914 ], [ 82.682327100118329, 25.352316293228562 ], [ 82.682548254260269, 25.352607298605278 ], [ 82.682872329894877, 25.352834834855997 ], [ 82.683199161882982, 25.353076466736137 ], [ 82.683412947693, 25.35334719652359 ], [ 82.683504948999655, 25.353715019310897 ], [ 82.683425724323314, 25.354128059088236 ], [ 82.683204805243378, 25.354344804001226 ], [ 82.682914255530974, 25.354581856426826 ], [ 82.682782741599425, 25.354832450808129 ], [ 82.682787898476846, 25.35511229776251 ], [ 82.682873553573558, 25.355551867215254 ], [ 82.683101278736956, 25.356030663421031 ], [ 82.683227903514336, 25.356535209962495 ], [ 82.683504025913535, 25.356894853531472 ], [ 82.683802097761202, 25.35696694441787 ], [ 82.684090176523384, 25.35693075053452 ], [ 82.684413073883206, 25.356847095374619 ], [ 82.684737140924938, 25.356976650652822 ], [ 82.685036038770676, 25.357181580809183 ], [ 82.685380827281918, 25.357104542428537 ], [ 82.685895964660943, 25.356981853403202 ], [ 82.686216364249674, 25.357232250461404 ], [ 82.68645493281997, 25.357417149361421 ], [ 82.686760499120624, 25.35745996894093 ], [ 82.687055953896234, 25.357331171424882 ], [ 82.687353915863198, 25.357046714629636 ], [ 82.68762692621506, 25.356780269152985 ], [ 82.688019339909857, 25.356780130048257 ], [ 82.688466550012592, 25.356996569240234 ], [ 82.688764683191607, 25.357100220190162 ], [ 82.689092551491285, 25.357082105848995 ], [ 82.689455108810591, 25.357077372913583 ], [ 82.68986253064611, 25.35726227316189 ], [ 82.690149010930028, 25.357308753216689 ], [ 82.690478459910807, 25.357198809227633 ], [ 82.690821164265571, 25.357040694913934 ], [ 82.691143956471635, 25.356920897461261 ], [ 82.691530239818931, 25.356958548068398 ], [ 82.691818207107005, 25.35721208069717 ], [ 82.69194898909717, 25.35751406488319 ], [ 82.692113139225441, 25.357852554152906 ], [ 82.69244575988192, 25.358154560587241 ], [ 82.692893177727257, 25.358181628804452 ], [ 82.6932299468982, 25.358218905368034 ], [ 82.693454727647023, 25.358411584243171 ], [ 82.693581577258499, 25.358804200080129 ], [ 82.693693786668376, 25.359542174228331 ], [ 82.693776700404115, 25.361234679177148 ], [ 82.693828121093219, 25.361817326629584 ], [ 82.693903966156768, 25.362311111308095 ], [ 82.694008517633378, 25.362604419908209 ], [ 82.694202345494418, 25.362798397388847 ], [ 82.694490512680488, 25.362920153479987 ], [ 82.694823357937963, 25.362919998897933 ], [ 82.695310141113964, 25.362836278790517 ], [ 82.695637990707098, 25.362928652747346 ], [ 82.695841870229586, 25.363127067145935 ], [ 82.696063240390117, 25.363621250348771 ], [ 82.696390135553614, 25.363900588129294 ], [ 82.696734110120289, 25.364174932524715 ], [ 82.697029793464665, 25.364247403269758 ], [ 82.697334400810433, 25.364111877043918 ], [ 82.697774866783234, 25.364188339476971 ], [ 82.698135121614243, 25.364231835804226 ], [ 82.698647278334136, 25.364316595066235 ], [ 82.698882991815978, 25.364673794365316 ], [ 82.699201211420672, 25.365085846541724 ], [ 82.699525168010709, 25.365248451222509 ], [ 82.699900188759159, 25.365374341783298 ], [ 82.700221562901646, 25.365582499173136 ], [ 82.700606242436081, 25.36579561960658 ], [ 82.700930465377454, 25.365900381617159 ], [ 82.701511787631574, 25.366003940846408 ], [ 82.701635322092713, 25.36492061114005 ], [ 82.701759198135818, 25.364415008601913 ], [ 82.701915385060701, 25.364071022036914 ], [ 82.702409017513219, 25.362983838467404 ], [ 82.703024481767528, 25.362085337617771 ], [ 82.702994114876361, 25.361299998803183 ], [ 82.702885018925215, 25.360856938798722 ], [ 82.703147289461512, 25.360009027026837 ], [ 82.703608959645734, 25.359557457708259 ], [ 82.703982168555854, 25.359441435373316 ], [ 82.704427560704829, 25.359444527661747 ], [ 82.705725176756815, 25.359276455894634 ], [ 82.706254354914279, 25.359276113569297 ], [ 82.706231978650067, 25.35975461961841 ], [ 82.706314597672858, 25.360106567894849 ], [ 82.706600641475021, 25.361325074864414 ], [ 82.706745922648523, 25.361696448388365 ], [ 82.707218944128215, 25.3629057718972 ], [ 82.707325116877811, 25.363177211379458 ], [ 82.707426762313375, 25.363437012349511 ], [ 82.707375485332904, 25.36423060120044 ], [ 82.707089754976593, 25.364714536455523 ], [ 82.706672874784132, 25.365233820434497 ], [ 82.706538680454614, 25.365934557223259 ], [ 82.706321899400237, 25.366706642948301 ], [ 82.706162522327617, 25.367274273268809 ], [ 82.705408167940462, 25.368466190500303 ], [ 82.705175039614616, 25.368926753136044 ], [ 82.705147981900126, 25.369399512938216 ], [ 82.705130866127007, 25.369698568379921 ], [ 82.705190284523837, 25.370038598845639 ], [ 82.705270452802679, 25.370497371679118 ], [ 82.70532144204401, 25.370800780340797 ], [ 82.705494957350098, 25.371833285719543 ], [ 82.706021598560071, 25.371990991572591 ], [ 82.706344709532928, 25.372311212166615 ], [ 82.707370998953934, 25.372722996519169 ], [ 82.707964853580478, 25.373095668640804 ], [ 82.707518136261243, 25.373574433242403 ], [ 82.707706175848799, 25.374220111509217 ], [ 82.707891633782523, 25.374892091540236 ], [ 82.708458034259365, 25.374964043653847 ], [ 82.708954698463401, 25.375685835382079 ], [ 82.708993892176025, 25.37664335140477 ], [ 82.708985999523307, 25.376904516407485 ], [ 82.709140590437698, 25.377644688302084 ], [ 82.709164856503449, 25.37831068703348 ], [ 82.709022080081013, 25.378800190671015 ], [ 82.709241247239049, 25.37951778538477 ], [ 82.709347355407942, 25.379834425699677 ], [ 82.709480181279631, 25.380230797001481 ], [ 82.709416117038344, 25.380885220596706 ], [ 82.709371751398479, 25.3815081851366 ], [ 82.709342394051191, 25.382040767074045 ], [ 82.709361855960069, 25.382398475628147 ], [ 82.709688956052787, 25.3827341723869 ], [ 82.710134360459563, 25.382805816452152 ], [ 82.710470898727905, 25.383064633895607 ], [ 82.710618026816178, 25.383352190871044 ], [ 82.709262221635484, 25.38340838682106 ], [ 82.709740000172062, 25.384579922424834 ], [ 82.709781636285385, 25.384924668659576 ], [ 82.710000754585352, 25.385380612799398 ], [ 82.710856131168171, 25.385261739666348 ], [ 82.71179525694896, 25.385509427542875 ], [ 82.713964640328172, 25.386042073459549 ], [ 82.715679029652804, 25.386528801321248 ], [ 82.717246769979198, 25.3871934742528 ], [ 82.718030911991178, 25.387681354828111 ], [ 82.719068724524575, 25.388680615646429 ], [ 82.719697595807531, 25.388968097863799 ], [ 82.721264719166825, 25.389188307887053 ], [ 82.724006849987717, 25.389362516962176 ], [ 82.724468970341007, 25.389429924441913 ], [ 82.727630877420722, 25.389891048906318 ], [ 82.728861638030693, 25.389928829236347 ], [ 82.729699077967666, 25.389954522725876 ], [ 82.731363653452917, 25.38986339211279 ], [ 82.733271988580327, 25.389149710016735 ], [ 82.737320735732354, 25.386714059303795 ], [ 82.738603407223621, 25.38594239284501 ], [ 82.744325608205983, 25.382378796094699 ], [ 82.7458909696945, 25.381456144572162 ], [ 82.747044605759442, 25.380956306316929 ], [ 82.751418946909112, 25.379124072397303 ], [ 82.75542850770492, 25.377757485980048 ], [ 82.757417089952227, 25.377079663150752 ], [ 82.757901872073006, 25.376914420886393 ], [ 82.758728455687304, 25.376576923082538 ], [ 82.761179544129959, 25.375576117498674 ], [ 82.765777499297059, 25.37343568013528 ], [ 82.770768480321777, 25.371358650761223 ], [ 82.773457394962392, 25.370223557646064 ], [ 82.774362676222111, 25.370022110117763 ], [ 82.775488555055517, 25.369975848645435 ], [ 82.776505820007259, 25.37009732842515 ], [ 82.77695754609978, 25.370151257631321 ], [ 82.778721062107124, 25.370726175246674 ], [ 82.78004506568216, 25.371835148432304 ], [ 82.782743931159814, 25.374986286741123 ], [ 82.784278085011834, 25.37654958901209 ], [ 82.785589988030921, 25.378226012128529 ], [ 82.786960430107285, 25.37967204761112 ], [ 82.788828191132524, 25.381642794979115 ], [ 82.789514892094545, 25.382263857641973 ], [ 82.790495082397712, 25.382751077372337 ], [ 82.793191970112773, 25.384174641093988 ], [ 82.793558425562296, 25.384368071119749 ], [ 82.794538088304222, 25.384588587221444 ], [ 82.795762349506361, 25.384719816428593 ], [ 82.797036826811635, 25.385428717495607 ], [ 82.799047184718574, 25.386847420914744 ], [ 82.799880290701182, 25.387201502603784 ], [ 82.800416873869636, 25.387819040772268 ], [ 82.800519139872563, 25.388311493922149 ], [ 82.800324422099891, 25.388845166305732 ], [ 82.799885009461917, 25.389423704294636 ], [ 82.799543322292394, 25.389913180006094 ], [ 82.799544360102516, 25.390402068938521 ], [ 82.79964311253444, 25.390801886105876 ], [ 82.799852231291041, 25.39128474005074 ], [ 82.800784949448385, 25.393438246151195 ], [ 82.801758934475231, 25.395686969703036 ], [ 82.80207768080281, 25.395908634114644 ], [ 82.802420284228489, 25.395841357639991 ], [ 82.802663671170933, 25.395174278620335 ], [ 82.802807036641113, 25.393529594842882 ], [ 82.803246944566439, 25.393173280773393 ], [ 82.803638662175459, 25.39317258383516 ], [ 82.803981969023098, 25.393438625785581 ], [ 82.804325675455331, 25.39388246644382 ], [ 82.805014614947098, 25.395481205025312 ], [ 82.805652660718351, 25.396191150306787 ], [ 82.80653546659417, 25.396856221413103 ], [ 82.807262871081193, 25.397096302398293 ], [ 82.80854446591043, 25.397519274260056 ], [ 82.809083348292191, 25.397651624226963 ], [ 82.809573506682014, 25.397872966085608 ], [ 82.810063812411457, 25.398183175178826 ], [ 82.810505963170101, 25.398849020279815 ], [ 82.810752054834509, 25.399426333125614 ], [ 82.810997758330473, 25.39982588486891 ], [ 82.81139008185832, 25.400091818817526 ], [ 82.811732938265578, 25.400135646260772 ], [ 82.812051503965023, 25.400079155218126 ], [ 82.81393518434453, 25.39959829870762 ], [ 82.81533132756455, 25.398726762111462 ], [ 82.81589071268516, 25.398216957058999 ], [ 82.816330502016044, 25.397816173757541 ], [ 82.816623793507887, 25.397593404914627 ], [ 82.816721035992529, 25.397282127530374 ], [ 82.816720040080043, 25.396837675373988 ], [ 82.816620704408251, 25.396215663177369 ], [ 82.816570838220372, 25.395815769144999 ], [ 82.816471635841097, 25.395238189940475 ], [ 82.816615821201708, 25.394037933516959 ], [ 82.816613415609382, 25.392965180937399 ], [ 82.81661083894025, 25.391815775353198 ], [ 82.816656203165067, 25.390215705763925 ], [ 82.816947300066857, 25.38901518256462 ], [ 82.817288324310212, 25.388259007745603 ], [ 82.818069512916551, 25.38727979708306 ], [ 82.818948305933816, 25.386167047677322 ], [ 82.819811110757641, 25.384702674985306 ], [ 82.821045512871763, 25.382607586252821 ], [ 82.821297489180324, 25.382190437557338 ], [ 82.82170398820125, 25.381517476994851 ], [ 82.822032441435013, 25.381246579397548 ], [ 82.822730185990338, 25.380671102612059 ], [ 82.823512806235627, 25.380358506431381 ], [ 82.824100006229145, 25.380224067533675 ], [ 82.824687904253651, 25.380400717215569 ], [ 82.825962266239983, 25.38102052047018 ], [ 82.827825594619327, 25.382261392513758 ], [ 82.829232475394448, 25.383155358410917 ], [ 82.830963662271756, 25.38425536378514 ], [ 82.831356293046767, 25.384654595692808 ], [ 82.831552871294349, 25.384965318567083 ], [ 82.831896045458279, 25.385164649675808 ], [ 82.832581756609613, 25.385274427131296 ], [ 82.832972911573847, 25.385051450913608 ], [ 82.83341145728707, 25.384161723706409 ], [ 82.833728494444912, 25.383649989090767 ], [ 82.83419354713773, 25.383626849270001 ], [ 82.834635028744714, 25.383981556961427 ], [ 82.835322319645343, 25.384474554989094 ], [ 82.836862077668741, 25.384640909928173 ], [ 82.838700262450473, 25.384640218887579 ], [ 82.839440323904554, 25.384928576594778 ], [ 82.840856549421503, 25.38548037405975 ], [ 82.841203047021267, 25.385682924978155 ], [ 82.841617422684422, 25.38630107319959 ], [ 82.841178600648675, 25.387057509799721 ], [ 82.840690269332313, 25.387591798065024 ], [ 82.840970719142007, 25.388016281919722 ], [ 82.84299382280696, 25.388564955229004 ], [ 82.844659469167837, 25.38896161442841 ], [ 82.845442755013877, 25.388915598563614 ], [ 82.846715336103401, 25.388735232713387 ], [ 82.847154866820532, 25.388289915016507 ], [ 82.847398062025832, 25.387622765666759 ], [ 82.847591801870863, 25.386777922670941 ], [ 82.847884253088523, 25.38624401208379 ], [ 82.848275496936083, 25.386065438961506 ], [ 82.848911992601032, 25.38606414214545 ], [ 82.849744745189113, 25.386240218134589 ], [ 82.851562369181181, 25.386904780002475 ], [ 82.853371165145006, 25.387566083547469 ], [ 82.854302757592436, 25.38809748943569 ], [ 82.854548261306903, 25.388363645976614 ], [ 82.854597882437787, 25.388630193311283 ], [ 82.854452335498195, 25.389163826069801 ], [ 82.854111061799401, 25.389742312792208 ], [ 82.853867561069038, 25.390276147380892 ], [ 82.853917324287991, 25.390587129133035 ], [ 82.854309782587137, 25.390897433070613 ], [ 82.857513191565246, 25.391626990340754 ], [ 82.85798410912885, 25.391734231528584 ], [ 82.859256666699281, 25.39155378946592 ], [ 82.859500796689758, 25.391286598134446 ], [ 82.85959771417761, 25.390886404991953 ], [ 82.859400938004995, 25.390531266287439 ], [ 82.858941162572137, 25.390198941053544 ], [ 82.858419924092132, 25.389822216542235 ], [ 82.856800452672047, 25.388358965456614 ], [ 82.856014163893164, 25.387205051449882 ], [ 82.855913463349808, 25.386094160988804 ], [ 82.855912455276084, 25.385694170733451 ], [ 82.855911222390617, 25.385205277794128 ], [ 82.855910214351425, 25.384805288259951 ], [ 82.855541381089907, 25.384161620479649 ], [ 82.855271264379297, 25.383828837409879 ], [ 82.85522164467929, 25.383562287715254 ], [ 82.855269923394985, 25.383295519735881 ], [ 82.855709889830933, 25.383027952683459 ], [ 82.856003632535078, 25.383027344683558 ], [ 82.856591277702535, 25.383070555865384 ], [ 82.857448850816624, 25.383379872487435 ], [ 82.857766465572738, 25.3831347681433 ], [ 82.857618291443643, 25.382623968739459 ], [ 82.857714645706409, 25.382001544150132 ], [ 82.859377411066802, 25.381286946821049 ], [ 82.860012542476056, 25.380752289358639 ], [ 82.860451585426432, 25.380129139355088 ], [ 82.860792810148453, 25.379550646520549 ], [ 82.860816090957215, 25.37908393186596 ], [ 82.860521563267824, 25.378773430637832 ], [ 82.85910132562779, 25.378598638491891 ], [ 82.85804572154656, 25.378221233451526 ], [ 82.857581606661483, 25.37780183019397 ], [ 82.857188696268409, 25.377313748998652 ], [ 82.856990757846603, 25.376469732294424 ], [ 82.857282574322568, 25.375713565956943 ], [ 82.858161551042258, 25.374822828204092 ], [ 82.858769727997924, 25.374523878169612 ], [ 82.858119107378755, 25.372982667074275 ], [ 82.85784712456514, 25.372338351719762 ], [ 82.856561558445634, 25.369439198502814 ], [ 82.855908673620505, 25.367410992306944 ], [ 82.855439664879199, 25.365954018652346 ], [ 82.85493050041832, 25.36266972577857 ], [ 82.855201025386719, 25.359585969047153 ], [ 82.85608418676064, 25.356703107129068 ], [ 82.857746657871942, 25.35287995545956 ], [ 82.857910075887943, 25.352504107207409 ], [ 82.858298858773381, 25.352200027851211 ], [ 82.859021936506437, 25.35204686887668 ], [ 82.859634089910074, 25.352045582572803 ], [ 82.860358050768696, 25.352246245162135 ], [ 82.861231801487037, 25.352549355225687 ], [ 82.861806256081877, 25.352748623090477 ], [ 82.866315376725623, 25.353295035399835 ], [ 82.866840072593632, 25.353293910781233 ], [ 82.867316824981842, 25.353191803001614 ], [ 82.867538871064241, 25.352989143697471 ], [ 82.8676484866116, 25.352331816419412 ], [ 82.867310779873478, 25.350866745465627 ], [ 82.866581551799385, 25.348644330924234 ], [ 82.863943535108973, 25.34514182365966 ], [ 82.862469338295895, 25.343736354956576 ], [ 82.860875431510763, 25.342216699721753 ], [ 82.860620048475596, 25.342003549253423 ], [ 82.859425570244028, 25.34100666540122 ], [ 82.85837805931628, 25.34025560167839 ], [ 82.857808895747368, 25.339847511248063 ], [ 82.854912552229152, 25.338741541844858 ], [ 82.853464262392691, 25.33813799416145 ], [ 82.852736661193077, 25.338051395866216 ], [ 82.852072640831693, 25.337938676184674 ], [ 82.851350507943906, 25.338445621334944 ], [ 82.850518859971615, 25.339660417681742 ], [ 82.848967394942449, 25.342342491319055 ], [ 82.84774653286081, 25.343709706383049 ], [ 82.847302629608066, 25.344216049036113 ], [ 82.846748565806791, 25.344427072215584 ], [ 82.845391789163756, 25.344550570126636 ], [ 82.845021956160068, 25.344574490265146 ], [ 82.843297618313898, 25.344881230256682 ], [ 82.841851794533426, 25.345288494457876 ], [ 82.841111771752523, 25.345572097856603 ], [ 82.84012829279213, 25.345948999238683 ], [ 82.837965802963865, 25.347248630644344 ], [ 82.836684390438407, 25.348584164919121 ], [ 82.835796076650055, 25.349445159427098 ], [ 82.834962415320007, 25.34990168765432 ], [ 82.834572989906235, 25.349953007853458 ], [ 82.833904833750495, 25.34980267196676 ], [ 82.833616205728759, 25.349512648986575 ], [ 82.833402805216366, 25.349298212751872 ], [ 82.833067111808532, 25.348540687374221 ], [ 82.832786750549886, 25.347631427229324 ], [ 82.832832129484842, 25.343284458451475 ], [ 82.832940334927144, 25.341970078400962 ], [ 82.832993705404363, 25.341009617332396 ], [ 82.832598236072201, 25.338483110219777 ], [ 82.832539287413312, 25.337067944646382 ], [ 82.832258428471334, 25.335956484075666 ], [ 82.832085538798268, 25.335733128280591 ], [ 82.831867735187686, 25.335451781720309 ], [ 82.831644446406003, 25.335148955191706 ], [ 82.830698290114967, 25.335049700843591 ], [ 82.829920227794744, 25.335455549378732 ], [ 82.829143085255808, 25.336265779968418 ], [ 82.828495057391549, 25.336952587247914 ], [ 82.826556162906599, 25.339007522605609 ], [ 82.826119694986033, 25.339455421589655 ], [ 82.824554897416377, 25.339870589093415 ], [ 82.823386925703062, 25.340125545230233 ], [ 82.822553047952809, 25.340480934085768 ], [ 82.821163057029139, 25.340988992869008 ], [ 82.820706386710214, 25.341197482972188 ], [ 82.82005130789814, 25.341496533361873 ], [ 82.819712618329291, 25.341805444563668 ], [ 82.819385378535685, 25.342306506450658 ], [ 82.819109097539439, 25.343166292395775 ], [ 82.818944883071964, 25.344379681043904 ], [ 82.818613399206427, 25.345441737306359 ], [ 82.818114383252649, 25.346251388100466 ], [ 82.817945021381547, 25.346671562967089 ], [ 82.817727009502619, 25.34721247435683 ], [ 82.817561656633544, 25.347920404584976 ], [ 82.817602654254131, 25.348566827671117 ], [ 82.817619355576099, 25.34883010366357 ], [ 82.817622765723698, 25.350346439547145 ], [ 82.817217873359084, 25.35151371749863 ], [ 82.816819588946956, 25.352015908831465 ], [ 82.816425630049665, 25.352142447942803 ], [ 82.815901947578595, 25.352270329631914 ], [ 82.814712467046022, 25.351990563721369 ], [ 82.81413830714925, 25.351640897957502 ], [ 82.813697760884708, 25.351372596625549 ], [ 82.812910290297623, 25.350641514039463 ], [ 82.812743285556053, 25.349991903438486 ], [ 82.812326241445504, 25.348369853340852 ], [ 82.812291097006892, 25.345412388588787 ], [ 82.812264548860128, 25.343178922574339 ], [ 82.812325910187653, 25.342352274579092 ], [ 82.812871961528955, 25.341054900253269 ], [ 82.813052348389263, 25.340085230125482 ], [ 82.812824140315527, 25.339747558702587 ], [ 82.812734876811234, 25.339287621517268 ], [ 82.813338765290979, 25.338694767942307 ], [ 82.813579970535457, 25.337600679456468 ], [ 82.813696552157325, 25.336504303482158 ], [ 82.813490421849664, 25.335458990207886 ], [ 82.813301632014529, 25.334501566794177 ], [ 82.813300399710187, 25.333945563908799 ], [ 82.813596436242818, 25.333404996834172 ], [ 82.8137437511851, 25.333136030210607 ], [ 82.814517525784026, 25.332404141600104 ], [ 82.815242955983024, 25.331717985711588 ], [ 82.816186590868639, 25.33070531591293 ], [ 82.817835887134905, 25.329623207606225 ], [ 82.818575540783868, 25.32908341719061 ], [ 82.819074721038092, 25.328374832002329 ], [ 82.819240612512644, 25.327919614109955 ], [ 82.819239699448843, 25.327515252304341 ], [ 82.819111996512447, 25.326881738708206 ], [ 82.818841649977941, 25.326393026101133 ], [ 82.818178540426629, 25.325748109291858 ], [ 82.81734246318166, 25.325092549918022 ], [ 82.816561925912936, 25.324386351765096 ], [ 82.81555872447197, 25.32363000159679 ], [ 82.815223897063149, 25.323175695144052 ], [ 82.814974430875424, 25.322634921791021 ], [ 82.814943201788964, 25.32206420067515 ], [ 82.814998184655096, 25.32176082060349 ], [ 82.815442166441912, 25.321254531537274 ], [ 82.816757124566195, 25.320746236434417 ], [ 82.817945611382953, 25.320419060738871 ], [ 82.819612145641813, 25.319983113244064 ], [ 82.82083332264466, 25.319788022200321 ], [ 82.821466156208075, 25.319686923891709 ], [ 82.82382028036308, 25.319310795788276 ], [ 82.824562663811321, 25.319192184559284 ], [ 82.825014289770664, 25.318958393651762 ], [ 82.82545077198067, 25.318280641478431 ], [ 82.825505349872373, 25.317825623878921 ], [ 82.825410264395984, 25.31707075939585 ], [ 82.825056447442478, 25.316158426359404 ], [ 82.824441896398071, 25.315047570578503 ], [ 82.823605043800356, 25.314038206459045 ], [ 82.82159803332992, 25.312222298215712 ], [ 82.820595236709195, 25.311617612765552 ], [ 82.820160482656505, 25.311486851104032 ], [ 82.819760147145388, 25.311366440778439 ], [ 82.818258015678211, 25.311369241045458 ], [ 82.816700731200399, 25.311574326156546 ], [ 82.815310890122888, 25.312031811845923 ], [ 82.814254281117158, 25.312235949259989 ], [ 82.812640878715058, 25.312238907353912 ], [ 82.812086476980454, 25.312032682023993 ], [ 82.811694331817847, 25.311886806006264 ], [ 82.811025489796776, 25.311332002565315 ], [ 82.810634940047933, 25.310827236587183 ], [ 82.810355653447402, 25.310322264605748 ], [ 82.809795441085811, 25.308554124094627 ], [ 82.809515276382712, 25.307644779268539 ], [ 82.809012490388284, 25.306685289345157 ], [ 82.808350099692262, 25.306049614856267 ], [ 82.80700654061701, 25.305223007370177 ], [ 82.805837308123557, 25.304770179780572 ], [ 82.804167810480422, 25.304520432167866 ], [ 82.802776698041242, 25.304371251526685 ], [ 82.801830736095638, 25.304271832324453 ], [ 82.801218499448694, 25.304121261843306 ], [ 82.800550164997176, 25.303768606528845 ], [ 82.799547088871705, 25.302961599816829 ], [ 82.798012452872129, 25.301357204044177 ], [ 82.797665335798186, 25.300994321134862 ], [ 82.796000984448199, 25.299254221617012 ], [ 82.795164956120033, 25.298497453726146 ], [ 82.794273830910726, 25.297993506669549 ], [ 82.793760431715526, 25.29784869184099 ], [ 82.793383251258135, 25.297742292600642 ], [ 82.79281778138963, 25.297743263206005 ], [ 82.792215169575698, 25.297794853294544 ], [ 82.791492176984704, 25.297897179161513 ], [ 82.790602035427824, 25.297848132959096 ], [ 82.789877916012898, 25.297394436289483 ], [ 82.78697950161478, 25.29456861950041 ], [ 82.786355621159061, 25.293438067807664 ], [ 82.785862629188344, 25.292447478662172 ], [ 82.785080507240906, 25.290780663862847 ], [ 82.784019747408536, 25.288861589912774 ], [ 82.783573422207382, 25.288205201073907 ], [ 82.783183236876653, 25.287801448028482 ], [ 82.782737627781998, 25.287498893523935 ], [ 82.782125349717646, 25.28729770442035 ], [ 82.781124306150957, 25.287400460955695 ], [ 82.779845261923867, 25.287554213733163 ], [ 82.778899611482302, 25.287555756978477 ], [ 82.778120484031476, 25.28735482769687 ], [ 82.774890509873359, 25.285439187353795 ], [ 82.774277663767634, 25.284934679584335 ], [ 82.773609715701696, 25.284683017251204 ], [ 82.773210370497694, 25.28468365564234 ], [ 82.772719729751884, 25.284684439971308 ], [ 82.77194129155464, 25.28483731726314 ], [ 82.771273994390228, 25.284939470148728 ], [ 82.77049506897238, 25.284839612859621 ], [ 82.766236248980775, 25.283699115689462 ], [ 82.764912840100209, 25.283380581809951 ], [ 82.763942626043033, 25.283301942185833 ], [ 82.762936802352513, 25.283368231403475 ], [ 82.762512560632985, 25.283518953118779 ], [ 82.762265971207, 25.283831873139071 ], [ 82.761654950296503, 25.285031640615127 ], [ 82.761243556017206, 25.286050230257388 ], [ 82.760990667704917, 25.286420409403156 ], [ 82.760701900506888, 25.286544029173168 ], [ 82.760112255514329, 25.286544927246567 ], [ 82.759539197861116, 25.286514368885157 ], [ 82.758814758280963, 25.286471889572496 ], [ 82.758119131355016, 25.286547945849719 ], [ 82.757599481687535, 25.286757720318178 ], [ 82.756454636693832, 25.287640992950557 ], [ 82.755988071384706, 25.287853858775438 ], [ 82.755573463711485, 25.288043024122981 ], [ 82.755044334896027, 25.288043814385169 ], [ 82.754250326868544, 25.287884719550849 ], [ 82.75078862672602, 25.286403081960199 ], [ 82.74771940296425, 25.285089353522615 ], [ 82.746925173790544, 25.284769913321473 ], [ 82.74530169623668, 25.284698490025828 ], [ 82.743486006003025, 25.284855001031012 ], [ 82.741899717162923, 25.285498385674547 ], [ 82.741283086267941, 25.285899955985609 ], [ 82.740402034514617, 25.286382064935445 ], [ 82.738945844206626, 25.286454737858797 ], [ 82.736521867694719, 25.285955206871169 ], [ 82.73572710025536, 25.285827564375797 ], [ 82.734050595092171, 25.285268889923991 ], [ 82.732727128771714, 25.284869983450879 ], [ 82.731377032235656, 25.284817877521977 ], [ 82.730081880764601, 25.285113996083741 ], [ 82.72858386936403, 25.285837263448748 ], [ 82.727438059018823, 25.286239506422781 ], [ 82.726908936654539, 25.286240208922393 ], [ 82.726261195587014, 25.285884328332514 ], [ 82.726026022936779, 25.285600245287025 ], [ 82.725773701876477, 25.28483994591085 ], [ 82.725141091617658, 25.283678011051492 ], [ 82.724799739086478, 25.281572207728836 ], [ 82.724517672936912, 25.279832011735579 ], [ 82.724428098585975, 25.278950568843509 ], [ 82.724461706360344, 25.278687583125713 ], [ 82.724602283344751, 25.277587922216672 ], [ 82.725305182245009, 25.275984137911109 ], [ 82.726361827285757, 25.275021037414131 ], [ 82.726537690471659, 25.274700226983359 ], [ 82.726800750401338, 25.273772359537407 ], [ 82.726887837863444, 25.273096912737355 ], [ 82.727335692242704, 25.271688324492708 ], [ 82.727412914160723, 25.270611778171677 ], [ 82.727587221157748, 25.269329253199629 ], [ 82.727762137275775, 25.268447433911341 ], [ 82.728113548017376, 25.267645550117503 ], [ 82.728678490427484, 25.267001797215176 ], [ 82.729169738836646, 25.266441982756849 ], [ 82.730049139936725, 25.26499821859645 ], [ 82.730639758514471, 25.263848573429279 ], [ 82.731367576344397, 25.262431821369624 ], [ 82.732684381497563, 25.25890369709731 ], [ 82.733248855186474, 25.256498797653144 ], [ 82.734040441458149, 25.253126238426333 ], [ 82.733711078877832, 25.253058000656551 ], [ 82.733127636116635, 25.252998955911501 ], [ 82.732592002857459, 25.25306215866965 ], [ 82.731984154200347, 25.253311993068753 ], [ 82.731428385652777, 25.253438766537439 ], [ 82.730981517134921, 25.253217930226061 ], [ 82.730633974921133, 25.25306018815979 ], [ 82.730251845041892, 25.253123713894123 ], [ 82.729457710410898, 25.253124269603255 ], [ 82.729010986400695, 25.253061360574261 ], [ 82.728147190594271, 25.252809236278356 ], [ 82.7275028997595, 25.252564230641376 ], [ 82.727005369509286, 25.252494048460861 ], [ 82.726256417616653, 25.25259186100384 ], [ 82.725035190873314, 25.252748196677675 ], [ 82.723958279549933, 25.25296552963794 ], [ 82.723610864765234, 25.252965844088774 ], [ 82.723164154203815, 25.252808092734909 ], [ 82.722894874008645, 25.252701202019743 ], [ 82.722608067521293, 25.252587349902097 ], [ 82.72192562125602, 25.252587784795928 ], [ 82.721466495805004, 25.252588066990597 ], [ 82.721158853865631, 25.252683046555383 ], [ 82.720191287675988, 25.252968074954797 ], [ 82.719774213220376, 25.252747152027688 ], [ 82.719530885268313, 25.25249459170395 ], [ 82.719180412983036, 25.252246566756106 ], [ 82.718858083133867, 25.25227834338693 ], [ 82.718493395018939, 25.252373311759062 ], [ 82.718150752601588, 25.252141917467338 ], [ 82.717698982961551, 25.251963143013004 ], [ 82.717147963050408, 25.251789701231505 ], [ 82.716817691114414, 25.251489782987086 ], [ 82.71679565336693, 25.25105196263803 ], [ 82.716718611106472, 25.250630692438264 ], [ 82.716106845096562, 25.250570781626902 ], [ 82.715072377410195, 25.250515891607971 ], [ 82.7144470423397, 25.250484688674689 ], [ 82.714017818849157, 25.250627125460792 ], [ 82.713966104774684, 25.251148491973847 ], [ 82.71372335403538, 25.251807568658741 ], [ 82.713445745051501, 25.25225008394218 ], [ 82.713173061254807, 25.252719669674988 ], [ 82.713208181625646, 25.253130379647665 ], [ 82.713347455114601, 25.253631322168467 ], [ 82.71372503367607, 25.254041830050117 ], [ 82.713829474068717, 25.254389273095306 ], [ 82.713829826376795, 25.254921925067109 ], [ 82.713587186878655, 25.255648753337656 ], [ 82.713384447516205, 25.256687056487838 ], [ 82.713449534752016, 25.257503957351968 ], [ 82.713623805727551, 25.258194389232145 ], [ 82.713351144100002, 25.258636908948166 ], [ 82.713108459807643, 25.259393103253597 ], [ 82.713108698197459, 25.259769990120105 ], [ 82.713005101200025, 25.260528348923732 ], [ 82.712925517731691, 25.261307878191548 ], [ 82.7126583087868, 25.26147186520534 ], [ 82.712176858831668, 25.261535347409598 ], [ 82.711174313810631, 25.261630780690723 ], [ 82.710032583808541, 25.261473457516146 ], [ 82.709307789600203, 25.261221111659772 ], [ 82.708478703688527, 25.260968816449267 ], [ 82.708270094102531, 25.260779331498707 ], [ 82.708200356127904, 25.260436324187481 ], [ 82.708110240986286, 25.260109445364268 ], [ 82.707753332427842, 25.260025911463156 ], [ 82.706820259281088, 25.260184361086221 ], [ 82.705817799196609, 25.260374488277193 ], [ 82.704487278782793, 25.260705857221115 ], [ 82.704056057326468, 25.260813261433363 ], [ 82.702775649934466, 25.261193076598385 ], [ 82.701669023637464, 25.261446487858741 ], [ 82.699022380855141, 25.261866505426742 ], [ 82.697451849560309, 25.26202988798978 ], [ 82.695792468995677, 25.261950440626784 ], [ 82.694164279627216, 25.261824844993289 ], [ 82.693439569935705, 25.261730384680451 ], [ 82.692958130357198, 25.261694485299234 ], [ 82.692302834180083, 25.261442037186786 ], [ 82.691920407895381, 25.26112629706796 ], [ 82.691230194792553, 25.26062561156639 ], [ 82.690778360571471, 25.260215055817262 ], [ 82.690639189717899, 25.259966870443936 ], [ 82.69040042501878, 25.259082279155589 ], [ 82.690290710463557, 25.258143523412098 ], [ 82.689843790134276, 25.257579521250896 ], [ 82.689309833828062, 25.257107987779673 ], [ 82.688910268198015, 25.256848669034028 ], [ 82.688116087763859, 25.25684899849551 ], [ 82.687148479096351, 25.257228593721649 ], [ 82.685386655426086, 25.257640091255901 ], [ 82.683844813150301, 25.257795265908577 ], [ 82.682790854477844, 25.25785777771776 ] ] ] } }
]
}
